2674.1a84: \SystemRoot\System32\ntdll.dll:
2674.1a84:     CreationTime:    2024-11-25T16:31:34.039856900Z
2674.1a84:     LastWriteTime:   2024-11-25T16:31:34.118276800Z
2674.1a84:     ChangeTime:      2024-11-25T17:22:55.627136900Z
2674.1a84:     FileAttributes:  0x20
2674.1a84:     Size:            0x216090
2674.1a84:     NT Headers:      0xe8
2674.1a84:     Timestamp:       0xf9f266e7
2674.1a84:     Machine:         0x8664 - amd64
2674.1a84:     Timestamp:       0xf9f266e7
2674.1a84:     Image Version:   10.0
2674.1a84:     SizeOfImage:     0x217000 (2191360)
2674.1a84:     Resource Dir:    0x1a0000 LB 0x759a8
2674.1a84:     [Version info resource found at 0xd8! (ID/Name: 0x1; SubID/SubName: 0x409)]
2674.1a84:     [Raw version resource data: 0x1a00f0 LB 0x380, codepage 0x0 (reserved 0x0)]
2674.1a84:     ProductName:     Microsoft® Windows® Operating System
2674.1a84:     ProductVersion:  10.0.22621.4317
2674.1a84:     FileVersion:     10.0.22621.4317 (WinBuild.160101.0800)
2674.1a84:     FileDescription: NT Layer DLL
2674.1a84: \SystemRoot\System32\kernel32.dll:
2674.1a84:     CreationTime:    2024-11-25T16:31:33.195943400Z
2674.1a84:     LastWriteTime:   2024-11-25T16:31:33.230277100Z
2674.1a84:     ChangeTime:      2024-11-25T17:22:46.785018000Z
2674.1a84:     FileAttributes:  0x20
2674.1a84:     Size:            0xc7168
2674.1a84:     NT Headers:      0xe8
2674.1a84:     Timestamp:       0xa9f358b9
2674.1a84:     Machine:         0x8664 - amd64
2674.1a84:     Timestamp:       0xa9f358b9
2674.1a84:     Image Version:   10.0
2674.1a84:     SizeOfImage:     0xc4000 (802816)
2674.1a84:     Resource Dir:    0xc2000 LB 0x520
2674.1a84:     [Version info resource found at 0x90! (ID/Name: 0x1; SubID/SubName: 0x409)]
2674.1a84:     [Raw version resource data: 0xc20b0 LB 0x3a4, codepage 0x0 (reserved 0x0)]
2674.1a84:     ProductName:     Microsoft® Windows® Operating System
2674.1a84:     ProductVersion:  10.0.22621.3958
2674.1a84:     FileVersion:     10.0.22621.3958 (WinBuild.160101.0800)
2674.1a84:     FileDescription: Windows NT BASE API Client DLL
2674.1a84: \SystemRoot\System32\KernelBase.dll:
2674.1a84:     CreationTime:    2024-11-25T16:31:35.457091000Z
2674.1a84:     LastWriteTime:   2024-11-25T16:31:35.705850500Z
2674.1a84:     ChangeTime:      2024-11-25T17:22:54.502373100Z
2674.1a84:     FileAttributes:  0x20
2674.1a84:     Size:            0x3bdba0
2674.1a84:     NT Headers:      0xf8
2674.1a84:     Timestamp:       0xcf64c6a
2674.1a84:     Machine:         0x8664 - amd64
2674.1a84:     Timestamp:       0xcf64c6a
2674.1a84:     Image Version:   10.0
2674.1a84:     SizeOfImage:     0x3b7000 (3895296)
2674.1a84:     Resource Dir:    0x386000 LB 0x548
2674.1a84:     [Version info resource found at 0x90! (ID/Name: 0x1; SubID/SubName: 0x409)]
2674.1a84:     [Raw version resource data: 0x3860b0 LB 0x3bc, codepage 0x0 (reserved 0x0)]
2674.1a84:     ProductName:     Microsoft® Windows® Operating System
2674.1a84:     ProductVersion:  10.0.22621.4249
2674.1a84:     FileVersion:     10.0.22621.4249 (WinBuild.160101.0800)
2674.1a84:     FileDescription: Windows NT BASE API Client DLL
2674.1a84: \SystemRoot\System32\apisetschema.dll:
2674.1a84:     CreationTime:    2024-11-25T16:30:33.456618000Z
2674.1a84:     LastWriteTime:   2024-11-25T16:30:33.458504000Z
2674.1a84:     ChangeTime:      2024-11-25T17:22:51.456252800Z
2674.1a84:     FileAttributes:  0x20
2674.1a84:     Size:            0x245e0
2674.1a84:     NT Headers:      0xc8
2674.1a84:     Timestamp:       0x8f476251
2674.1a84:     Machine:         0x8664 - amd64
2674.1a84:     Timestamp:       0x8f476251
2674.1a84:     Image Version:   10.0
2674.1a84:     SizeOfImage:     0x23000 (143360)
2674.1a84:     Resource Dir:    0x22000 LB 0x408
2674.1a84:     [Version info resource found at 0x48! (ID/Name: 0x1; SubID/SubName: 0x409)]
2674.1a84:     [Raw version resource data: 0x22060 LB 0x3a8, codepage 0x0 (reserved 0x0)]
2674.1a84:     ProductName:     Microsoft® Windows® Operating System
2674.1a84:     ProductVersion:  10.0.22621.3958
2674.1a84:     FileVersion:     10.0.22621.3958 (WinBuild.160101.0800)
2674.1a84:     FileDescription: ApiSet Schema DLL
2674.1a84: supR3HardenedWinFindAdversaries: 0x0
2674.1a84: supR3HardenedWinInitAppBin(0x0): '\Device\HarddiskVolume3\Program Files\Oracle\VirtualBox'
2674.1a84: Calling main()
2674.1a84: SUPR3HardenedMain: pszProgName=VirtualBoxVM fFlags=0x2
2674.1a84: supR3HardenedWinInitAppBin(0x2): '\Device\HarddiskVolume3\Program Files\Oracle\VirtualBox'
2674.1a84: SUPR3HardenedMain: Respawn #1
2674.1a84: System32:  \Device\HarddiskVolume3\Windows\System32
2674.1a84: WinSxS:    \Device\HarddiskVolume3\Windows\WinSxS
2674.1a84: KnownDllPath: C:\Windows\System32
2674.1a84: supR3HardenedWinInit: Performing a limited self purification...
2674.1a84: supHardNtVpScanVirtualMemory: enmKind=SELF_PURIFICATION
2674.1a84:  *0000000000000000-000000007ffdffff 0x0001/0x0000 0x0000000
2674.1a84:  *000000007ffe0000-000000007ffe0fff 0x0002/0x0002 0x0020000
2674.1a84:   000000007ffe1000-000000007ffebfff 0x0001/0x0000 0x0000000
2674.1a84:  *000000007ffec000-000000007ffecfff 0x0002/0x0002 0x0020000
2674.1a84:   000000007ffed000-000000c2d44dffff 0x0001/0x0000 0x0000000
2674.1a84:  *000000c2d44e0000-000000c2d4598fff 0x0000/0x0004 0x0020000
2674.1a84:   000000c2d4599000-000000c2d459bfff 0x0104/0x0004 0x0020000
2674.1a84:   000000c2d459c000-000000c2d45dffff 0x0004/0x0004 0x0020000
2674.1a84:   000000c2d45e0000-000000c2d45fffff 0x0001/0x0000 0x0000000
2674.1a84:  *000000c2d4600000-000000c2d4740fff 0x0000/0x0004 0x0020000
2674.1a84:   000000c2d4741000-000000c2d4743fff 0x0004/0x0004 0x0020000
2674.1a84:   000000c2d4744000-000000c2d47fffff 0x0000/0x0004 0x0020000
2674.1a84:   000000c2d4800000-0000027e42c2ffff 0x0001/0x0000 0x0000000
2674.1a84:  *0000027e42c30000-0000027e42c3ffff 0x0004/0x0004 0x0040000
2674.1a84:  *0000027e42c40000-0000027e42c42fff 0x0002/0x0002 0x0040000
2674.1a84:   0000027e42c43000-0000027e42c4ffff 0x0001/0x0000 0x0000000
2674.1a84:  *0000027e42c50000-0000027e42c6efff 0x0002/0x0002 0x0040000
2674.1a84:   0000027e42c6f000-0000027e42c6ffff 0x0001/0x0000 0x0000000
2674.1a84:  *0000027e42c70000-0000027e42c73fff 0x0002/0x0002 0x0040000
2674.1a84:   0000027e42c74000-0000027e42c7ffff 0x0001/0x0000 0x0000000
2674.1a84:  *0000027e42c80000-0000027e42c80fff 0x0002/0x0002 0x0040000
2674.1a84:   0000027e42c81000-0000027e42c8ffff 0x0001/0x0000 0x0000000
2674.1a84:  *0000027e42c90000-0000027e42c91fff 0x0004/0x0004 0x0020000
2674.1a84:   0000027e42c92000-0000027e42c9ffff 0x0001/0x0000 0x0000000
2674.1a84:  *0000027e42ca0000-0000027e42ca2fff 0x0002/0x0002 0x0040000
2674.1a84:   0000027e42ca3000-0000027e42caffff 0x0001/0x0000 0x0000000
2674.1a84:  *0000027e42cb0000-0000027e42cb0fff 0x0004/0x0004 0x0020000
2674.1a84:   0000027e42cb1000-0000027e42cbefff 0x0000/0x0004 0x0020000
2674.1a84:   0000027e42cbf000-0000027e42cbffff 0x0001/0x0000 0x0000000
2674.1a84:  *0000027e42cc0000-0000027e42d8dfff 0x0002/0x0002 0x0040000
2674.1a84:   0000027e42d8e000-0000027e42d8ffff 0x0001/0x0000 0x0000000
2674.1a84:  *0000027e42d90000-0000027e42d93fff 0x0002/0x0002 0x0040000
2674.1a84:   0000027e42d94000-0000027e42d9ffff 0x0001/0x0000 0x0000000
2674.1a84:  *0000027e42da0000-0000027e42da3fff 0x0002/0x0002 0x0040000
2674.1a84:   0000027e42da4000-0000027e42daffff 0x0001/0x0000 0x0000000
2674.1a84:  *0000027e42db0000-0000027e42db0fff 0x0002/0x0002 0x0040000
2674.1a84:   0000027e42db1000-0000027e42dbffff 0x0001/0x0000 0x0000000
2674.1a84:  *0000027e42dc0000-0000027e42dc0fff 0x0004/0x0004 0x0020000
2674.1a84:   0000027e42dc1000-0000027e42dcefff 0x0000/0x0004 0x0020000
2674.1a84:   0000027e42dcf000-0000027e42dfffff 0x0001/0x0000 0x0000000
2674.1a84:  *0000027e42e00000-0000027e42e0dfff 0x0004/0x0004 0x0020000
2674.1a84:   0000027e42e0e000-0000027e42e12fff 0x0000/0x0004 0x0020000
2674.1a84:   0000027e42e13000-0000027e42e16fff 0x0004/0x0004 0x0020000
2674.1a84:   0000027e42e17000-0000027e42efffff 0x0000/0x0004 0x0020000
2674.1a84:   0000027e42f00000-0000027e42f11fff 0x0004/0x0004 0x0020000
2674.1a84:   0000027e42f12000-0000027e42f12fff 0x0000/0x0004 0x0020000
2674.1a84:   0000027e42f13000-0000027e42f2dfff 0x0004/0x0004 0x0020000
2674.1a84:   0000027e42f2e000-0000027e42f2efff 0x0000/0x0004 0x0020000
2674.1a84:   0000027e42f2f000-0000027e42f3cfff 0x0004/0x0004 0x0020000
2674.1a84:   0000027e42f3d000-0000027e42f45fff 0x0000/0x0004 0x0020000
2674.1a84:   0000027e42f46000-0000027e42f48fff 0x0004/0x0004 0x0020000
2674.1a84:   0000027e42f49000-0000027e42ffffff 0x0000/0x0004 0x0020000
2674.1a84:  *0000027e43000000-0000027e43001fff 0x0004/0x0004 0x0020000
2674.1a84:   0000027e43002000-0000027e4300ffff 0x0000/0x0004 0x0020000
2674.1a84:   0000027e43010000-0000027e43226fff 0x0004/0x0004 0x0020000
2674.1a84:   0000027e43227000-0000027e43ffffff 0x0000/0x0004 0x0020000
2674.1a84:   0000027e44000000-00007df4dc77ffff 0x0001/0x0000 0x0000000
2674.1a84:  *00007df4dc780000-00007df4dc784fff 0x0002/0x0002 0x0040000
2674.1a84:   00007df4dc785000-00007df4dc87ffff 0x0000/0x0002 0x0040000
2674.1a84:  *00007df4dc880000-00007df4e1847fff 0x0000/0x0004 0x0020000
2674.1a84:   00007df4e1848000-00007df4e1848fff 0x0004/0x0004 0x0020000
2674.1a84:   00007df4e1849000-00007df5dc87ffff 0x0000/0x0004 0x0020000
2674.1a84:   00007df5dc880000-00007df5dc880fff 0x0004/0x0004 0x0020000
2674.1a84:   00007df5dc881000-00007df5dc89ffff 0x0000/0x0004 0x0020000
2674.1a84:  *00007df5dc8a0000-00007df5dc93efff 0x0000/0x0004 0x0020000
2674.1a84:   00007df5dc93f000-00007df5dc93ffff 0x0004/0x0004 0x0020000
2674.1a84:   00007df5dc940000-00007df5de89ffff 0x0000/0x0004 0x0020000
2674.1a84:   00007df5de8a0000-00007df5de8a0fff 0x0004/0x0004 0x0020000
2674.1a84:   00007df5de8a1000-00007df5de8affff 0x0001/0x0000 0x0000000
2674.1a84:  *00007df5de8b0000-00007df5de8b0fff 0x0002/0x0002 0x0040000
2674.1a84:   00007df5de8b1000-00007df5de8bffff 0x0001/0x0000 0x0000000
2674.1a84:  *00007df5de8c0000-00007df5e05a9fff 0x0000/0x0001 0x0040000
2674.1a84:   00007df5e05aa000-00007df5e05c6fff 0x0001/0x0001 0x0040000
2674.1a84:   00007df5e05c7000-00007df5e06a4fff 0x0000/0x0001 0x0040000
2674.1a84:   00007df5e06a5000-00007df5e06a5fff 0x0001/0x0001 0x0040000
2674.1a84:   00007df5e06a6000-00007ff5bcc46fff 0x0000/0x0001 0x0040000
2674.1a84:   00007ff5bcc47000-00007ff5bcc4bfff 0x0002/0x0001 0x0040000
2674.1a84:   00007ff5bcc4c000-00007ff5c9fddfff 0x0000/0x0001 0x0040000
2674.1a84:   00007ff5c9fde000-00007ff5cd30bfff 0x0001/0x0001 0x0040000
2674.1a84:   00007ff5cd30c000-00007ff5cd30ffff 0x0002/0x0001 0x0040000
2674.1a84:   00007ff5cd310000-00007ff5cd3f7fff 0x0001/0x0001 0x0040000
2674.1a84:   00007ff5cd3f8000-00007ff5cd407fff 0x0002/0x0001 0x0040000
2674.1a84:   00007ff5cd408000-00007ff5cd42efff 0x0001/0x0001 0x0040000
2674.1a84:   00007ff5cd42f000-00007ff5cd432fff 0x0002/0x0001 0x0040000
2674.1a84:   00007ff5cd433000-00007ff5cd49cfff 0x0001/0x0001 0x0040000
2674.1a84:   00007ff5cd49d000-00007ff5cd4a5fff 0x0002/0x0001 0x0040000
2674.1a84:   00007ff5cd4a6000-00007ff5de8bffff 0x0000/0x0001 0x0040000
2674.1a84:   00007ff5de8c0000-00007ff78e1dffff 0x0001/0x0000 0x0000000
2674.1a84:  *00007ff78e1e0000-00007ff78e1e0fff 0x0002/0x0080 0x1000000  \Device\HarddiskVolume3\Program Files\Oracle\VirtualBox\VirtualBoxVM.exe
2674.1a84:   00007ff78e1e1000-00007ff78e24bfff 0x0020/0x0080 0x1000000  \Device\HarddiskVolume3\Program Files\Oracle\VirtualBox\VirtualBoxVM.exe
2674.1a84:   00007ff78e24c000-00007ff78e24cfff 0x0080/0x0080 0x1000000  \Device\HarddiskVolume3\Program Files\Oracle\VirtualBox\VirtualBoxVM.exe
2674.1a84:   00007ff78e24d000-00007ff78e2a1fff 0x0002/0x0080 0x1000000  \Device\HarddiskVolume3\Program Files\Oracle\VirtualBox\VirtualBoxVM.exe
2674.1a84:   00007ff78e2a2000-00007ff78e2a4fff 0x0004/0x0080 0x1000000  \Device\HarddiskVolume3\Program Files\Oracle\VirtualBox\VirtualBoxVM.exe
2674.1a84:   00007ff78e2a5000-00007ff78e2a8fff 0x0008/0x0080 0x1000000  \Device\HarddiskVolume3\Program Files\Oracle\VirtualBox\VirtualBoxVM.exe
2674.1a84:   00007ff78e2a9000-00007ff78e2adfff 0x0004/0x0080 0x1000000  \Device\HarddiskVolume3\Program Files\Oracle\VirtualBox\VirtualBoxVM.exe
2674.1a84:   00007ff78e2ae000-00007ff78e2aefff 0x0008/0x0080 0x1000000  \Device\HarddiskVolume3\Program Files\Oracle\VirtualBox\VirtualBoxVM.exe
2674.1a84:   00007ff78e2af000-00007ff78e2e9fff 0x0002/0x0080 0x1000000  \Device\HarddiskVolume3\Program Files\Oracle\VirtualBox\VirtualBoxVM.exe
2674.1a84:   00007ff78e2ea000-00007ffba932ffff 0x0001/0x0000 0x0000000
2674.1a84:  *00007ffba9330000-00007ffba9330fff 0x0002/0x0080 0x1000000  \Device\HarddiskVolume3\Windows\System32\apphelp.dll
2674.1a84:   00007ffba9331000-00007ffba9382fff 0x0020/0x0080 0x1000000  \Device\HarddiskVolume3\Windows\System32\apphelp.dll
2674.1a84:   00007ffba9383000-00007ffba93a6fff 0x0002/0x0080 0x1000000  \Device\HarddiskVolume3\Windows\System32\apphelp.dll
2674.1a84:   00007ffba93a7000-00007ffba93a9fff 0x0004/0x0080 0x1000000  \Device\HarddiskVolume3\Windows\System32\apphelp.dll
2674.1a84:   00007ffba93aa000-00007ffba93c6fff 0x0002/0x0080 0x1000000  \Device\HarddiskVolume3\Windows\System32\apphelp.dll
2674.1a84:   00007ffba93c7000-00007ffbace0ffff 0x0001/0x0000 0x0000000
2674.1a84:  *00007ffbace10000-00007ffbace10fff 0x0002/0x0080 0x1000000  \Device\HarddiskVolume3\Windows\System32\KernelBase.dll
2674.1a84:   00007ffbace11000-00007ffbacfaefff 0x0020/0x0080 0x1000000  \Device\HarddiskVolume3\Windows\System32\KernelBase.dll
2674.1a84:   00007ffbacfaf000-00007ffbad174fff 0x0002/0x0080 0x1000000  \Device\HarddiskVolume3\Windows\System32\KernelBase.dll
2674.1a84:   00007ffbad175000-00007ffbad179fff 0x0004/0x0080 0x1000000  \Device\HarddiskVolume3\Windows\System32\KernelBase.dll
2674.1a84:   00007ffbad17a000-00007ffbad17afff 0x0008/0x0080 0x1000000  \Device\HarddiskVolume3\Windows\System32\KernelBase.dll
2674.1a84:   00007ffbad17b000-00007ffbad1c6fff 0x0002/0x0080 0x1000000  \Device\HarddiskVolume3\Windows\System32\KernelBase.dll
2674.1a84:   00007ffbad1c7000-00007ffbadbeffff 0x0001/0x0000 0x0000000
2674.1a84:  *00007ffbadbf0000-00007ffbadbf0fff 0x0002/0x0080 0x1000000  \Device\HarddiskVolume3\Windows\System32\kernel32.dll
2674.1a84:   00007ffbadbf1000-00007ffbadc71fff 0x0020/0x0080 0x1000000  \Device\HarddiskVolume3\Windows\System32\kernel32.dll
2674.1a84:   00007ffbadc72000-00007ffbadca8fff 0x0002/0x0080 0x1000000  \Device\HarddiskVolume3\Windows\System32\kernel32.dll
2674.1a84:   00007ffbadca9000-00007ffbadca9fff 0x0004/0x0080 0x1000000  \Device\HarddiskVolume3\Windows\System32\kernel32.dll
2674.1a84:   00007ffbadcaa000-00007ffbadcaafff 0x0008/0x0080 0x1000000  \Device\HarddiskVolume3\Windows\System32\kernel32.dll
2674.1a84:   00007ffbadcab000-00007ffbadcb3fff 0x0002/0x0080 0x1000000  \Device\HarddiskVolume3\Windows\System32\kernel32.dll
2674.1a84:   00007ffbadcb4000-00007ffbaf74ffff 0x0001/0x0000 0x0000000
2674.1a84:  *00007ffbaf750000-00007ffbaf750fff 0x0002/0x0080 0x1000000  \Device\HarddiskVolume3\Windows\System32\ntdll.dll
2674.1a84:   00007ffbaf751000-00007ffbaf881fff 0x0020/0x0080 0x1000000  \Device\HarddiskVolume3\Windows\System32\ntdll.dll
2674.1a84:   00007ffbaf882000-00007ffbaf8cffff 0x0002/0x0080 0x1000000  \Device\HarddiskVolume3\Windows\System32\ntdll.dll
2674.1a84:   00007ffbaf8d0000-00007ffbaf8d0fff 0x0004/0x0080 0x1000000  \Device\HarddiskVolume3\Windows\System32\ntdll.dll
2674.1a84:   00007ffbaf8d1000-00007ffbaf8d2fff 0x0008/0x0080 0x1000000  \Device\HarddiskVolume3\Windows\System32\ntdll.dll
2674.1a84:   00007ffbaf8d3000-00007ffbaf8dbfff 0x0004/0x0080 0x1000000  \Device\HarddiskVolume3\Windows\System32\ntdll.dll
2674.1a84:   00007ffbaf8dc000-00007ffbaf966fff 0x0002/0x0080 0x1000000  \Device\HarddiskVolume3\Windows\System32\ntdll.dll
2674.1a84:   00007ffbaf967000-00007ffffffeffff 0x0001/0x0000 0x0000000
2674.1a84: kernel32.dll: timestamp 0xa9f358b9 (rc=VINF_SUCCESS)
2674.1a84: kernelbase.dll: timestamp 0xcf64c6a (rc=VINF_SUCCESS)
2674.1a84: apphelp.dll: timestamp 0x114ea630 (rc=VINF_SUCCESS)
2674.1a84: VirtualBoxVM.exe: timestamp 0x68c1bc1a (rc=VINF_SUCCESS)
2674.1a84: '\Device\HarddiskVolume3\Program Files\Oracle\VirtualBox\VirtualBoxVM.exe' has no imports
2674.1a84: VirtualBoxVM.exe: Differences in section #7 (.00cfg) between file and memory:
2674.1a84:   00007ff78e2b6000 / 0x00d6000: 50 != f0
2674.1a84:   00007ff78e2b6001 / 0x00d6001: e9 != f0
2674.1a84:   00007ff78e2b6002 / 0x00d6002: 1f != 7d
2674.1a84:   00007ff78e2b6003 / 0x00d6003: 8e != af
2674.1a84:   00007ff78e2b6004 / 0x00d6004: f7 != fb
2674.1a84:   00007ff78e2b6008 / 0x00d6008: 50 != f0
2674.1a84:   00007ff78e2b6009 / 0x00d6009: e9 != f0
2674.1a84:   00007ff78e2b600a / 0x00d600a: 1f != 7d
2674.1a84:   00007ff78e2b600b / 0x00d600b: 8e != af
2674.1a84:   00007ff78e2b600c / 0x00d600c: f7 != fb
2674.1a84:   00007ff78e2b6010 / 0x00d6010: a0 != 30
2674.1a84:   00007ff78e2b6011 / 0x00d6011: bc != f2
2674.1a84:   00007ff78e2b6012 / 0x00d6012: 24 != 7d
2674.1a84:   00007ff78e2b6013 / 0x00d6013: 8e != af
2674.1a84:   00007ff78e2b6014 / 0x00d6014: f7 != fb
2674.1a84:   00007ff78e2b6018 / 0x00d6018: c0 != 30
2674.1a84:   00007ff78e2b6019 / 0x00d6019: bc != f2
2674.1a84:   00007ff78e2b601a / 0x00d601a: 24 != 7d
2674.1a84:   00007ff78e2b601b / 0x00d601b: 8e != af
2674.1a84:   00007ff78e2b601c / 0x00d601c: f7 != fb
2674.1a84:   00007ff78e2b6020 / 0x00d6020: c0 != 30
2674.1a84:   00007ff78e2b6021 / 0x00d6021: bc != f2
2674.1a84:   00007ff78e2b6022 / 0x00d6022: 24 != 7d
2674.1a84:   00007ff78e2b6023 / 0x00d6023: 8e != af
2674.1a84:   00007ff78e2b6024 / 0x00d6024: f7 != fb
2674.1a84:   Restored 0x30 bytes of original file content at 00007ff78e2b6000
2674.1a84: VirtualBoxVM.exe: Differences in section #8 (.rsrc) between file and memory:
2674.1a84:   00007ff78e2e7b70 / 0x0107b70: 00 != 50
2674.1a84:   00007ff78e2e7b71 / 0x0107b71: 00 != 41
2674.1a84:   00007ff78e2e7b72 / 0x0107b72: 00 != 44
2674.1a84:   00007ff78e2e7b73 / 0x0107b73: 00 != 44
2674.1a84:   00007ff78e2e7b74 / 0x0107b74: 00 != 49
2674.1a84:   00007ff78e2e7b75 / 0x0107b75: 00 != 4e
2674.1a84:   00007ff78e2e7b76 / 0x0107b76: 00 != 47
2674.1a84:   00007ff78e2e7b77 / 0x0107b77: 00 != 58
2674.1a84:   00007ff78e2e7b78 / 0x0107b78: 00 != 58
2674.1a84:   00007ff78e2e7b79 / 0x0107b79: 00 != 50
2674.1a84:   00007ff78e2e7b7a / 0x0107b7a: 00 != 41
2674.1a84:   00007ff78e2e7b7b / 0x0107b7b: 00 != 44
2674.1a84:   00007ff78e2e7b7c / 0x0107b7c: 00 != 44
2674.1a84:   00007ff78e2e7b7d / 0x0107b7d: 00 != 49
2674.1a84:   00007ff78e2e7b7e / 0x0107b7e: 00 != 4e
2674.1a84:   00007ff78e2e7b7f / 0x0107b7f: 00 != 47
2674.1a84:   00007ff78e2e7b80 / 0x0107b80: 00 != 50
2674.1a84:   00007ff78e2e7b81 / 0x0107b81: 00 != 41
2674.1a84:   00007ff78e2e7b82 / 0x0107b82: 00 != 44
2674.1a84:   00007ff78e2e7b83 / 0x0107b83: 00 != 44
2674.1a84:   00007ff78e2e7b84 / 0x0107b84: 00 != 49
2674.1a84:   00007ff78e2e7b85 / 0x0107b85: 00 != 4e
2674.1a84:   00007ff78e2e7b86 / 0x0107b86: 00 != 47
2674.1a84:   00007ff78e2e7b87 / 0x0107b87: 00 != 58
2674.1a84:   00007ff78e2e7b88 / 0x0107b88: 00 != 58
2674.1a84:   00007ff78e2e7b89 / 0x0107b89: 00 != 50
2674.1a84:   00007ff78e2e7b8a / 0x0107b8a: 00 != 41
2674.1a84:   00007ff78e2e7b8b / 0x0107b8b: 00 != 44
2674.1a84:   00007ff78e2e7b8c / 0x0107b8c: 00 != 44
2674.1a84:   00007ff78e2e7b8d / 0x0107b8d: 00 != 49
2674.1a84:   00007ff78e2e7b8e / 0x0107b8e: 00 != 4e
2674.1a84:   00007ff78e2e7b8f / 0x0107b8f: 00 != 47
2674.1a84:   00007ff78e2e7b90 / 0x0107b90: 00 != 50
2674.1a84:   00007ff78e2e7b91 / 0x0107b91: 00 != 41
2674.1a84:   00007ff78e2e7b92 / 0x0107b92: 00 != 44
2674.1a84:   00007ff78e2e7b93 / 0x0107b93: 00 != 44
2674.1a84:   00007ff78e2e7b94 / 0x0107b94: 00 != 49
2674.1a84:   00007ff78e2e7b95 / 0x0107b95: 00 != 4e
2674.1a84:   00007ff78e2e7b96 / 0x0107b96: 00 != 47
2674.1a84:   00007ff78e2e7b97 / 0x0107b97: 00 != 58
2674.1a84:   00007ff78e2e7b98 / 0x0107b98: 00 != 58
2674.1a84:   00007ff78e2e7b99 / 0x0107b99: 00 != 50
2674.1a84:   00007ff78e2e7b9a / 0x0107b9a: 00 != 41
2674.1a84:   00007ff78e2e7b9b / 0x0107b9b: 00 != 44
2674.1a84:   00007ff78e2e7b9c / 0x0107b9c: 00 != 44
2674.1a84:   00007ff78e2e7b9d / 0x0107b9d: 00 != 49
2674.1a84:   00007ff78e2e7b9e / 0x0107b9e: 00 != 4e
2674.1a84:   00007ff78e2e7b9f / 0x0107b9f: 00 != 47
2674.1a84:   00007ff78e2e7ba0 / 0x0107ba0: 00 != 50
2674.1a84:   00007ff78e2e7ba1 / 0x0107ba1: 00 != 41
2674.1a84:   00007ff78e2e7ba2 / 0x0107ba2: 00 != 44
2674.1a84:   00007ff78e2e7ba3 / 0x0107ba3: 00 != 44
2674.1a84:   00007ff78e2e7ba4 / 0x0107ba4: 00 != 49
2674.1a84:   00007ff78e2e7ba5 / 0x0107ba5: 00 != 4e
2674.1a84:   00007ff78e2e7ba6 / 0x0107ba6: 00 != 47
2674.1a84:   00007ff78e2e7ba7 / 0x0107ba7: 00 != 58
2674.1a84:   00007ff78e2e7ba8 / 0x0107ba8: 00 != 58
2674.1a84:   00007ff78e2e7ba9 / 0x0107ba9: 00 != 50
2674.1a84:   00007ff78e2e7baa / 0x0107baa: 00 != 41
2674.1a84:   00007ff78e2e7bab / 0x0107bab: 00 != 44
2674.1a84:   00007ff78e2e7bac / 0x0107bac: 00 != 44
2674.1a84:   00007ff78e2e7bad / 0x0107bad: 00 != 49
2674.1a84:   00007ff78e2e7bae / 0x0107bae: 00 != 4e
2674.1a84:   00007ff78e2e7baf / 0x0107baf: 00 != 47
2674.1a84:   00007ff78e2e7bb0 / 0x0107bb0: 00 != 50
2674.1a84:   00007ff78e2e7bb1 / 0x0107bb1: 00 != 41
2674.1a84:   00007ff78e2e7bb2 / 0x0107bb2: 00 != 44
2674.1a84:   00007ff78e2e7bb3 / 0x0107bb3: 00 != 44
2674.1a84:   00007ff78e2e7bb4 / 0x0107bb4: 00 != 49
2674.1a84:   00007ff78e2e7bb5 / 0x0107bb5: 00 != 4e
2674.1a84:   00007ff78e2e7bb6 / 0x0107bb6: 00 != 47
2674.1a84:   00007ff78e2e7bb7 / 0x0107bb7: 00 != 58
2674.1a84:   00007ff78e2e7bb8 / 0x0107bb8: 00 != 58
2674.1a84:   00007ff78e2e7bb9 / 0x0107bb9: 00 != 50
2674.1a84:   00007ff78e2e7bba / 0x0107bba: 00 != 41
2674.1a84:   00007ff78e2e7bbb / 0x0107bbb: 00 != 44
2674.1a84:   00007ff78e2e7bbc / 0x0107bbc: 00 != 44
2674.1a84:   00007ff78e2e7bbd / 0x0107bbd: 00 != 49
2674.1a84:   00007ff78e2e7bbe / 0x0107bbe: 00 != 4e
2674.1a84:   00007ff78e2e7bbf / 0x0107bbf: 00 != 47
2674.1a84:   00007ff78e2e7bc0 / 0x0107bc0: 00 != 50
2674.1a84:   00007ff78e2e7bc1 / 0x0107bc1: 00 != 41
2674.1a84:   00007ff78e2e7bc2 / 0x0107bc2: 00 != 44
2674.1a84:   00007ff78e2e7bc3 / 0x0107bc3: 00 != 44
2674.1a84:   00007ff78e2e7bc4 / 0x0107bc4: 00 != 49
2674.1a84:   00007ff78e2e7bc5 / 0x0107bc5: 00 != 4e
2674.1a84:   00007ff78e2e7bc6 / 0x0107bc6: 00 != 47
2674.1a84:   00007ff78e2e7bc7 / 0x0107bc7: 00 != 58
2674.1a84:   00007ff78e2e7bc8 / 0x0107bc8: 00 != 58
2674.1a84:   00007ff78e2e7bc9 / 0x0107bc9: 00 != 50
2674.1a84:   00007ff78e2e7bca / 0x0107bca: 00 != 41
2674.1a84:   00007ff78e2e7bcb / 0x0107bcb: 00 != 44
2674.1a84:   00007ff78e2e7bcc / 0x0107bcc: 00 != 44
2674.1a84:   00007ff78e2e7bcd / 0x0107bcd: 00 != 49
2674.1a84:   00007ff78e2e7bce / 0x0107bce: 00 != 4e
2674.1a84:   00007ff78e2e7bcf / 0x0107bcf: 00 != 47
2674.1a84:   00007ff78e2e7bd0 / 0x0107bd0: 00 != 50
2674.1a84:   00007ff78e2e7bd1 / 0x0107bd1: 00 != 41
2674.1a84:   00007ff78e2e7bd2 / 0x0107bd2: 00 != 44
2674.1a84:   00007ff78e2e7bd3 / 0x0107bd3: 00 != 44
2674.1a84:   00007ff78e2e7bd4 / 0x0107bd4: 00 != 49
2674.1a84:   00007ff78e2e7bd5 / 0x0107bd5: 00 != 4e
2674.1a84:   00007ff78e2e7bd6 / 0x0107bd6: 00 != 47
2674.1a84:   00007ff78e2e7bd7 / 0x0107bd7: 00 != 58
2674.1a84:   00007ff78e2e7bd8 / 0x0107bd8: 00 != 58
2674.1a84:   00007ff78e2e7bd9 / 0x0107bd9: 00 != 50
2674.1a84:   00007ff78e2e7bda / 0x0107bda: 00 != 41
2674.1a84:   00007ff78e2e7bdb / 0x0107bdb: 00 != 44
2674.1a84:   00007ff78e2e7bdc / 0x0107bdc: 00 != 44
2674.1a84:   00007ff78e2e7bdd / 0x0107bdd: 00 != 49
2674.1a84:   00007ff78e2e7bde / 0x0107bde: 00 != 4e
2674.1a84:   00007ff78e2e7bdf / 0x0107bdf: 00 != 47
2674.1a84:   00007ff78e2e7be0 / 0x0107be0: 00 != 50
2674.1a84:   00007ff78e2e7be1 / 0x0107be1: 00 != 41
2674.1a84:   00007ff78e2e7be2 / 0x0107be2: 00 != 44
2674.1a84:   00007ff78e2e7be3 / 0x0107be3: 00 != 44
2674.1a84:   00007ff78e2e7be4 / 0x0107be4: 00 != 49
2674.1a84:   00007ff78e2e7be5 / 0x0107be5: 00 != 4e
2674.1a84:   00007ff78e2e7be6 / 0x0107be6: 00 != 47
2674.1a84:   00007ff78e2e7be7 / 0x0107be7: 00 != 58
2674.1a84:   00007ff78e2e7be8 / 0x0107be8: 00 != 58
2674.1a84:   00007ff78e2e7be9 / 0x0107be9: 00 != 50
2674.1a84:   00007ff78e2e7bea / 0x0107bea: 00 != 41
2674.1a84:   00007ff78e2e7beb / 0x0107beb: 00 != 44
2674.1a84:   00007ff78e2e7bec / 0x0107bec: 00 != 44
2674.1a84:   00007ff78e2e7bed / 0x0107bed: 00 != 49
2674.1a84:   00007ff78e2e7bee / 0x0107bee: 00 != 4e
2674.1a84:   00007ff78e2e7bef / 0x0107bef: 00 != 47
2674.1a84:   00007ff78e2e7bf0 / 0x0107bf0: 00 != 50
2674.1a84:   00007ff78e2e7bf1 / 0x0107bf1: 00 != 41
2674.1a84:   00007ff78e2e7bf2 / 0x0107bf2: 00 != 44
2674.1a84:   00007ff78e2e7bf3 / 0x0107bf3: 00 != 44
2674.1a84:   00007ff78e2e7bf4 / 0x0107bf4: 00 != 49
2674.1a84:   00007ff78e2e7bf5 / 0x0107bf5: 00 != 4e
2674.1a84:   00007ff78e2e7bf6 / 0x0107bf6: 00 != 47
2674.1a84:   00007ff78e2e7bf7 / 0x0107bf7: 00 != 58
2674.1a84:   00007ff78e2e7bf8 / 0x0107bf8: 00 != 58
2674.1a84:   00007ff78e2e7bf9 / 0x0107bf9: 00 != 50
2674.1a84:   00007ff78e2e7bfa / 0x0107bfa: 00 != 41
2674.1a84:   00007ff78e2e7bfb / 0x0107bfb: 00 != 44
2674.1a84:   00007ff78e2e7bfc / 0x0107bfc: 00 != 44
2674.1a84:   00007ff78e2e7bfd / 0x0107bfd: 00 != 49
2674.1a84:   00007ff78e2e7bfe / 0x0107bfe: 00 != 4e
2674.1a84:   00007ff78e2e7bff / 0x0107bff: 00 != 47
2674.1a84:   Restored 0x490 bytes of original file content at 00007ff78e2e7b70
2674.1a84: '\Device\HarddiskVolume3\Windows\System32\ntdll.dll' has no imports
2674.1a84: ntdll.dll: Differences in section #9 (.00cfg) between file and memory:
2674.1a84:   00007ffbaf8ef000 / 0x019f000: 80 != 30
2674.1a84:   00007ffbaf8ef001 / 0x019f001: 3d != f2
2674.1a84:   00007ffbaf8ef002 / 0x019f002: 7f != 7d
2674.1a84:   00007ffbaf8ef008 / 0x019f008: e0 != f0
2674.1a84:   00007ffbaf8ef009 / 0x019f009: ef != f0
2674.1a84:   00007ffbaf8ef010 / 0x019f010: a0 != 30
2674.1a84:   00007ffbaf8ef011 / 0x019f011: 3d != f2
2674.1a84:   00007ffbaf8ef012 / 0x019f012: 7f != 7d
2674.1a84:   00007ffbaf8ef018 / 0x019f018: a0 != 30
2674.1a84:   00007ffbaf8ef019 / 0x019f019: 3d != f2
2674.1a84:   00007ffbaf8ef01a / 0x019f01a: 7f != 7d
2674.1a84:   Restored 0x28 bytes of original file content at 00007ffbaf8ef000
2674.1a84: kernel32.dll: Differences in section #2 (.rdata) between file and memory:
2674.1a84:   00007ffbadc75bc0 / 0x0085bc0: b0 != 00
2674.1a84:   00007ffbadc75bc1 / 0x0085bc1: 0c != 84
2674.1a84:   00007ffbadc75bc2 / 0x0085bc2: 7f != 37
2674.1a84:   00007ffbadc75bc3 / 0x0085bc3: af != a9
2674.1a84:   00007ffbadc75fe0 / 0x0085fe0: a0 != 90
2674.1a84:   00007ffbadc75fe1 / 0x0085fe1: 05 != 79
2674.1a84:   00007ffbadc75fe2 / 0x0085fe2: 7f != 34
2674.1a84:   00007ffbadc75fe3 / 0x0085fe3: af != a9
2674.1a84:   Restored 0x2000 bytes of original file content at 00007ffbadc74000
2674.1a84: kernel32.dll: Differences in section #2 (.rdata) between file and memory:
2674.1a84:   00007ffbadc76160 / 0x0086160: 60 != 10
2674.1a84:   00007ffbadc76161 / 0x0086161: 0b != 82
2674.1a84:   00007ffbadc76162 / 0x0086162: 7f != 37
2674.1a84:   00007ffbadc76163 / 0x0086163: af != a9
2674.1a84:   00007ffbadc76548 / 0x0086548: 60 != 10
2674.1a84:   00007ffbadc76549 / 0x0086549: 0b != 82
2674.1a84:   00007ffbadc7654a / 0x008654a: 7f != 37
2674.1a84:   00007ffbadc7654b / 0x008654b: af != a9
2674.1a84:   00007ffbadc766b8 / 0x00866b8: 70 != f0
2674.1a84:   00007ffbadc766b9 / 0x00866b9: ff != f0
2674.1a84:   00007ffbadc766ba / 0x00866ba: c0 != 7d
2674.1a84:   00007ffbadc766bb / 0x00866bb: ad != af
2674.1a84:   00007ffbadc766c0 / 0x00866c0: 10 != 30
2674.1a84:   00007ffbadc766c1 / 0x00866c1: 42 != f2
2674.1a84:   00007ffbadc766c2 / 0x00866c2: c1 != 7d
2674.1a84:   00007ffbadc766c3 / 0x00866c3: ad != af
2674.1a84:   00007ffbadc766c8 / 0x00866c8: 70 != f0
2674.1a84:   00007ffbadc766c9 / 0x00866c9: ff != f0
2674.1a84:   00007ffbadc766ca / 0x00866ca: c0 != 7d
2674.1a84:   00007ffbadc766cb / 0x00866cb: ad != af
2674.1a84:   00007ffbadc766d1 / 0x00866d1: 42 != f2
2674.1a84:   00007ffbadc766d2 / 0x00866d2: c1 != 7d
2674.1a84:   00007ffbadc766d3 / 0x00866d3: ad != af
2674.1a84:   00007ffbadc766d9 / 0x00866d9: 42 != f2
2674.1a84:   00007ffbadc766da / 0x00866da: c1 != 7d
2674.1a84:   00007ffbadc766db / 0x00866db: ad != af
2674.1a84:   Restored 0x2000 bytes of original file content at 00007ffbadc76000
2674.1a84: kernelbase.dll: Differences in section #2 (.rdata) between file and memory:
2674.1a84:   00007ffbad07e788 / 0x026e788: a0 != 90
2674.1a84:   00007ffbad07e789 / 0x026e789: 05 != 79
2674.1a84:   00007ffbad07e78a / 0x026e78a: 7f != 34
2674.1a84:   00007ffbad07e78b / 0x026e78b: af != a9
2674.1a84:   00007ffbad07e7c8 / 0x026e7c8: 60 != 10
2674.1a84:   00007ffbad07e7c9 / 0x026e7c9: 0b != 82
2674.1a84:   00007ffbad07e7ca / 0x026e7ca: 7f != 37
2674.1a84:   00007ffbad07e7cb / 0x026e7cb: af != a9
2674.1a84:   00007ffbad07e900 / 0x026e900: b0 != 00
2674.1a84:   00007ffbad07e901 / 0x026e901: 0c != 84
2674.1a84:   00007ffbad07e902 / 0x026e902: 7f != 37
2674.1a84:   00007ffbad07e903 / 0x026e903: af != a9
2674.1a84:   Restored 0x2000 bytes of original file content at 00007ffbad07d000
2674.1a84: kernelbase.dll: Differences in section #2 (.rdata) between file and memory:
2674.1a84:   00007ffbad07f0f8 / 0x026f0f8: b0 != 00
2674.1a84:   00007ffbad07f0f9 / 0x026f0f9: 0c != 84
2674.1a84:   00007ffbad07f0fa / 0x026f0fa: 7f != 37
2674.1a84:   00007ffbad07f0fb / 0x026f0fb: af != a9
2674.1a84:   00007ffbad07fd20 / 0x026fd20: 10 != f0
2674.1a84:   00007ffbad07fd21 / 0x026fd21: c3 != f0
2674.1a84:   00007ffbad07fd22 / 0x026fd22: ee != 7d
2674.1a84:   00007ffbad07fd23 / 0x026fd23: ac != af
2674.1a84:   00007ffbad07fd28 / 0x026fd28: c0 != 30
2674.1a84:   00007ffbad07fd29 / 0x026fd29: c6 != f2
2674.1a84:   00007ffbad07fd2a / 0x026fd2a: ee != 7d
2674.1a84:   00007ffbad07fd2b / 0x026fd2b: ac != af
2674.1a84:   00007ffbad07fd30 / 0x026fd30: 10 != f0
2674.1a84:   00007ffbad07fd31 / 0x026fd31: c3 != f0
2674.1a84:   00007ffbad07fd32 / 0x026fd32: ee != 7d
2674.1a84:   00007ffbad07fd33 / 0x026fd33: ac != af
2674.1a84:   00007ffbad07fd38 / 0x026fd38: e0 != 30
2674.1a84:   00007ffbad07fd39 / 0x026fd39: c6 != f2
2674.1a84:   00007ffbad07fd3a / 0x026fd3a: ee != 7d
2674.1a84:   00007ffbad07fd3b / 0x026fd3b: ac != af
2674.1a84:   00007ffbad07fd40 / 0x026fd40: e0 != 30
2674.1a84:   00007ffbad07fd41 / 0x026fd41: c6 != f2
2674.1a84:   00007ffbad07fd42 / 0x026fd42: ee != 7d
2674.1a84:   00007ffbad07fd43 / 0x026fd43: ac != af
2674.1a84:   Restored 0x2000 bytes of original file content at 00007ffbad07f000
2674.1a84: apphelp.dll: Differences in section #2 (.rdata) between file and memory:
2674.1a84:   00007ffba9385280 / 0x0055280: d0 != f0
2674.1a84:   00007ffba9385281 / 0x0055281: ab != 55
2674.1a84:   00007ffba9385282 / 0x0055282: e7 != c0
2674.1a84:   00007ffba9385283 / 0x0055283: ac != ad
2674.1a84:   00007ffba9385288 / 0x0055288: 50 != a0
2674.1a84:   00007ffba9385289 / 0x0055289: ea != 61
2674.1a84:   00007ffba938528a / 0x005528a: e8 != c0
2674.1a84:   00007ffba938528b / 0x005528b: ac != ad
2674.1a84:   00007ffba9385290 / 0x0055290: f0 != 00
2674.1a84:   00007ffba9385291 / 0x0055291: 9b != 45
2674.1a84:   00007ffba9385292 / 0x0055292: e7 != c0
2674.1a84:   00007ffba9385293 / 0x0055293: ac != ad
2674.1a84:   00007ffba9385298 / 0x0055298: 90 != c0
2674.1a84:   00007ffba9385299 / 0x0055299: 70 != 97
2674.1a84:   00007ffba938529a / 0x005529a: e9 != c0
2674.1a84:   00007ffba938529b / 0x005529b: ac != ad
2674.1a84:   00007ffba93852a0 / 0x00552a0: 00 != 50
2674.1a84:   00007ffba93852a1 / 0x00552a1: 67 != 27
2674.1a84:   00007ffba93852a2 / 0x00552a2: e2 != bf
2674.1a84:   00007ffba93852a3 / 0x00552a3: ac != ad
2674.1a84:   00007ffba93852a8 / 0x00552a8: d0 != 60
2674.1a84:   00007ffba93852a9 / 0x00552a9: 71 != 01
2674.1a84:   00007ffba93852aa / 0x00552aa: e7 != c1
2674.1a84:   00007ffba93852ab / 0x00552ab: ac != ad
2674.1a84:   00007ffba93852b0 / 0x00552b0: 40 != 70
2674.1a84:   00007ffba93852b1 / 0x00552b1: 38 != 01
2674.1a84:   00007ffba93852b2 / 0x00552b2: e5 != c1
2674.1a84:   00007ffba93852b3 / 0x00552b3: ac != ad
2674.1a84:   00007ffba93852c0 / 0x00552c0: 00 != 30
2674.1a84:   00007ffba93852c1 / 0x00552c1: 24 != 47
2674.1a84:   00007ffba93852c2 / 0x00552c2: e4 != c0
2674.1a84:   00007ffba93852c3 / 0x00552c3: ac != ad
2674.1a84:   00007ffba9385898 / 0x0055898: 20 != f0
2674.1a84:   00007ffba9385899 / 0x0055899: 4b != f0
2674.1a84:   00007ffba938589a / 0x005589a: 34 != 7d
2674.1a84:   00007ffba938589b / 0x005589b: a9 != af
2674.1a84:   00007ffba93858a0 / 0x00558a0: a0 != 30
2674.1a84:   00007ffba93858a1 / 0x00558a1: 4c != f2
2674.1a84:   00007ffba93858a2 / 0x00558a2: 34 != 7d
2674.1a84:   00007ffba93858a3 / 0x00558a3: a9 != af
2674.1a84:   00007ffba93858a8 / 0x00558a8: 20 != f0
2674.1a84:   00007ffba93858a9 / 0x00558a9: 4b != f0
2674.1a84:   00007ffba93858aa / 0x00558aa: 34 != 7d
2674.1a84:   00007ffba93858ab / 0x00558ab: a9 != af
2674.1a84:   00007ffba93858b0 / 0x00558b0: c0 != 30
2674.1a84:   00007ffba93858b1 / 0x00558b1: 4c != f2
2674.1a84:   00007ffba93858b2 / 0x00558b2: 34 != 7d
2674.1a84:   00007ffba93858b3 / 0x00558b3: a9 != af
2674.1a84:   00007ffba93858b8 / 0x00558b8: c0 != 30
2674.1a84:   00007ffba93858b9 / 0x00558b9: 4c != f2
2674.1a84:   00007ffba93858ba / 0x00558ba: 34 != 7d
2674.1a84:   00007ffba93858bb / 0x00558bb: a9 != af
2674.1a84:   Restored 0x2000 bytes of original file content at 00007ffba9385000
2674.1a84: supHardNtVpCheckHandles:
2674.1a84: supR3HardenedWinInit: SUPHARDNTVPKIND_SELF_PURIFICATION_LIMITED -> VINF_SUCCESS, cFixes=8
2674.1a84: '\Device\HarddiskVolume3\Program Files\Oracle\VirtualBox\VirtualBoxVM.exe' has no imports
2674.1a84: supHardenedWinVerifyImageByHandle: -> 0 (\Device\HarddiskVolume3\Program Files\Oracle\VirtualBox\VirtualBoxVM.exe)
2674.1a84: supR3HardNtEnableThreadCreationEx:
2674.1a84: supR3HardNtDisableThreadCreation: pvLdrInitThunk=00007ffbaf7c42c0 pvNtTerminateThread=00007ffbaf7f0b20 g_LdrInitThunkSelfBackup.cb=10
2674.1a84: supR3HardenedWinDoReSpawn(1): New child 2f54.3aa0 [kernel32].
2674.1a84: supR3HardNtChildGatherData: PebBaseAddress=000000272eb65000 cbPeb=0x388
2674.1a84: supR3HardNtPuChFindNtdll: uNtDllParentAddr=00007ffbaf750000 uNtDllChildAddr=00007ffbaf750000
2674.1a84: supR3HardenedWinSetupChildInit: uLdrInitThunk=00007ffbaf7c42c0
2674.1a84: supR3HardenedWinSetupChildInit: Initial context:
  rax=0000000000000000 rbx=0000000000000000 rcx=00007ff78e1eb8e0 rdx=000000272eb65000
  rsi=0000000000000000 rdi=0000000000000000 r8 =0000000000000000 r9 =0000000000000000
  r10=0000000000000000 r11=0000000000000000 r12=0000000000000000 r13=0000000000000000
  r14=0000000000000000 r15=0000000000000000  P1=0000000000000000  P2=0000000000000000
  rip=00007ffbaf7aaee0 rsp=000000272ecffc48 rbp=0000000000000000    ctxflags=0010001b
  cs=0033 ss=002b ds=0000 es=0000 fs=0000 gs=0000    eflags=00000200   mxcrx=00001f80
   P3=0000000000000000  P4=0000000000000000  P5=0000000000000000  P6=0000000000000000
  dr0=0000000000000000 dr1=0000000000000000 dr2=0000000000000000 dr3=0000000000000000
  dr6=0000000000000000 dr7=0000000000000000 vcr=0000000000000000 dcr=0000000000000000
  lbt=0000000000000000 lbf=0000000000000000 lxt=0000000000000000 lxf=0000000000000000
2674.1a84: supR3HardenedWinSetupChildInit: Start child.
2674.1a84: supR3HardNtChildWaitFor: Found expected request 0 (PurifyChildAndCloseHandles) after 0 ms.
2674.1a84: supR3HardNtChildPurify: Startup delay kludge #1/0: 361 ms, 8 sleeps
2674.1a84: supHardNtVpScanVirtualMemory: enmKind=CHILD_PURIFICATION
2674.1a84:  *0000000000000000-000000007ffdffff 0x0001/0x0000 0x0000000
2674.1a84:  *000000007ffe0000-000000007ffe0fff 0x0002/0x0002 0x0020000
2674.1a84:   000000007ffe1000-000000007ffebfff 0x0001/0x0000 0x0000000
2674.1a84:  *000000007ffec000-000000007ffecfff 0x0002/0x0002 0x0020000
2674.1a84:   000000007ffed000-000000272e9fffff 0x0001/0x0000 0x0000000
2674.1a84:  *000000272ea00000-000000272eb64fff 0x0000/0x0004 0x0020000
2674.1a84:   000000272eb65000-000000272eb67fff 0x0004/0x0004 0x0020000
2674.1a84:   000000272eb68000-000000272ebfffff 0x0000/0x0004 0x0020000
2674.1a84:  *000000272ec00000-000000272ecfafff 0x0000/0x0004 0x0020000
2674.1a84:   000000272ecfb000-000000272ecfdfff 0x0104/0x0004 0x0020000
2674.1a84:   000000272ecfe000-000000272ecfffff 0x0004/0x0004 0x0020000
2674.1a84:   000000272ed00000-0000017549f5ffff 0x0001/0x0000 0x0000000
2674.1a84:  *0000017549f60000-0000017549f7ffff 0x0004/0x0004 0x0020000
2674.1a84:  *0000017549f80000-0000017549f9efff 0x0002/0x0002 0x0040000
2674.1a84:   0000017549f9f000-0000017549f9ffff 0x0001/0x0000 0x0000000
2674.1a84:  *0000017549fa0000-0000017549fa3fff 0x0002/0x0002 0x0040000
2674.1a84:   0000017549fa4000-0000017549faffff 0x0001/0x0000 0x0000000
2674.1a84:  *0000017549fb0000-0000017549fb0fff 0x0002/0x0002 0x0040000
2674.1a84:   0000017549fb1000-0000017549fbffff 0x0001/0x0000 0x0000000
2674.1a84:  *0000017549fc0000-0000017549fc1fff 0x0004/0x0004 0x0020000
2674.1a84:   0000017549fc2000-00007df502a6ffff 0x0001/0x0000 0x0000000
2674.1a84:  *00007df502a70000-00007df502a70fff 0x0002/0x0002 0x0040000
2674.1a84:   00007df502a71000-00007df502a7ffff 0x0001/0x0000 0x0000000
2674.1a84:  *00007df502a80000-00007df504769fff 0x0000/0x0001 0x0040000
2674.1a84:   00007df50476a000-00007df504786fff 0x0001/0x0001 0x0040000
2674.1a84:   00007df504787000-00007df504864fff 0x0000/0x0001 0x0040000
2674.1a84:   00007df504865000-00007df504865fff 0x0001/0x0001 0x0040000
2674.1a84:   00007df504866000-00007ff4e0e06fff 0x0000/0x0001 0x0040000
2674.1a84:   00007ff4e0e07000-00007ff4e0e0bfff 0x0002/0x0001 0x0040000
2674.1a84:   00007ff4e0e0c000-00007ff4ee19dfff 0x0000/0x0001 0x0040000
2674.1a84:   00007ff4ee19e000-00007ff4f165cfff 0x0001/0x0001 0x0040000
2674.1a84:   00007ff4f165d000-00007ff4f1665fff 0x0002/0x0001 0x0040000
2674.1a84:   00007ff4f1666000-00007ff502a7ffff 0x0000/0x0001 0x0040000
2674.1a84:   00007ff502a80000-00007ff78e1dffff 0x0001/0x0000 0x0000000
2674.1a84:  *00007ff78e1e0000-00007ff78e1e0fff 0x0002/0x0080 0x1000000  \Device\HarddiskVolume3\Program Files\Oracle\VirtualBox\VirtualBoxVM.exe
2674.1a84:   00007ff78e1e1000-00007ff78e24bfff 0x0020/0x0080 0x1000000  \Device\HarddiskVolume3\Program Files\Oracle\VirtualBox\VirtualBoxVM.exe
2674.1a84:   00007ff78e24c000-00007ff78e24cfff 0x0080/0x0080 0x1000000  \Device\HarddiskVolume3\Program Files\Oracle\VirtualBox\VirtualBoxVM.exe
2674.1a84:   00007ff78e24d000-00007ff78e2a1fff 0x0002/0x0080 0x1000000  \Device\HarddiskVolume3\Program Files\Oracle\VirtualBox\VirtualBoxVM.exe
2674.1a84:   00007ff78e2a2000-00007ff78e2a2fff 0x0004/0x0080 0x1000000  \Device\HarddiskVolume3\Program Files\Oracle\VirtualBox\VirtualBoxVM.exe
2674.1a84:   00007ff78e2a3000-00007ff78e2a3fff 0x0008/0x0080 0x1000000  \Device\HarddiskVolume3\Program Files\Oracle\VirtualBox\VirtualBoxVM.exe
2674.1a84:   00007ff78e2a4000-00007ff78e2a9fff 0x0004/0x0080 0x1000000  \Device\HarddiskVolume3\Program Files\Oracle\VirtualBox\VirtualBoxVM.exe
2674.1a84:   00007ff78e2aa000-00007ff78e2aefff 0x0008/0x0080 0x1000000  \Device\HarddiskVolume3\Program Files\Oracle\VirtualBox\VirtualBoxVM.exe
2674.1a84:   00007ff78e2af000-00007ff78e2e9fff 0x0002/0x0080 0x1000000  \Device\HarddiskVolume3\Program Files\Oracle\VirtualBox\VirtualBoxVM.exe
2674.1a84:   00007ff78e2ea000-00007ffbaf74ffff 0x0001/0x0000 0x0000000
2674.1a84:  *00007ffbaf750000-00007ffbaf750fff 0x0002/0x0080 0x1000000  \Device\HarddiskVolume3\Windows\System32\ntdll.dll
2674.1a84:   00007ffbaf751000-00007ffbaf881fff 0x0020/0x0080 0x1000000  \Device\HarddiskVolume3\Windows\System32\ntdll.dll
2674.1a84:   00007ffbaf882000-00007ffbaf8cffff 0x0002/0x0080 0x1000000  \Device\HarddiskVolume3\Windows\System32\ntdll.dll
2674.1a84:   00007ffbaf8d0000-00007ffbaf8dbfff 0x0008/0x0080 0x1000000  \Device\HarddiskVolume3\Windows\System32\ntdll.dll
2674.1a84:   00007ffbaf8dc000-00007ffbaf8eafff 0x0002/0x0080 0x1000000  \Device\HarddiskVolume3\Windows\System32\ntdll.dll
2674.1a84:   00007ffbaf8eb000-00007ffbaf8ebfff 0x0004/0x0080 0x1000000  \Device\HarddiskVolume3\Windows\System32\ntdll.dll
2674.1a84:   00007ffbaf8ec000-00007ffbaf8eefff 0x0008/0x0080 0x1000000  \Device\HarddiskVolume3\Windows\System32\ntdll.dll
2674.1a84:   00007ffbaf8ef000-00007ffbaf966fff 0x0002/0x0080 0x1000000  \Device\HarddiskVolume3\Windows\System32\ntdll.dll
2674.1a84:   00007ffbaf967000-00007ffffffeffff 0x0001/0x0000 0x0000000
2674.1a84: VirtualBoxVM.exe: Differences in section #8 (.rsrc) between file and memory:
2674.1a84:   00007ff78e2e7b70 / 0x0107b70: 00 != 50
2674.1a84:   00007ff78e2e7b71 / 0x0107b71: 00 != 41
2674.1a84:   00007ff78e2e7b72 / 0x0107b72: 00 != 44
2674.1a84:   00007ff78e2e7b73 / 0x0107b73: 00 != 44
2674.1a84:   00007ff78e2e7b74 / 0x0107b74: 00 != 49
2674.1a84:   00007ff78e2e7b75 / 0x0107b75: 00 != 4e
2674.1a84:   00007ff78e2e7b76 / 0x0107b76: 00 != 47
2674.1a84:   00007ff78e2e7b77 / 0x0107b77: 00 != 58
2674.1a84:   00007ff78e2e7b78 / 0x0107b78: 00 != 58
2674.1a84:   00007ff78e2e7b79 / 0x0107b79: 00 != 50
2674.1a84:   00007ff78e2e7b7a / 0x0107b7a: 00 != 41
2674.1a84:   00007ff78e2e7b7b / 0x0107b7b: 00 != 44
2674.1a84:   00007ff78e2e7b7c / 0x0107b7c: 00 != 44
2674.1a84:   00007ff78e2e7b7d / 0x0107b7d: 00 != 49
2674.1a84:   00007ff78e2e7b7e / 0x0107b7e: 00 != 4e
2674.1a84:   00007ff78e2e7b7f / 0x0107b7f: 00 != 47
2674.1a84:   00007ff78e2e7b80 / 0x0107b80: 00 != 50
2674.1a84:   00007ff78e2e7b81 / 0x0107b81: 00 != 41
2674.1a84:   00007ff78e2e7b82 / 0x0107b82: 00 != 44
2674.1a84:   00007ff78e2e7b83 / 0x0107b83: 00 != 44
2674.1a84:   00007ff78e2e7b84 / 0x0107b84: 00 != 49
2674.1a84:   00007ff78e2e7b85 / 0x0107b85: 00 != 4e
2674.1a84:   00007ff78e2e7b86 / 0x0107b86: 00 != 47
2674.1a84:   00007ff78e2e7b87 / 0x0107b87: 00 != 58
2674.1a84:   00007ff78e2e7b88 / 0x0107b88: 00 != 58
2674.1a84:   00007ff78e2e7b89 / 0x0107b89: 00 != 50
2674.1a84:   00007ff78e2e7b8a / 0x0107b8a: 00 != 41
2674.1a84:   00007ff78e2e7b8b / 0x0107b8b: 00 != 44
2674.1a84:   00007ff78e2e7b8c / 0x0107b8c: 00 != 44
2674.1a84:   00007ff78e2e7b8d / 0x0107b8d: 00 != 49
2674.1a84:   00007ff78e2e7b8e / 0x0107b8e: 00 != 4e
2674.1a84:   00007ff78e2e7b8f / 0x0107b8f: 00 != 47
2674.1a84:   00007ff78e2e7b90 / 0x0107b90: 00 != 50
2674.1a84:   00007ff78e2e7b91 / 0x0107b91: 00 != 41
2674.1a84:   00007ff78e2e7b92 / 0x0107b92: 00 != 44
2674.1a84:   00007ff78e2e7b93 / 0x0107b93: 00 != 44
2674.1a84:   00007ff78e2e7b94 / 0x0107b94: 00 != 49
2674.1a84:   00007ff78e2e7b95 / 0x0107b95: 00 != 4e
2674.1a84:   00007ff78e2e7b96 / 0x0107b96: 00 != 47
2674.1a84:   00007ff78e2e7b97 / 0x0107b97: 00 != 58
2674.1a84:   00007ff78e2e7b98 / 0x0107b98: 00 != 58
2674.1a84:   00007ff78e2e7b99 / 0x0107b99: 00 != 50
2674.1a84:   00007ff78e2e7b9a / 0x0107b9a: 00 != 41
2674.1a84:   00007ff78e2e7b9b / 0x0107b9b: 00 != 44
2674.1a84:   00007ff78e2e7b9c / 0x0107b9c: 00 != 44
2674.1a84:   00007ff78e2e7b9d / 0x0107b9d: 00 != 49
2674.1a84:   00007ff78e2e7b9e / 0x0107b9e: 00 != 4e
2674.1a84:   00007ff78e2e7b9f / 0x0107b9f: 00 != 47
2674.1a84:   00007ff78e2e7ba0 / 0x0107ba0: 00 != 50
2674.1a84:   00007ff78e2e7ba1 / 0x0107ba1: 00 != 41
2674.1a84:   00007ff78e2e7ba2 / 0x0107ba2: 00 != 44
2674.1a84:   00007ff78e2e7ba3 / 0x0107ba3: 00 != 44
2674.1a84:   00007ff78e2e7ba4 / 0x0107ba4: 00 != 49
2674.1a84:   00007ff78e2e7ba5 / 0x0107ba5: 00 != 4e
2674.1a84:   00007ff78e2e7ba6 / 0x0107ba6: 00 != 47
2674.1a84:   00007ff78e2e7ba7 / 0x0107ba7: 00 != 58
2674.1a84:   00007ff78e2e7ba8 / 0x0107ba8: 00 != 58
2674.1a84:   00007ff78e2e7ba9 / 0x0107ba9: 00 != 50
2674.1a84:   00007ff78e2e7baa / 0x0107baa: 00 != 41
2674.1a84:   00007ff78e2e7bab / 0x0107bab: 00 != 44
2674.1a84:   00007ff78e2e7bac / 0x0107bac: 00 != 44
2674.1a84:   00007ff78e2e7bad / 0x0107bad: 00 != 49
2674.1a84:   00007ff78e2e7bae / 0x0107bae: 00 != 4e
2674.1a84:   00007ff78e2e7baf / 0x0107baf: 00 != 47
2674.1a84:   00007ff78e2e7bb0 / 0x0107bb0: 00 != 50
2674.1a84:   00007ff78e2e7bb1 / 0x0107bb1: 00 != 41
2674.1a84:   00007ff78e2e7bb2 / 0x0107bb2: 00 != 44
2674.1a84:   00007ff78e2e7bb3 / 0x0107bb3: 00 != 44
2674.1a84:   00007ff78e2e7bb4 / 0x0107bb4: 00 != 49
2674.1a84:   00007ff78e2e7bb5 / 0x0107bb5: 00 != 4e
2674.1a84:   00007ff78e2e7bb6 / 0x0107bb6: 00 != 47
2674.1a84:   00007ff78e2e7bb7 / 0x0107bb7: 00 != 58
2674.1a84:   00007ff78e2e7bb8 / 0x0107bb8: 00 != 58
2674.1a84:   00007ff78e2e7bb9 / 0x0107bb9: 00 != 50
2674.1a84:   00007ff78e2e7bba / 0x0107bba: 00 != 41
2674.1a84:   00007ff78e2e7bbb / 0x0107bbb: 00 != 44
2674.1a84:   00007ff78e2e7bbc / 0x0107bbc: 00 != 44
2674.1a84:   00007ff78e2e7bbd / 0x0107bbd: 00 != 49
2674.1a84:   00007ff78e2e7bbe / 0x0107bbe: 00 != 4e
2674.1a84:   00007ff78e2e7bbf / 0x0107bbf: 00 != 47
2674.1a84:   00007ff78e2e7bc0 / 0x0107bc0: 00 != 50
2674.1a84:   00007ff78e2e7bc1 / 0x0107bc1: 00 != 41
2674.1a84:   00007ff78e2e7bc2 / 0x0107bc2: 00 != 44
2674.1a84:   00007ff78e2e7bc3 / 0x0107bc3: 00 != 44
2674.1a84:   00007ff78e2e7bc4 / 0x0107bc4: 00 != 49
2674.1a84:   00007ff78e2e7bc5 / 0x0107bc5: 00 != 4e
2674.1a84:   00007ff78e2e7bc6 / 0x0107bc6: 00 != 47
2674.1a84:   00007ff78e2e7bc7 / 0x0107bc7: 00 != 58
2674.1a84:   00007ff78e2e7bc8 / 0x0107bc8: 00 != 58
2674.1a84:   00007ff78e2e7bc9 / 0x0107bc9: 00 != 50
2674.1a84:   00007ff78e2e7bca / 0x0107bca: 00 != 41
2674.1a84:   00007ff78e2e7bcb / 0x0107bcb: 00 != 44
2674.1a84:   00007ff78e2e7bcc / 0x0107bcc: 00 != 44
2674.1a84:   00007ff78e2e7bcd / 0x0107bcd: 00 != 49
2674.1a84:   00007ff78e2e7bce / 0x0107bce: 00 != 4e
2674.1a84:   00007ff78e2e7bcf / 0x0107bcf: 00 != 47
2674.1a84:   00007ff78e2e7bd0 / 0x0107bd0: 00 != 50
2674.1a84:   00007ff78e2e7bd1 / 0x0107bd1: 00 != 41
2674.1a84:   00007ff78e2e7bd2 / 0x0107bd2: 00 != 44
2674.1a84:   00007ff78e2e7bd3 / 0x0107bd3: 00 != 44
2674.1a84:   00007ff78e2e7bd4 / 0x0107bd4: 00 != 49
2674.1a84:   00007ff78e2e7bd5 / 0x0107bd5: 00 != 4e
2674.1a84:   00007ff78e2e7bd6 / 0x0107bd6: 00 != 47
2674.1a84:   00007ff78e2e7bd7 / 0x0107bd7: 00 != 58
2674.1a84:   00007ff78e2e7bd8 / 0x0107bd8: 00 != 58
2674.1a84:   00007ff78e2e7bd9 / 0x0107bd9: 00 != 50
2674.1a84:   00007ff78e2e7bda / 0x0107bda: 00 != 41
2674.1a84:   00007ff78e2e7bdb / 0x0107bdb: 00 != 44
2674.1a84:   00007ff78e2e7bdc / 0x0107bdc: 00 != 44
2674.1a84:   00007ff78e2e7bdd / 0x0107bdd: 00 != 49
2674.1a84:   00007ff78e2e7bde / 0x0107bde: 00 != 4e
2674.1a84:   00007ff78e2e7bdf / 0x0107bdf: 00 != 47
2674.1a84:   00007ff78e2e7be0 / 0x0107be0: 00 != 50
2674.1a84:   00007ff78e2e7be1 / 0x0107be1: 00 != 41
2674.1a84:   00007ff78e2e7be2 / 0x0107be2: 00 != 44
2674.1a84:   00007ff78e2e7be3 / 0x0107be3: 00 != 44
2674.1a84:   00007ff78e2e7be4 / 0x0107be4: 00 != 49
2674.1a84:   00007ff78e2e7be5 / 0x0107be5: 00 != 4e
2674.1a84:   00007ff78e2e7be6 / 0x0107be6: 00 != 47
2674.1a84:   00007ff78e2e7be7 / 0x0107be7: 00 != 58
2674.1a84:   00007ff78e2e7be8 / 0x0107be8: 00 != 58
2674.1a84:   00007ff78e2e7be9 / 0x0107be9: 00 != 50
2674.1a84:   00007ff78e2e7bea / 0x0107bea: 00 != 41
2674.1a84:   00007ff78e2e7beb / 0x0107beb: 00 != 44
2674.1a84:   00007ff78e2e7bec / 0x0107bec: 00 != 44
2674.1a84:   00007ff78e2e7bed / 0x0107bed: 00 != 49
2674.1a84:   00007ff78e2e7bee / 0x0107bee: 00 != 4e
2674.1a84:   00007ff78e2e7bef / 0x0107bef: 00 != 47
2674.1a84:   00007ff78e2e7bf0 / 0x0107bf0: 00 != 50
2674.1a84:   00007ff78e2e7bf1 / 0x0107bf1: 00 != 41
2674.1a84:   00007ff78e2e7bf2 / 0x0107bf2: 00 != 44
2674.1a84:   00007ff78e2e7bf3 / 0x0107bf3: 00 != 44
2674.1a84:   00007ff78e2e7bf4 / 0x0107bf4: 00 != 49
2674.1a84:   00007ff78e2e7bf5 / 0x0107bf5: 00 != 4e
2674.1a84:   00007ff78e2e7bf6 / 0x0107bf6: 00 != 47
2674.1a84:   00007ff78e2e7bf7 / 0x0107bf7: 00 != 58
2674.1a84:   00007ff78e2e7bf8 / 0x0107bf8: 00 != 58
2674.1a84:   00007ff78e2e7bf9 / 0x0107bf9: 00 != 50
2674.1a84:   00007ff78e2e7bfa / 0x0107bfa: 00 != 41
2674.1a84:   00007ff78e2e7bfb / 0x0107bfb: 00 != 44
2674.1a84:   00007ff78e2e7bfc / 0x0107bfc: 00 != 44
2674.1a84:   00007ff78e2e7bfd / 0x0107bfd: 00 != 49
2674.1a84:   00007ff78e2e7bfe / 0x0107bfe: 00 != 4e
2674.1a84:   00007ff78e2e7bff / 0x0107bff: 00 != 47
2674.1a84:   Restored 0x490 bytes of original file content at 00007ff78e2e7b70
2674.1a84: supR3HardNtChildPurify: cFixes=1 g_fSupAdversaries=0x80000000
2674.1a84: supR3HardNtChildPurify: Startup delay kludge #1/1: 518 ms, 31 sleeps
2674.1a84: supHardNtVpScanVirtualMemory: enmKind=CHILD_PURIFICATION
2674.1a84:  *0000000000000000-000000007ffdffff 0x0001/0x0000 0x0000000
2674.1a84:  *000000007ffe0000-000000007ffe0fff 0x0002/0x0002 0x0020000
2674.1a84:   000000007ffe1000-000000007ffebfff 0x0001/0x0000 0x0000000
2674.1a84:  *000000007ffec000-000000007ffecfff 0x0002/0x0002 0x0020000
2674.1a84:   000000007ffed000-000000272e9fffff 0x0001/0x0000 0x0000000
2674.1a84:  *000000272ea00000-000000272eb64fff 0x0000/0x0004 0x0020000
2674.1a84:   000000272eb65000-000000272eb67fff 0x0004/0x0004 0x0020000
2674.1a84:   000000272eb68000-000000272ebfffff 0x0000/0x0004 0x0020000
2674.1a84:  *000000272ec00000-000000272ecfafff 0x0000/0x0004 0x0020000
2674.1a84:   000000272ecfb000-000000272ecfdfff 0x0104/0x0004 0x0020000
2674.1a84:   000000272ecfe000-000000272ecfffff 0x0004/0x0004 0x0020000
2674.1a84:   000000272ed00000-0000017549f5ffff 0x0001/0x0000 0x0000000
2674.1a84:  *0000017549f60000-0000017549f7ffff 0x0004/0x0004 0x0020000
2674.1a84:  *0000017549f80000-0000017549f9efff 0x0002/0x0002 0x0040000
2674.1a84:   0000017549f9f000-0000017549f9ffff 0x0001/0x0000 0x0000000
2674.1a84:  *0000017549fa0000-0000017549fa3fff 0x0002/0x0002 0x0040000
2674.1a84:   0000017549fa4000-0000017549faffff 0x0001/0x0000 0x0000000
2674.1a84:  *0000017549fb0000-0000017549fb0fff 0x0002/0x0002 0x0040000
2674.1a84:   0000017549fb1000-0000017549fbffff 0x0001/0x0000 0x0000000
2674.1a84:  *0000017549fc0000-0000017549fc1fff 0x0004/0x0004 0x0020000
2674.1a84:   0000017549fc2000-00007df502a6ffff 0x0001/0x0000 0x0000000
2674.1a84:  *00007df502a70000-00007df502a70fff 0x0002/0x0002 0x0040000
2674.1a84:   00007df502a71000-00007df502a7ffff 0x0001/0x0000 0x0000000
2674.1a84:  *00007df502a80000-00007df504769fff 0x0000/0x0001 0x0040000
2674.1a84:   00007df50476a000-00007df504786fff 0x0001/0x0001 0x0040000
2674.1a84:   00007df504787000-00007df504864fff 0x0000/0x0001 0x0040000
2674.1a84:   00007df504865000-00007df504865fff 0x0001/0x0001 0x0040000
2674.1a84:   00007df504866000-00007ff4e0e06fff 0x0000/0x0001 0x0040000
2674.1a84:   00007ff4e0e07000-00007ff4e0e0bfff 0x0002/0x0001 0x0040000
2674.1a84:   00007ff4e0e0c000-00007ff4ee19dfff 0x0000/0x0001 0x0040000
2674.1a84:   00007ff4ee19e000-00007ff4f165cfff 0x0001/0x0001 0x0040000
2674.1a84:   00007ff4f165d000-00007ff4f1665fff 0x0002/0x0001 0x0040000
2674.1a84:   00007ff4f1666000-00007ff502a7ffff 0x0000/0x0001 0x0040000
2674.1a84:   00007ff502a80000-00007ff78e1dffff 0x0001/0x0000 0x0000000
2674.1a84:  *00007ff78e1e0000-00007ff78e1e0fff 0x0002/0x0080 0x1000000  \Device\HarddiskVolume3\Program Files\Oracle\VirtualBox\VirtualBoxVM.exe
2674.1a84:   00007ff78e1e1000-00007ff78e24bfff 0x0020/0x0080 0x1000000  \Device\HarddiskVolume3\Program Files\Oracle\VirtualBox\VirtualBoxVM.exe
2674.1a84:   00007ff78e24c000-00007ff78e24cfff 0x0040/0x0080 0x1000000  \Device\HarddiskVolume3\Program Files\Oracle\VirtualBox\VirtualBoxVM.exe
2674.1a84:   00007ff78e24d000-00007ff78e2a1fff 0x0002/0x0080 0x1000000  \Device\HarddiskVolume3\Program Files\Oracle\VirtualBox\VirtualBoxVM.exe
2674.1a84:   00007ff78e2a2000-00007ff78e2aefff 0x0004/0x0080 0x1000000  \Device\HarddiskVolume3\Program Files\Oracle\VirtualBox\VirtualBoxVM.exe
2674.1a84:   00007ff78e2af000-00007ff78e2e9fff 0x0002/0x0080 0x1000000  \Device\HarddiskVolume3\Program Files\Oracle\VirtualBox\VirtualBoxVM.exe
2674.1a84:   00007ff78e2ea000-00007ffbaf74ffff 0x0001/0x0000 0x0000000
2674.1a84:  *00007ffbaf750000-00007ffbaf750fff 0x0002/0x0080 0x1000000  \Device\HarddiskVolume3\Windows\System32\ntdll.dll
2674.1a84:   00007ffbaf751000-00007ffbaf881fff 0x0020/0x0080 0x1000000  \Device\HarddiskVolume3\Windows\System32\ntdll.dll
2674.1a84:   00007ffbaf882000-00007ffbaf8cffff 0x0002/0x0080 0x1000000  \Device\HarddiskVolume3\Windows\System32\ntdll.dll
2674.1a84:   00007ffbaf8d0000-00007ffbaf8d3fff 0x0008/0x0080 0x1000000  \Device\HarddiskVolume3\Windows\System32\ntdll.dll
2674.1a84:   00007ffbaf8d4000-00007ffbaf8dbfff 0x0004/0x0080 0x1000000  \Device\HarddiskVolume3\Windows\System32\ntdll.dll
2674.1a84:   00007ffbaf8dc000-00007ffbaf8eafff 0x0002/0x0080 0x1000000  \Device\HarddiskVolume3\Windows\System32\ntdll.dll
2674.1a84:   00007ffbaf8eb000-00007ffbaf8ebfff 0x0004/0x0080 0x1000000  \Device\HarddiskVolume3\Windows\System32\ntdll.dll
2674.1a84:   00007ffbaf8ec000-00007ffbaf8eefff 0x0008/0x0080 0x1000000  \Device\HarddiskVolume3\Windows\System32\ntdll.dll
2674.1a84:   00007ffbaf8ef000-00007ffbaf966fff 0x0002/0x0080 0x1000000  \Device\HarddiskVolume3\Windows\System32\ntdll.dll
2674.1a84:   00007ffbaf967000-00007ffffffeffff 0x0001/0x0000 0x0000000
2674.1a84: supR3HardNtChildPurify: Done after 895 ms and 1 fixes (loop #1).
2f54.3aa0: supR3HardenedVmProcessInit: uNtDllAddr=00007ffbaf750000 g_uNtVerCombined=0xa0585d00 (stack ~000000272ecfea10)
2f54.3aa0: ntdll.dll: timestamp 0xf9f266e7 (rc=VINF_SUCCESS)
2f54.3aa0: New simple heap: #1 000001754a0d0000 LB 0x800000 (for 2191360 allocation)
2674.1a84: supR3HardNtEnableThreadCreationEx:
2f54.3aa0: supR3HardenedWinInitAppBin(0x0): '\Device\HarddiskVolume3\Program Files\Oracle\VirtualBox'
2f54.3aa0: System32:  \Device\HarddiskVolume3\Windows\System32
2f54.3aa0: WinSxS:    \Device\HarddiskVolume3\Windows\WinSxS
2f54.3aa0: KnownDllPath: C:\Windows\System32
2f54.3aa0: supR3HardenedVmProcessInit: Opening vboxsup stub...
2f54.3aa0: supR3HardenedVmProcessInit: Restoring LdrInitializeThunk...
2f54.3aa0: supR3HardenedVmProcessInit: Returning to LdrInitializeThunk...
2f54.3aa0: Registered Dll notification callback with NTDLL.
2f54.3aa0: supHardenedWinVerifyImageByHandle: -> 0 (\Device\HarddiskVolume3\Windows\System32\kernel32.dll)
2f54.3aa0: supR3HardenedWinVerifyCacheInsert: \Device\HarddiskVolume3\Windows\System32\kernel32.dll
2f54.3aa0: supR3HardenedMonitor_LdrLoadDll: pName=C:\Windows\System32\KERNEL32.DLL (Input=KERNEL32.DLL, rcNtResolve=0xc0150008) *pfFlags=0xffffffff pwszSearchPath=0000000000004001:<flags> [calling]
2f54.3aa0: supR3HardenedDllNotificationCallback: load   00007ffbace10000 LB 0x003b7000 C:\Windows\System32\KERNELBASE.dll [fFlags=0x0]
2f54.3aa0: supHardenedWinVerifyImageByHandle: -> 0 (\Device\HarddiskVolume3\Windows\System32\KernelBase.dll)
2f54.3aa0: supR3HardenedWinVerifyCacheInsert: \Device\HarddiskVolume3\Windows\System32\KernelBase.dll
2f54.3aa0: supR3HardenedDllNotificationCallback: load   00007ffbadbf0000 LB 0x000c4000 C:\Windows\System32\KERNEL32.DLL [fFlags=0x0]
2f54.3aa0: supR3HardenedScreenImage/LdrLoadDll: cache hit (VINF_SUCCESS) on \Device\HarddiskVolume3\Windows\System32\kernel32.dll [lacks WinVerifyTrust]
2f54.3aa0: supR3HardenedMonitor_LdrLoadDll: returns rcNt=0x0 hMod=00007ffbadbf0000 'C:\Windows\System32\KERNEL32.DLL'
2f54.3aa0: supR3HardenedDllNotificationCallback: load   00007ff78e1e0000 LB 0x0010a000 C:\Program Files\Oracle\VirtualBox\VirtualBoxVM.exe [fFlags=0x0]
2f54.3aa0: '\Device\HarddiskVolume3\Program Files\Oracle\VirtualBox\VirtualBoxVM.exe' has no imports
2f54.3aa0: supHardenedWinVerifyImageByHandle: -> 0 (\Device\HarddiskVolume3\Program Files\Oracle\VirtualBox\VirtualBoxVM.exe)
2f54.3aa0: supR3HardenedWinVerifyCacheInsert: \Device\HarddiskVolume3\Program Files\Oracle\VirtualBox\VirtualBoxVM.exe
2f54.3aa0: supR3HardNtDisableThreadCreation: pvLdrInitThunk=00007ffbaf7c42c0 pvNtTerminateThread=00007ffbaf7f0b20 g_LdrInitThunkSelfBackup.cb=0
2f54.3aa0: supR3HardNtDisableThreadCreationEx: Backup=40 53 48 83 ec 20 48 8b d9 e8 1a 00 00 00 b2 01
2674.1a84: supR3HardNtChildWaitFor: Found expected request 1 (CloseEvents) after 125 ms.
2f54.3aa0: \SystemRoot\System32\ntdll.dll:
2f54.3aa0:     CreationTime:    2024-11-25T16:31:34.039856900Z
2f54.3aa0:     LastWriteTime:   2024-11-25T16:31:34.118276800Z
2f54.3aa0:     ChangeTime:      2024-11-25T17:22:55.627136900Z
2f54.3aa0:     FileAttributes:  0x20
2f54.3aa0:     Size:            0x216090
2f54.3aa0:     NT Headers:      0xe8
2f54.3aa0:     Timestamp:       0xf9f266e7
2f54.3aa0:     Machine:         0x8664 - amd64
2f54.3aa0:     Timestamp:       0xf9f266e7
2f54.3aa0:     Image Version:   10.0
2f54.3aa0:     SizeOfImage:     0x217000 (2191360)
2f54.3aa0:     Resource Dir:    0x1a0000 LB 0x759a8
2f54.3aa0:     [Version info resource found at 0xd8! (ID/Name: 0x1; SubID/SubName: 0x409)]
2f54.3aa0:     [Raw version resource data: 0x1a00f0 LB 0x380, codepage 0x0 (reserved 0x0)]
2f54.3aa0:     ProductName:     Microsoft® Windows® Operating System
2f54.3aa0:     ProductVersion:  10.0.22621.4317
2f54.3aa0:     FileVersion:     10.0.22621.4317 (WinBuild.160101.0800)
2f54.3aa0:     FileDescription: NT Layer DLL
2f54.3aa0: \SystemRoot\System32\kernel32.dll:
2f54.3aa0:     CreationTime:    2024-11-25T16:31:33.195943400Z
2f54.3aa0:     LastWriteTime:   2024-11-25T16:31:33.230277100Z
2f54.3aa0:     ChangeTime:      2024-11-25T17:22:46.785018000Z
2f54.3aa0:     FileAttributes:  0x20
2f54.3aa0:     Size:            0xc7168
2f54.3aa0:     NT Headers:      0xe8
2f54.3aa0:     Timestamp:       0xa9f358b9
2f54.3aa0:     Machine:         0x8664 - amd64
2f54.3aa0:     Timestamp:       0xa9f358b9
2f54.3aa0:     Image Version:   10.0
2f54.3aa0:     SizeOfImage:     0xc4000 (802816)
2f54.3aa0:     Resource Dir:    0xc2000 LB 0x520
2f54.3aa0:     [Version info resource found at 0x90! (ID/Name: 0x1; SubID/SubName: 0x409)]
2f54.3aa0:     [Raw version resource data: 0xc20b0 LB 0x3a4, codepage 0x0 (reserved 0x0)]
2f54.3aa0:     ProductName:     Microsoft® Windows® Operating System
2f54.3aa0:     ProductVersion:  10.0.22621.3958
2f54.3aa0:     FileVersion:     10.0.22621.3958 (WinBuild.160101.0800)
2f54.3aa0:     FileDescription: Windows NT BASE API Client DLL
2f54.3aa0: \SystemRoot\System32\KernelBase.dll:
2f54.3aa0:     CreationTime:    2024-11-25T16:31:35.457091000Z
2f54.3aa0:     LastWriteTime:   2024-11-25T16:31:35.705850500Z
2f54.3aa0:     ChangeTime:      2024-11-25T17:22:54.502373100Z
2f54.3aa0:     FileAttributes:  0x20
2f54.3aa0:     Size:            0x3bdba0
2f54.3aa0:     NT Headers:      0xf8
2f54.3aa0:     Timestamp:       0xcf64c6a
2f54.3aa0:     Machine:         0x8664 - amd64
2f54.3aa0:     Timestamp:       0xcf64c6a
2f54.3aa0:     Image Version:   10.0
2f54.3aa0:     SizeOfImage:     0x3b7000 (3895296)
2f54.3aa0:     Resource Dir:    0x386000 LB 0x548
2f54.3aa0:     [Version info resource found at 0x90! (ID/Name: 0x1; SubID/SubName: 0x409)]
2f54.3aa0:     [Raw version resource data: 0x3860b0 LB 0x3bc, codepage 0x0 (reserved 0x0)]
2f54.3aa0:     ProductName:     Microsoft® Windows® Operating System
2f54.3aa0:     ProductVersion:  10.0.22621.4249
2f54.3aa0:     FileVersion:     10.0.22621.4249 (WinBuild.160101.0800)
2f54.3aa0:     FileDescription: Windows NT BASE API Client DLL
2f54.3aa0: \SystemRoot\System32\apisetschema.dll:
2f54.3aa0:     CreationTime:    2024-11-25T16:30:33.456618000Z
2f54.3aa0:     LastWriteTime:   2024-11-25T16:30:33.458504000Z
2f54.3aa0:     ChangeTime:      2024-11-25T17:22:51.456252800Z
2f54.3aa0:     FileAttributes:  0x20
2f54.3aa0:     Size:            0x245e0
2f54.3aa0:     NT Headers:      0xc8
2f54.3aa0:     Timestamp:       0x8f476251
2f54.3aa0:     Machine:         0x8664 - amd64
2f54.3aa0:     Timestamp:       0x8f476251
2f54.3aa0:     Image Version:   10.0
2f54.3aa0:     SizeOfImage:     0x23000 (143360)
2f54.3aa0:     Resource Dir:    0x22000 LB 0x408
2f54.3aa0:     [Version info resource found at 0x48! (ID/Name: 0x1; SubID/SubName: 0x409)]
2f54.3aa0:     [Raw version resource data: 0x22060 LB 0x3a8, codepage 0x0 (reserved 0x0)]
2f54.3aa0:     ProductName:     Microsoft® Windows® Operating System
2f54.3aa0:     ProductVersion:  10.0.22621.3958
2f54.3aa0:     FileVersion:     10.0.22621.3958 (WinBuild.160101.0800)
2f54.3aa0:     FileDescription: ApiSet Schema DLL
2f54.3aa0: supR3HardenedWinFindAdversaries: 0x0
2f54.3aa0: supR3HardenedWinInitAppBin(0x0): '\Device\HarddiskVolume3\Program Files\Oracle\VirtualBox'
2f54.3aa0: Calling main()
2f54.3aa0: SUPR3HardenedMain: pszProgName=VirtualBoxVM fFlags=0x2
2f54.3aa0: supR3HardenedWinInitAppBin(0x2): '\Device\HarddiskVolume3\Program Files\Oracle\VirtualBox'
2f54.3aa0: '\Device\HarddiskVolume3\Program Files\Oracle\VirtualBox\VirtualBoxVM.exe' has no imports
2f54.3aa0: supHardenedWinVerifyImageByHandle: -> 0 (\Device\HarddiskVolume3\Program Files\Oracle\VirtualBox\VirtualBoxVM.exe)
2f54.3aa0: SUPR3HardenedMain: Respawn #2
2f54.3aa0: supR3HardNtEnableThreadCreationEx:
2f54.3aa0: supR3HardenedDllNotificationCallback: load   00007ffbacd70000 LB 0x00028000 C:\Windows\System32\bcrypt.dll [fFlags=0x0]
2f54.3aa0: supHardenedWinVerifyImageByHandle: -> 0 (\Device\HarddiskVolume3\Windows\System32\bcrypt.dll)
2f54.3aa0: supR3HardenedWinVerifyCacheInsert: \Device\HarddiskVolume3\Windows\System32\bcrypt.dll
2f54.3aa0: supR3HardenedDllNotificationCallback: load   00007ffbae4e0000 LB 0x000a8000 C:\Windows\System32\sechost.dll [fFlags=0x0]
2f54.3aa0: supR3HardenedWinVerifyCacheScheduleImports: Import todo: #24 'bcrypt.dll'.
2f54.3aa0: supHardenedWinVerifyImageByHandle: -> 0 (\Device\HarddiskVolume3\Windows\System32\sechost.dll)
2f54.3aa0: supR3HardenedWinVerifyCacheInsert: \Device\HarddiskVolume3\Windows\System32\sechost.dll
2f54.3aa0: '\Device\HarddiskVolume3\Windows\System32\ntdll.dll' has no imports
2f54.3aa0: supHardenedWinVerifyImageByHandle: -> 0 (\Device\HarddiskVolume3\Windows\System32\ntdll.dll)
2f54.3aa0: supR3HardenedWinVerifyCacheInsert: \Device\HarddiskVolume3\Windows\System32\ntdll.dll
2f54.3aa0: supR3HardenedWinVerifyCacheProcessImportTodos: Processing 'bcrypt.dll'...
2f54.3aa0: supR3HardenedWinVerifyCacheProcessImportTodos: 'bcrypt.dll' -> '\Device\HarddiskVolume3\Windows\System32\bcrypt.dll' [rcNtRedir=0xc0150008]
2f54.3aa0: supR3HardenedScreenImage/Imports: cache hit (VINF_SUCCESS) on \Device\HarddiskVolume3\Windows\System32\bcrypt.dll [lacks WinVerifyTrust]
2f54.3aa0: supR3HardenedMonitor_LdrLoadDll: pName=C:\Windows\System32\ntdll.dll (Input=ntdll.dll, rcNtResolve=0xc0150008) *pfFlags=0x0 pwszSearchPath=0000000000000801:<flags> [calling]
2f54.3aa0: supR3HardenedMonitor_LdrLoadDll: returns rcNt=0x0 hMod=00007ffbaf750000 'C:\Windows\System32\ntdll.dll'
2f54.3aa0: supR3HardenedScreenImage/LdrLoadDll: cache hit (VINF_SUCCESS) on \Device\HarddiskVolume3\Windows\System32\KernelBase.dll [lacks WinVerifyTrust]
2f54.3aa0: supR3HardenedMonitor_LdrLoadDll: pName=C:\Windows\System32\KernelBase.dll (Input=KernelBase, rcNtResolve=0xc0150008) *pfFlags=0x0 pwszSearchPath=0000000000000801:<flags> [calling]
2f54.3aa0: supR3HardenedMonitor_LdrLoadDll: returns rcNt=0x0 hMod=00007ffbace10000 'C:\Windows\System32\KernelBase.dll'
2f54.3aa0: supHardenedWinVerifyImageByHandle: -> 0 (\Device\HarddiskVolume3\Windows\System32\apphelp.dll)
2f54.3aa0: supR3HardenedWinVerifyCacheInsert: \Device\HarddiskVolume3\Windows\System32\apphelp.dll
2f54.3aa0: supR3HardenedMonitor_LdrLoadDll: pName=C:\Windows\system32\apphelp.dll (rcNtResolve=0xc0150008) *pfFlags=0xffffffff pwszSearchPath=0000000000000000:<flags> [calling]
2f54.3aa0: supR3HardenedScreenImage/NtCreateSection: cache hit (VINF_SUCCESS) on \Device\HarddiskVolume3\Windows\System32\apphelp.dll [lacks WinVerifyTrust]
2f54.3aa0: supR3HardenedDllNotificationCallback: load   00007ffba9330000 LB 0x00097000 C:\Windows\system32\apphelp.dll [fFlags=0x0]
2f54.3aa0: supR3HardenedScreenImage/LdrLoadDll: cache hit (VINF_SUCCESS) on \Device\HarddiskVolume3\Windows\System32\apphelp.dll [lacks WinVerifyTrust]
2f54.3aa0: supR3HardenedScreenImage/LdrLoadDll: cache hit (VINF_SUCCESS) on \Device\HarddiskVolume3\Windows\System32\ntdll.dll [lacks WinVerifyTrust]
2f54.3aa0: supR3HardenedMonitor_LdrLoadDll: pName=C:\Windows\System32\ntdll.dll (Input=ntdll.dll, rcNtResolve=0xc0150008) *pfFlags=0x0 pwszSearchPath=0000000000000801:<flags> [calling]
2f54.3aa0: supR3HardenedMonitor_LdrLoadDll: returns rcNt=0x0 hMod=00007ffbaf750000 'C:\Windows\System32\ntdll.dll'
2f54.3aa0: supR3HardenedScreenImage/LdrLoadDll: cache hit (VINF_SUCCESS) on \Device\HarddiskVolume3\Windows\System32\ntdll.dll [lacks WinVerifyTrust]
2f54.3aa0: supR3HardenedMonitor_LdrLoadDll: pName=C:\Windows\System32\ntdll.dll (Input=ntdll.dll, rcNtResolve=0xc0150008) *pfFlags=0x0 pwszSearchPath=0000000000000801:<flags> [calling]
2f54.3aa0: supR3HardenedMonitor_LdrLoadDll: returns rcNt=0x0 hMod=00007ffbaf750000 'C:\Windows\System32\ntdll.dll'
2f54.3aa0: supR3HardenedMonitor_LdrLoadDll: returns rcNt=0x0 hMod=00007ffba9330000 'C:\Windows\system32\apphelp.dll'
2f54.3aa0: supR3HardNtDisableThreadCreation: pvLdrInitThunk=00007ffbaf7c42c0 pvNtTerminateThread=00007ffbaf7f0b20 g_LdrInitThunkSelfBackup.cb=10
2f54.3aa0: supR3HardenedWinDoReSpawn(2): New child 234c.1b7c [kernel32].
2f54.3aa0: supR3HardenedWinReSpawn: NtSetInformationThread/ThreadHideFromDebugger failed: 0xc0000022 (harmless)
2f54.3aa0: supR3HardNtChildGatherData: PebBaseAddress=0000000bb60bc000 cbPeb=0x388
2f54.3aa0: supR3HardNtPuChFindNtdll: uNtDllParentAddr=00007ffbaf750000 uNtDllChildAddr=00007ffbaf750000
2f54.3aa0: supR3HardenedWinSetupChildInit: uLdrInitThunk=00007ffbaf7c42c0
2f54.3aa0: supR3HardenedWinSetupChildInit: Initial context:
  rax=0000000000000000 rbx=0000000000000000 rcx=00007ff78e1eb8e0 rdx=0000000bb60bc000
  rsi=0000000000000000 rdi=0000000000000000 r8 =0000000000000000 r9 =0000000000000000
  r10=0000000000000000 r11=0000000000000000 r12=0000000000000000 r13=0000000000000000
  r14=0000000000000000 r15=0000000000000000  P1=0000000000000000  P2=0000000000000000
  rip=00007ffbaf7aaee0 rsp=0000000bb62fffc8 rbp=0000000000000000    ctxflags=0010001b
  cs=0033 ss=002b ds=0000 es=0000 fs=0000 gs=0000    eflags=00000200   mxcrx=00001f80
   P3=0000000000000000  P4=0000000000000000  P5=0000000000000000  P6=0000000000000000
  dr0=0000000000000000 dr1=0000000000000000 dr2=0000000000000000 dr3=0000000000000000
  dr6=0000000000000000 dr7=0000000000000000 vcr=0000000000000000 dcr=0000000000000000
  lbt=0000000000000000 lbf=0000000000000000 lxt=0000000000000000 lxf=0000000000000000
2f54.3aa0: kernel32.dll: timestamp 0xa9f358b9 (rc=VINF_SUCCESS)
2f54.3aa0: supR3HardenedWinSetupChildInit: Start child.
2f54.3aa0: supR3HardNtChildWaitFor: Found expected request 0 (PurifyChildAndCloseHandles) after 0 ms.
2f54.3aa0: supR3HardNtChildPurify: Startup delay kludge #1/0: 266 ms, 16 sleeps
2f54.3aa0: supHardNtVpScanVirtualMemory: enmKind=CHILD_PURIFICATION
2f54.3aa0:  *0000000000000000-000000007ffdffff 0x0001/0x0000 0x0000000
2f54.3aa0:  *000000007ffe0000-000000007ffe0fff 0x0002/0x0002 0x0020000
2f54.3aa0:   000000007ffe1000-000000007ffebfff 0x0001/0x0000 0x0000000
2f54.3aa0:  *000000007ffec000-000000007ffecfff 0x0002/0x0002 0x0020000
2f54.3aa0:   000000007ffed000-0000000bb5ffffff 0x0001/0x0000 0x0000000
2f54.3aa0:  *0000000bb6000000-0000000bb60bbfff 0x0000/0x0004 0x0020000
2f54.3aa0:   0000000bb60bc000-0000000bb60befff 0x0004/0x0004 0x0020000
2f54.3aa0:   0000000bb60bf000-0000000bb61fffff 0x0000/0x0004 0x0020000
2f54.3aa0:  *0000000bb6200000-0000000bb62fafff 0x0000/0x0004 0x0020000
2f54.3aa0:   0000000bb62fb000-0000000bb62fdfff 0x0104/0x0004 0x0020000
2f54.3aa0:   0000000bb62fe000-0000000bb62fffff 0x0004/0x0004 0x0020000
2f54.3aa0:   0000000bb6300000-000001e52bffffff 0x0001/0x0000 0x0000000
2f54.3aa0:  *000001e52c000000-000001e52c01ffff 0x0004/0x0004 0x0020000
2f54.3aa0:  *000001e52c020000-000001e52c03efff 0x0002/0x0002 0x0040000
2f54.3aa0:   000001e52c03f000-000001e52c03ffff 0x0001/0x0000 0x0000000
2f54.3aa0:  *000001e52c040000-000001e52c043fff 0x0002/0x0002 0x0040000
2f54.3aa0:   000001e52c044000-000001e52c04ffff 0x0001/0x0000 0x0000000
2f54.3aa0:  *000001e52c050000-000001e52c050fff 0x0002/0x0002 0x0040000
2f54.3aa0:   000001e52c051000-000001e52c05ffff 0x0001/0x0000 0x0000000
2f54.3aa0:  *000001e52c060000-000001e52c061fff 0x0004/0x0004 0x0020000
2f54.3aa0:   000001e52c062000-00007df564acffff 0x0001/0x0000 0x0000000
2f54.3aa0:  *00007df564ad0000-00007df564ad0fff 0x0002/0x0002 0x0040000
2f54.3aa0:   00007df564ad1000-00007df564adffff 0x0001/0x0000 0x0000000
2f54.3aa0:  *00007df564ae0000-00007df5667c9fff 0x0000/0x0001 0x0040000
2f54.3aa0:   00007df5667ca000-00007df5667e6fff 0x0001/0x0001 0x0040000
2f54.3aa0:   00007df5667e7000-00007df5668c4fff 0x0000/0x0001 0x0040000
2f54.3aa0:   00007df5668c5000-00007df5668c5fff 0x0001/0x0001 0x0040000
2f54.3aa0:   00007df5668c6000-00007ff542e66fff 0x0000/0x0001 0x0040000
2f54.3aa0:   00007ff542e67000-00007ff542e6bfff 0x0002/0x0001 0x0040000
2f54.3aa0:   00007ff542e6c000-00007ff5501fdfff 0x0000/0x0001 0x0040000
2f54.3aa0:   00007ff5501fe000-00007ff5536bcfff 0x0001/0x0001 0x0040000
2f54.3aa0:   00007ff5536bd000-00007ff5536c5fff 0x0002/0x0001 0x0040000
2f54.3aa0:   00007ff5536c6000-00007ff564adffff 0x0000/0x0001 0x0040000
2f54.3aa0:   00007ff564ae0000-00007ff78e1dffff 0x0001/0x0000 0x0000000
2f54.3aa0:  *00007ff78e1e0000-00007ff78e1e0fff 0x0002/0x0080 0x1000000  \Device\HarddiskVolume3\Program Files\Oracle\VirtualBox\VirtualBoxVM.exe
2f54.3aa0:   00007ff78e1e1000-00007ff78e24bfff 0x0020/0x0080 0x1000000  \Device\HarddiskVolume3\Program Files\Oracle\VirtualBox\VirtualBoxVM.exe
2f54.3aa0:   00007ff78e24c000-00007ff78e24cfff 0x0080/0x0080 0x1000000  \Device\HarddiskVolume3\Program Files\Oracle\VirtualBox\VirtualBoxVM.exe
2f54.3aa0:   00007ff78e24d000-00007ff78e2a1fff 0x0002/0x0080 0x1000000  \Device\HarddiskVolume3\Program Files\Oracle\VirtualBox\VirtualBoxVM.exe
2f54.3aa0:   00007ff78e2a2000-00007ff78e2a2fff 0x0004/0x0080 0x1000000  \Device\HarddiskVolume3\Program Files\Oracle\VirtualBox\VirtualBoxVM.exe
2f54.3aa0:   00007ff78e2a3000-00007ff78e2a3fff 0x0008/0x0080 0x1000000  \Device\HarddiskVolume3\Program Files\Oracle\VirtualBox\VirtualBoxVM.exe
2f54.3aa0:   00007ff78e2a4000-00007ff78e2a9fff 0x0004/0x0080 0x1000000  \Device\HarddiskVolume3\Program Files\Oracle\VirtualBox\VirtualBoxVM.exe
2f54.3aa0:   00007ff78e2aa000-00007ff78e2aefff 0x0008/0x0080 0x1000000  \Device\HarddiskVolume3\Program Files\Oracle\VirtualBox\VirtualBoxVM.exe
2f54.3aa0:   00007ff78e2af000-00007ff78e2e9fff 0x0002/0x0080 0x1000000  \Device\HarddiskVolume3\Program Files\Oracle\VirtualBox\VirtualBoxVM.exe
2f54.3aa0:   00007ff78e2ea000-00007ffbaf74ffff 0x0001/0x0000 0x0000000
2f54.3aa0:  *00007ffbaf750000-00007ffbaf750fff 0x0002/0x0080 0x1000000  \Device\HarddiskVolume3\Windows\System32\ntdll.dll
2f54.3aa0:   00007ffbaf751000-00007ffbaf881fff 0x0020/0x0080 0x1000000  \Device\HarddiskVolume3\Windows\System32\ntdll.dll
2f54.3aa0:   00007ffbaf882000-00007ffbaf8cffff 0x0002/0x0080 0x1000000  \Device\HarddiskVolume3\Windows\System32\ntdll.dll
2f54.3aa0:   00007ffbaf8d0000-00007ffbaf8dbfff 0x0008/0x0080 0x1000000  \Device\HarddiskVolume3\Windows\System32\ntdll.dll
2f54.3aa0:   00007ffbaf8dc000-00007ffbaf8eafff 0x0002/0x0080 0x1000000  \Device\HarddiskVolume3\Windows\System32\ntdll.dll
2f54.3aa0:   00007ffbaf8eb000-00007ffbaf8ebfff 0x0004/0x0080 0x1000000  \Device\HarddiskVolume3\Windows\System32\ntdll.dll
2f54.3aa0:   00007ffbaf8ec000-00007ffbaf8eefff 0x0008/0x0080 0x1000000  \Device\HarddiskVolume3\Windows\System32\ntdll.dll
2f54.3aa0:   00007ffbaf8ef000-00007ffbaf966fff 0x0002/0x0080 0x1000000  \Device\HarddiskVolume3\Windows\System32\ntdll.dll
2f54.3aa0:   00007ffbaf967000-00007ffffffeffff 0x0001/0x0000 0x0000000
2f54.3aa0: VirtualBoxVM.exe: timestamp 0x68c1bc1a (rc=VINF_SUCCESS)
2f54.3aa0: '\Device\HarddiskVolume3\Program Files\Oracle\VirtualBox\VirtualBoxVM.exe' has no imports
2f54.3aa0: VirtualBoxVM.exe: Differences in section #8 (.rsrc) between file and memory:
2f54.3aa0:   00007ff78e2e7b70 / 0x0107b70: 00 != 50
2f54.3aa0:   00007ff78e2e7b71 / 0x0107b71: 00 != 41
2f54.3aa0:   00007ff78e2e7b72 / 0x0107b72: 00 != 44
2f54.3aa0:   00007ff78e2e7b73 / 0x0107b73: 00 != 44
2f54.3aa0:   00007ff78e2e7b74 / 0x0107b74: 00 != 49
2f54.3aa0:   00007ff78e2e7b75 / 0x0107b75: 00 != 4e
2f54.3aa0:   00007ff78e2e7b76 / 0x0107b76: 00 != 47
2f54.3aa0:   00007ff78e2e7b77 / 0x0107b77: 00 != 58
2f54.3aa0:   00007ff78e2e7b78 / 0x0107b78: 00 != 58
2f54.3aa0:   00007ff78e2e7b79 / 0x0107b79: 00 != 50
2f54.3aa0:   00007ff78e2e7b7a / 0x0107b7a: 00 != 41
2f54.3aa0:   00007ff78e2e7b7b / 0x0107b7b: 00 != 44
2f54.3aa0:   00007ff78e2e7b7c / 0x0107b7c: 00 != 44
2f54.3aa0:   00007ff78e2e7b7d / 0x0107b7d: 00 != 49
2f54.3aa0:   00007ff78e2e7b7e / 0x0107b7e: 00 != 4e
2f54.3aa0:   00007ff78e2e7b7f / 0x0107b7f: 00 != 47
2f54.3aa0:   00007ff78e2e7b80 / 0x0107b80: 00 != 50
2f54.3aa0:   00007ff78e2e7b81 / 0x0107b81: 00 != 41
2f54.3aa0:   00007ff78e2e7b82 / 0x0107b82: 00 != 44
2f54.3aa0:   00007ff78e2e7b83 / 0x0107b83: 00 != 44
2f54.3aa0:   00007ff78e2e7b84 / 0x0107b84: 00 != 49
2f54.3aa0:   00007ff78e2e7b85 / 0x0107b85: 00 != 4e
2f54.3aa0:   00007ff78e2e7b86 / 0x0107b86: 00 != 47
2f54.3aa0:   00007ff78e2e7b87 / 0x0107b87: 00 != 58
2f54.3aa0:   00007ff78e2e7b88 / 0x0107b88: 00 != 58
2f54.3aa0:   00007ff78e2e7b89 / 0x0107b89: 00 != 50
2f54.3aa0:   00007ff78e2e7b8a / 0x0107b8a: 00 != 41
2f54.3aa0:   00007ff78e2e7b8b / 0x0107b8b: 00 != 44
2f54.3aa0:   00007ff78e2e7b8c / 0x0107b8c: 00 != 44
2f54.3aa0:   00007ff78e2e7b8d / 0x0107b8d: 00 != 49
2f54.3aa0:   00007ff78e2e7b8e / 0x0107b8e: 00 != 4e
2f54.3aa0:   00007ff78e2e7b8f / 0x0107b8f: 00 != 47
2f54.3aa0:   00007ff78e2e7b90 / 0x0107b90: 00 != 50
2f54.3aa0:   00007ff78e2e7b91 / 0x0107b91: 00 != 41
2f54.3aa0:   00007ff78e2e7b92 / 0x0107b92: 00 != 44
2f54.3aa0:   00007ff78e2e7b93 / 0x0107b93: 00 != 44
2f54.3aa0:   00007ff78e2e7b94 / 0x0107b94: 00 != 49
2f54.3aa0:   00007ff78e2e7b95 / 0x0107b95: 00 != 4e
2f54.3aa0:   00007ff78e2e7b96 / 0x0107b96: 00 != 47
2f54.3aa0:   00007ff78e2e7b97 / 0x0107b97: 00 != 58
2f54.3aa0:   00007ff78e2e7b98 / 0x0107b98: 00 != 58
2f54.3aa0:   00007ff78e2e7b99 / 0x0107b99: 00 != 50
2f54.3aa0:   00007ff78e2e7b9a / 0x0107b9a: 00 != 41
2f54.3aa0:   00007ff78e2e7b9b / 0x0107b9b: 00 != 44
2f54.3aa0:   00007ff78e2e7b9c / 0x0107b9c: 00 != 44
2f54.3aa0:   00007ff78e2e7b9d / 0x0107b9d: 00 != 49
2f54.3aa0:   00007ff78e2e7b9e / 0x0107b9e: 00 != 4e
2f54.3aa0:   00007ff78e2e7b9f / 0x0107b9f: 00 != 47
2f54.3aa0:   00007ff78e2e7ba0 / 0x0107ba0: 00 != 50
2f54.3aa0:   00007ff78e2e7ba1 / 0x0107ba1: 00 != 41
2f54.3aa0:   00007ff78e2e7ba2 / 0x0107ba2: 00 != 44
2f54.3aa0:   00007ff78e2e7ba3 / 0x0107ba3: 00 != 44
2f54.3aa0:   00007ff78e2e7ba4 / 0x0107ba4: 00 != 49
2f54.3aa0:   00007ff78e2e7ba5 / 0x0107ba5: 00 != 4e
2f54.3aa0:   00007ff78e2e7ba6 / 0x0107ba6: 00 != 47
2f54.3aa0:   00007ff78e2e7ba7 / 0x0107ba7: 00 != 58
2f54.3aa0:   00007ff78e2e7ba8 / 0x0107ba8: 00 != 58
2f54.3aa0:   00007ff78e2e7ba9 / 0x0107ba9: 00 != 50
2f54.3aa0:   00007ff78e2e7baa / 0x0107baa: 00 != 41
2f54.3aa0:   00007ff78e2e7bab / 0x0107bab: 00 != 44
2f54.3aa0:   00007ff78e2e7bac / 0x0107bac: 00 != 44
2f54.3aa0:   00007ff78e2e7bad / 0x0107bad: 00 != 49
2f54.3aa0:   00007ff78e2e7bae / 0x0107bae: 00 != 4e
2f54.3aa0:   00007ff78e2e7baf / 0x0107baf: 00 != 47
2f54.3aa0:   00007ff78e2e7bb0 / 0x0107bb0: 00 != 50
2f54.3aa0:   00007ff78e2e7bb1 / 0x0107bb1: 00 != 41
2f54.3aa0:   00007ff78e2e7bb2 / 0x0107bb2: 00 != 44
2f54.3aa0:   00007ff78e2e7bb3 / 0x0107bb3: 00 != 44
2f54.3aa0:   00007ff78e2e7bb4 / 0x0107bb4: 00 != 49
2f54.3aa0:   00007ff78e2e7bb5 / 0x0107bb5: 00 != 4e
2f54.3aa0:   00007ff78e2e7bb6 / 0x0107bb6: 00 != 47
2f54.3aa0:   00007ff78e2e7bb7 / 0x0107bb7: 00 != 58
2f54.3aa0:   00007ff78e2e7bb8 / 0x0107bb8: 00 != 58
2f54.3aa0:   00007ff78e2e7bb9 / 0x0107bb9: 00 != 50
2f54.3aa0:   00007ff78e2e7bba / 0x0107bba: 00 != 41
2f54.3aa0:   00007ff78e2e7bbb / 0x0107bbb: 00 != 44
2f54.3aa0:   00007ff78e2e7bbc / 0x0107bbc: 00 != 44
2f54.3aa0:   00007ff78e2e7bbd / 0x0107bbd: 00 != 49
2f54.3aa0:   00007ff78e2e7bbe / 0x0107bbe: 00 != 4e
2f54.3aa0:   00007ff78e2e7bbf / 0x0107bbf: 00 != 47
2f54.3aa0:   00007ff78e2e7bc0 / 0x0107bc0: 00 != 50
2f54.3aa0:   00007ff78e2e7bc1 / 0x0107bc1: 00 != 41
2f54.3aa0:   00007ff78e2e7bc2 / 0x0107bc2: 00 != 44
2f54.3aa0:   00007ff78e2e7bc3 / 0x0107bc3: 00 != 44
2f54.3aa0:   00007ff78e2e7bc4 / 0x0107bc4: 00 != 49
2f54.3aa0:   00007ff78e2e7bc5 / 0x0107bc5: 00 != 4e
2f54.3aa0:   00007ff78e2e7bc6 / 0x0107bc6: 00 != 47
2f54.3aa0:   00007ff78e2e7bc7 / 0x0107bc7: 00 != 58
2f54.3aa0:   00007ff78e2e7bc8 / 0x0107bc8: 00 != 58
2f54.3aa0:   00007ff78e2e7bc9 / 0x0107bc9: 00 != 50
2f54.3aa0:   00007ff78e2e7bca / 0x0107bca: 00 != 41
2f54.3aa0:   00007ff78e2e7bcb / 0x0107bcb: 00 != 44
2f54.3aa0:   00007ff78e2e7bcc / 0x0107bcc: 00 != 44
2f54.3aa0:   00007ff78e2e7bcd / 0x0107bcd: 00 != 49
2f54.3aa0:   00007ff78e2e7bce / 0x0107bce: 00 != 4e
2f54.3aa0:   00007ff78e2e7bcf / 0x0107bcf: 00 != 47
2f54.3aa0:   00007ff78e2e7bd0 / 0x0107bd0: 00 != 50
2f54.3aa0:   00007ff78e2e7bd1 / 0x0107bd1: 00 != 41
2f54.3aa0:   00007ff78e2e7bd2 / 0x0107bd2: 00 != 44
2f54.3aa0:   00007ff78e2e7bd3 / 0x0107bd3: 00 != 44
2f54.3aa0:   00007ff78e2e7bd4 / 0x0107bd4: 00 != 49
2f54.3aa0:   00007ff78e2e7bd5 / 0x0107bd5: 00 != 4e
2f54.3aa0:   00007ff78e2e7bd6 / 0x0107bd6: 00 != 47
2f54.3aa0:   00007ff78e2e7bd7 / 0x0107bd7: 00 != 58
2f54.3aa0:   00007ff78e2e7bd8 / 0x0107bd8: 00 != 58
2f54.3aa0:   00007ff78e2e7bd9 / 0x0107bd9: 00 != 50
2f54.3aa0:   00007ff78e2e7bda / 0x0107bda: 00 != 41
2f54.3aa0:   00007ff78e2e7bdb / 0x0107bdb: 00 != 44
2f54.3aa0:   00007ff78e2e7bdc / 0x0107bdc: 00 != 44
2f54.3aa0:   00007ff78e2e7bdd / 0x0107bdd: 00 != 49
2f54.3aa0:   00007ff78e2e7bde / 0x0107bde: 00 != 4e
2f54.3aa0:   00007ff78e2e7bdf / 0x0107bdf: 00 != 47
2f54.3aa0:   00007ff78e2e7be0 / 0x0107be0: 00 != 50
2f54.3aa0:   00007ff78e2e7be1 / 0x0107be1: 00 != 41
2f54.3aa0:   00007ff78e2e7be2 / 0x0107be2: 00 != 44
2f54.3aa0:   00007ff78e2e7be3 / 0x0107be3: 00 != 44
2f54.3aa0:   00007ff78e2e7be4 / 0x0107be4: 00 != 49
2f54.3aa0:   00007ff78e2e7be5 / 0x0107be5: 00 != 4e
2f54.3aa0:   00007ff78e2e7be6 / 0x0107be6: 00 != 47
2f54.3aa0:   00007ff78e2e7be7 / 0x0107be7: 00 != 58
2f54.3aa0:   00007ff78e2e7be8 / 0x0107be8: 00 != 58
2f54.3aa0:   00007ff78e2e7be9 / 0x0107be9: 00 != 50
2f54.3aa0:   00007ff78e2e7bea / 0x0107bea: 00 != 41
2f54.3aa0:   00007ff78e2e7beb / 0x0107beb: 00 != 44
2f54.3aa0:   00007ff78e2e7bec / 0x0107bec: 00 != 44
2f54.3aa0:   00007ff78e2e7bed / 0x0107bed: 00 != 49
2f54.3aa0:   00007ff78e2e7bee / 0x0107bee: 00 != 4e
2f54.3aa0:   00007ff78e2e7bef / 0x0107bef: 00 != 47
2f54.3aa0:   00007ff78e2e7bf0 / 0x0107bf0: 00 != 50
2f54.3aa0:   00007ff78e2e7bf1 / 0x0107bf1: 00 != 41
2f54.3aa0:   00007ff78e2e7bf2 / 0x0107bf2: 00 != 44
2f54.3aa0:   00007ff78e2e7bf3 / 0x0107bf3: 00 != 44
2f54.3aa0:   00007ff78e2e7bf4 / 0x0107bf4: 00 != 49
2f54.3aa0:   00007ff78e2e7bf5 / 0x0107bf5: 00 != 4e
2f54.3aa0:   00007ff78e2e7bf6 / 0x0107bf6: 00 != 47
2f54.3aa0:   00007ff78e2e7bf7 / 0x0107bf7: 00 != 58
2f54.3aa0:   00007ff78e2e7bf8 / 0x0107bf8: 00 != 58
2f54.3aa0:   00007ff78e2e7bf9 / 0x0107bf9: 00 != 50
2f54.3aa0:   00007ff78e2e7bfa / 0x0107bfa: 00 != 41
2f54.3aa0:   00007ff78e2e7bfb / 0x0107bfb: 00 != 44
2f54.3aa0:   00007ff78e2e7bfc / 0x0107bfc: 00 != 44
2f54.3aa0:   00007ff78e2e7bfd / 0x0107bfd: 00 != 49
2f54.3aa0:   00007ff78e2e7bfe / 0x0107bfe: 00 != 4e
2f54.3aa0:   00007ff78e2e7bff / 0x0107bff: 00 != 47
2f54.3aa0:   Restored 0x490 bytes of original file content at 00007ff78e2e7b70
2f54.3aa0: '\Device\HarddiskVolume3\Windows\System32\ntdll.dll' has no imports
2f54.3aa0: supR3HardNtChildPurify: cFixes=1 g_fSupAdversaries=0x80000000
2f54.3aa0: supR3HardNtChildPurify: Startup delay kludge #1/1: 528 ms, 33 sleeps
2f54.3aa0: supHardNtVpScanVirtualMemory: enmKind=CHILD_PURIFICATION
2f54.3aa0:  *0000000000000000-000000007ffdffff 0x0001/0x0000 0x0000000
2f54.3aa0:  *000000007ffe0000-000000007ffe0fff 0x0002/0x0002 0x0020000
2f54.3aa0:   000000007ffe1000-000000007ffebfff 0x0001/0x0000 0x0000000
2f54.3aa0:  *000000007ffec000-000000007ffecfff 0x0002/0x0002 0x0020000
2f54.3aa0:   000000007ffed000-0000000bb5ffffff 0x0001/0x0000 0x0000000
2f54.3aa0:  *0000000bb6000000-0000000bb60bbfff 0x0000/0x0004 0x0020000
2f54.3aa0:   0000000bb60bc000-0000000bb60befff 0x0004/0x0004 0x0020000
2f54.3aa0:   0000000bb60bf000-0000000bb61fffff 0x0000/0x0004 0x0020000
2f54.3aa0:  *0000000bb6200000-0000000bb62fafff 0x0000/0x0004 0x0020000
2f54.3aa0:   0000000bb62fb000-0000000bb62fdfff 0x0104/0x0004 0x0020000
2f54.3aa0:   0000000bb62fe000-0000000bb62fffff 0x0004/0x0004 0x0020000
2f54.3aa0:   0000000bb6300000-000001e52bffffff 0x0001/0x0000 0x0000000
2f54.3aa0:  *000001e52c000000-000001e52c01ffff 0x0004/0x0004 0x0020000
2f54.3aa0:  *000001e52c020000-000001e52c03efff 0x0002/0x0002 0x0040000
2f54.3aa0:   000001e52c03f000-000001e52c03ffff 0x0001/0x0000 0x0000000
2f54.3aa0:  *000001e52c040000-000001e52c043fff 0x0002/0x0002 0x0040000
2f54.3aa0:   000001e52c044000-000001e52c04ffff 0x0001/0x0000 0x0000000
2f54.3aa0:  *000001e52c050000-000001e52c050fff 0x0002/0x0002 0x0040000
2f54.3aa0:   000001e52c051000-000001e52c05ffff 0x0001/0x0000 0x0000000
2f54.3aa0:  *000001e52c060000-000001e52c061fff 0x0004/0x0004 0x0020000
2f54.3aa0:   000001e52c062000-00007df564acffff 0x0001/0x0000 0x0000000
2f54.3aa0:  *00007df564ad0000-00007df564ad0fff 0x0002/0x0002 0x0040000
2f54.3aa0:   00007df564ad1000-00007df564adffff 0x0001/0x0000 0x0000000
2f54.3aa0:  *00007df564ae0000-00007df5667c9fff 0x0000/0x0001 0x0040000
2f54.3aa0:   00007df5667ca000-00007df5667e6fff 0x0001/0x0001 0x0040000
2f54.3aa0:   00007df5667e7000-00007df5668c4fff 0x0000/0x0001 0x0040000
2f54.3aa0:   00007df5668c5000-00007df5668c5fff 0x0001/0x0001 0x0040000
2f54.3aa0:   00007df5668c6000-00007ff542e66fff 0x0000/0x0001 0x0040000
2f54.3aa0:   00007ff542e67000-00007ff542e6bfff 0x0002/0x0001 0x0040000
2f54.3aa0:   00007ff542e6c000-00007ff5501fdfff 0x0000/0x0001 0x0040000
2f54.3aa0:   00007ff5501fe000-00007ff5536bcfff 0x0001/0x0001 0x0040000
2f54.3aa0:   00007ff5536bd000-00007ff5536c5fff 0x0002/0x0001 0x0040000
2f54.3aa0:   00007ff5536c6000-00007ff564adffff 0x0000/0x0001 0x0040000
2f54.3aa0:   00007ff564ae0000-00007ff78e1dffff 0x0001/0x0000 0x0000000
2f54.3aa0:  *00007ff78e1e0000-00007ff78e1e0fff 0x0002/0x0080 0x1000000  \Device\HarddiskVolume3\Program Files\Oracle\VirtualBox\VirtualBoxVM.exe
2f54.3aa0:   00007ff78e1e1000-00007ff78e24bfff 0x0020/0x0080 0x1000000  \Device\HarddiskVolume3\Program Files\Oracle\VirtualBox\VirtualBoxVM.exe
2f54.3aa0:   00007ff78e24c000-00007ff78e24cfff 0x0040/0x0080 0x1000000  \Device\HarddiskVolume3\Program Files\Oracle\VirtualBox\VirtualBoxVM.exe
2f54.3aa0:   00007ff78e24d000-00007ff78e2a1fff 0x0002/0x0080 0x1000000  \Device\HarddiskVolume3\Program Files\Oracle\VirtualBox\VirtualBoxVM.exe
2f54.3aa0:   00007ff78e2a2000-00007ff78e2aefff 0x0004/0x0080 0x1000000  \Device\HarddiskVolume3\Program Files\Oracle\VirtualBox\VirtualBoxVM.exe
2f54.3aa0:   00007ff78e2af000-00007ff78e2e9fff 0x0002/0x0080 0x1000000  \Device\HarddiskVolume3\Program Files\Oracle\VirtualBox\VirtualBoxVM.exe
2f54.3aa0:   00007ff78e2ea000-00007ffbaf74ffff 0x0001/0x0000 0x0000000
2f54.3aa0:  *00007ffbaf750000-00007ffbaf750fff 0x0002/0x0080 0x1000000  \Device\HarddiskVolume3\Windows\System32\ntdll.dll
2f54.3aa0:   00007ffbaf751000-00007ffbaf881fff 0x0020/0x0080 0x1000000  \Device\HarddiskVolume3\Windows\System32\ntdll.dll
2f54.3aa0:   00007ffbaf882000-00007ffbaf8cffff 0x0002/0x0080 0x1000000  \Device\HarddiskVolume3\Windows\System32\ntdll.dll
2f54.3aa0:   00007ffbaf8d0000-00007ffbaf8d3fff 0x0008/0x0080 0x1000000  \Device\HarddiskVolume3\Windows\System32\ntdll.dll
2f54.3aa0:   00007ffbaf8d4000-00007ffbaf8dbfff 0x0004/0x0080 0x1000000  \Device\HarddiskVolume3\Windows\System32\ntdll.dll
2f54.3aa0:   00007ffbaf8dc000-00007ffbaf8eafff 0x0002/0x0080 0x1000000  \Device\HarddiskVolume3\Windows\System32\ntdll.dll
2f54.3aa0:   00007ffbaf8eb000-00007ffbaf8ebfff 0x0004/0x0080 0x1000000  \Device\HarddiskVolume3\Windows\System32\ntdll.dll
2f54.3aa0:   00007ffbaf8ec000-00007ffbaf8eefff 0x0008/0x0080 0x1000000  \Device\HarddiskVolume3\Windows\System32\ntdll.dll
2f54.3aa0:   00007ffbaf8ef000-00007ffbaf966fff 0x0002/0x0080 0x1000000  \Device\HarddiskVolume3\Windows\System32\ntdll.dll
2f54.3aa0:   00007ffbaf967000-00007ffffffeffff 0x0001/0x0000 0x0000000
2f54.3aa0: supR3HardNtChildPurify: Done after 841 ms and 1 fixes (loop #1).
234c.1b7c: supR3HardenedVmProcessInit: uNtDllAddr=00007ffbaf750000 g_uNtVerCombined=0xa0585d00 (stack ~0000000bb62fed90)
2f54.3aa0: supR3HardenedEarlyCompact: Removed heap 1 (0x0001754a0d0000 LB 0x800000)
234c.1b7c: ntdll.dll: timestamp 0xf9f266e7 (rc=VINF_SUCCESS)
234c.1b7c: New simple heap: #1 000001e52c170000 LB 0x800000 (for 2191360 allocation)
2f54.3aa0: supR3HardNtEnableThreadCreationEx:
234c.1b7c: supR3HardenedWinInitAppBin(0x0): '\Device\HarddiskVolume3\Program Files\Oracle\VirtualBox'
234c.1b7c: System32:  \Device\HarddiskVolume3\Windows\System32
234c.1b7c: WinSxS:    \Device\HarddiskVolume3\Windows\WinSxS
234c.1b7c: KnownDllPath: C:\Windows\System32
234c.1b7c: supR3HardenedVmProcessInit: Opening vboxsup...
234c.1b7c: supR3HardenedVmProcessInit: Restoring LdrInitializeThunk...
234c.1b7c: supR3HardenedVmProcessInit: Returning to LdrInitializeThunk...
234c.1b7c: Registered Dll notification callback with NTDLL.
234c.1b7c: supHardenedWinVerifyImageByHandle: -> 0 (\Device\HarddiskVolume3\Windows\System32\kernel32.dll)
234c.1b7c: supR3HardenedWinVerifyCacheInsert: \Device\HarddiskVolume3\Windows\System32\kernel32.dll
234c.1b7c: supR3HardenedMonitor_LdrLoadDll: pName=C:\Windows\System32\KERNEL32.DLL (Input=KERNEL32.DLL, rcNtResolve=0xc0150008) *pfFlags=0xffffffff pwszSearchPath=0000000000004001:<flags> [calling]
234c.1b7c: supR3HardenedDllNotificationCallback: load   00007ffbace10000 LB 0x003b7000 C:\Windows\System32\KERNELBASE.dll [fFlags=0x0]
234c.1b7c: supHardenedWinVerifyImageByHandle: -> 0 (\Device\HarddiskVolume3\Windows\System32\KernelBase.dll)
234c.1b7c: supR3HardenedWinVerifyCacheInsert: \Device\HarddiskVolume3\Windows\System32\KernelBase.dll
234c.1b7c: supR3HardenedDllNotificationCallback: load   00007ffbadbf0000 LB 0x000c4000 C:\Windows\System32\KERNEL32.DLL [fFlags=0x0]
234c.1b7c: supR3HardenedScreenImage/LdrLoadDll: cache hit (VINF_SUCCESS) on \Device\HarddiskVolume3\Windows\System32\kernel32.dll [lacks WinVerifyTrust]
234c.1b7c: supR3HardenedMonitor_LdrLoadDll: returns rcNt=0x0 hMod=00007ffbadbf0000 'C:\Windows\System32\KERNEL32.DLL'
234c.1b7c: supR3HardenedDllNotificationCallback: load   00007ff78e1e0000 LB 0x0010a000 C:\Program Files\Oracle\VirtualBox\VirtualBoxVM.exe [fFlags=0x0]
234c.1b7c: '\Device\HarddiskVolume3\Program Files\Oracle\VirtualBox\VirtualBoxVM.exe' has no imports
234c.1b7c: supHardenedWinVerifyImageByHandle: -> 0 (\Device\HarddiskVolume3\Program Files\Oracle\VirtualBox\VirtualBoxVM.exe)
234c.1b7c: supR3HardenedWinVerifyCacheInsert: \Device\HarddiskVolume3\Program Files\Oracle\VirtualBox\VirtualBoxVM.exe
234c.1b7c: supR3HardNtDisableThreadCreation: pvLdrInitThunk=00007ffbaf7c42c0 pvNtTerminateThread=00007ffbaf7f0b20 g_LdrInitThunkSelfBackup.cb=0
234c.1b7c: supR3HardNtDisableThreadCreationEx: Backup=40 53 48 83 ec 20 48 8b d9 e8 1a 00 00 00 b2 01
2f54.3aa0: supR3HardNtChildWaitFor: Found expected request 1 (CloseEvents) after 141 ms.
234c.1b7c: \SystemRoot\System32\ntdll.dll:
234c.1b7c:     CreationTime:    2024-11-25T16:31:34.039856900Z
234c.1b7c:     LastWriteTime:   2024-11-25T16:31:34.118276800Z
234c.1b7c:     ChangeTime:      2024-11-25T17:22:55.627136900Z
234c.1b7c:     FileAttributes:  0x20
234c.1b7c:     Size:            0x216090
234c.1b7c:     NT Headers:      0xe8
234c.1b7c:     Timestamp:       0xf9f266e7
234c.1b7c:     Machine:         0x8664 - amd64
234c.1b7c:     Timestamp:       0xf9f266e7
234c.1b7c:     Image Version:   10.0
234c.1b7c:     SizeOfImage:     0x217000 (2191360)
234c.1b7c:     Resource Dir:    0x1a0000 LB 0x759a8
234c.1b7c:     [Version info resource found at 0xd8! (ID/Name: 0x1; SubID/SubName: 0x409)]
234c.1b7c:     [Raw version resource data: 0x1a00f0 LB 0x380, codepage 0x0 (reserved 0x0)]
234c.1b7c:     ProductName:     Microsoft® Windows® Operating System
234c.1b7c:     ProductVersion:  10.0.22621.4317
234c.1b7c:     FileVersion:     10.0.22621.4317 (WinBuild.160101.0800)
234c.1b7c:     FileDescription: NT Layer DLL
234c.1b7c: \SystemRoot\System32\kernel32.dll:
234c.1b7c:     CreationTime:    2024-11-25T16:31:33.195943400Z
234c.1b7c:     LastWriteTime:   2024-11-25T16:31:33.230277100Z
234c.1b7c:     ChangeTime:      2024-11-25T17:22:46.785018000Z
234c.1b7c:     FileAttributes:  0x20
234c.1b7c:     Size:            0xc7168
234c.1b7c:     NT Headers:      0xe8
234c.1b7c:     Timestamp:       0xa9f358b9
234c.1b7c:     Machine:         0x8664 - amd64
234c.1b7c:     Timestamp:       0xa9f358b9
234c.1b7c:     Image Version:   10.0
234c.1b7c:     SizeOfImage:     0xc4000 (802816)
234c.1b7c:     Resource Dir:    0xc2000 LB 0x520
234c.1b7c:     [Version info resource found at 0x90! (ID/Name: 0x1; SubID/SubName: 0x409)]
234c.1b7c:     [Raw version resource data: 0xc20b0 LB 0x3a4, codepage 0x0 (reserved 0x0)]
234c.1b7c:     ProductName:     Microsoft® Windows® Operating System
234c.1b7c:     ProductVersion:  10.0.22621.3958
234c.1b7c:     FileVersion:     10.0.22621.3958 (WinBuild.160101.0800)
234c.1b7c:     FileDescription: Windows NT BASE API Client DLL
234c.1b7c: \SystemRoot\System32\KernelBase.dll:
234c.1b7c:     CreationTime:    2024-11-25T16:31:35.457091000Z
234c.1b7c:     LastWriteTime:   2024-11-25T16:31:35.705850500Z
234c.1b7c:     ChangeTime:      2024-11-25T17:22:54.502373100Z
234c.1b7c:     FileAttributes:  0x20
234c.1b7c:     Size:            0x3bdba0
234c.1b7c:     NT Headers:      0xf8
234c.1b7c:     Timestamp:       0xcf64c6a
234c.1b7c:     Machine:         0x8664 - amd64
234c.1b7c:     Timestamp:       0xcf64c6a
234c.1b7c:     Image Version:   10.0
234c.1b7c:     SizeOfImage:     0x3b7000 (3895296)
234c.1b7c:     Resource Dir:    0x386000 LB 0x548
234c.1b7c:     [Version info resource found at 0x90! (ID/Name: 0x1; SubID/SubName: 0x409)]
234c.1b7c:     [Raw version resource data: 0x3860b0 LB 0x3bc, codepage 0x0 (reserved 0x0)]
234c.1b7c:     ProductName:     Microsoft® Windows® Operating System
234c.1b7c:     ProductVersion:  10.0.22621.4249
234c.1b7c:     FileVersion:     10.0.22621.4249 (WinBuild.160101.0800)
234c.1b7c:     FileDescription: Windows NT BASE API Client DLL
234c.1b7c: \SystemRoot\System32\apisetschema.dll:
234c.1b7c:     CreationTime:    2024-11-25T16:30:33.456618000Z
234c.1b7c:     LastWriteTime:   2024-11-25T16:30:33.458504000Z
234c.1b7c:     ChangeTime:      2024-11-25T17:22:51.456252800Z
234c.1b7c:     FileAttributes:  0x20
234c.1b7c:     Size:            0x245e0
234c.1b7c:     NT Headers:      0xc8
234c.1b7c:     Timestamp:       0x8f476251
234c.1b7c:     Machine:         0x8664 - amd64
234c.1b7c:     Timestamp:       0x8f476251
234c.1b7c:     Image Version:   10.0
234c.1b7c:     SizeOfImage:     0x23000 (143360)
234c.1b7c:     Resource Dir:    0x22000 LB 0x408
234c.1b7c:     [Version info resource found at 0x48! (ID/Name: 0x1; SubID/SubName: 0x409)]
234c.1b7c:     [Raw version resource data: 0x22060 LB 0x3a8, codepage 0x0 (reserved 0x0)]
234c.1b7c:     ProductName:     Microsoft® Windows® Operating System
234c.1b7c:     ProductVersion:  10.0.22621.3958
234c.1b7c:     FileVersion:     10.0.22621.3958 (WinBuild.160101.0800)
234c.1b7c:     FileDescription: ApiSet Schema DLL
234c.1b7c: supR3HardenedWinFindAdversaries: 0x0
234c.1b7c: supR3HardenedWinInitAppBin(0x0): '\Device\HarddiskVolume3\Program Files\Oracle\VirtualBox'
234c.1b7c: Calling main()
234c.1b7c: SUPR3HardenedMain: pszProgName=VirtualBoxVM fFlags=0x2
234c.1b7c: supR3HardenedWinInitAppBin(0x2): '\Device\HarddiskVolume3\Program Files\Oracle\VirtualBox'
234c.1b7c: '\Device\HarddiskVolume3\Program Files\Oracle\VirtualBox\VirtualBoxVM.exe' has no imports
234c.1b7c: supHardenedWinVerifyImageByHandle: -> 0 (\Device\HarddiskVolume3\Program Files\Oracle\VirtualBox\VirtualBoxVM.exe)
234c.1b7c: SUPR3HardenedMain: Final process, opening VBoxDrv...
234c.1b7c: supR3HardenedEarlyCompact: Removed heap 1 (0x0001e52c170000 LB 0x800000)
234c.1b7c: supR3HardNtEnableThreadCreationEx:
234c.1b7c: supHardenedWinVerifyImageByHandle: -> 0 (\Device\HarddiskVolume3\Program Files\Oracle\VirtualBox\VBoxSupLib.dll)
234c.1b7c: supR3HardenedWinVerifyCacheInsert: \Device\HarddiskVolume3\Program Files\Oracle\VirtualBox\VBoxSupLib.dll
234c.1b7c: supR3HardenedMonitor_LdrLoadDll: pName=C:\Program Files\Oracle\VirtualBox\VBoxSupLib.DLL (rcNtResolve=0xc0150008) *pfFlags=0x0 pwszSearchPath=0000000000000801:<flags> [calling]
234c.1b7c: supR3HardenedScreenImage/NtCreateSection: cache hit (VINF_SUCCESS) on \Device\HarddiskVolume3\Program Files\Oracle\VirtualBox\VBoxSupLib.dll [lacks WinVerifyTrust]
234c.1b7c: supR3HardenedDllNotificationCallback: load   00007ffba73a0000 LB 0x00005000 C:\Program Files\Oracle\VirtualBox\VBoxSupLib.DLL [fFlags=0x0]
234c.1b7c: supR3HardenedScreenImage/LdrLoadDll: cache hit (VINF_SUCCESS) on \Device\HarddiskVolume3\Program Files\Oracle\VirtualBox\VBoxSupLib.dll [lacks WinVerifyTrust]
234c.1b7c: supR3HardenedScreenImage/LdrLoadDll: cache hit (VINF_SUCCESS) on \Device\HarddiskVolume3\Program Files\Oracle\VirtualBox\VBoxSupLib.dll [lacks WinVerifyTrust]
234c.1b7c: supR3HardenedMonitor_LdrLoadDll: pName=C:\Program Files\Oracle\VirtualBox\VBoxSupLib.DLL (rcNtResolve=0xc0150008) *pfFlags=0x0 pwszSearchPath=0000000000000001:<flags> [calling]
234c.1b7c: supR3HardenedMonitor_LdrLoadDll: returns rcNt=0x0 hMod=00007ffba73a0000 'C:\Program Files\Oracle\VirtualBox\VBoxSupLib.DLL'
234c.1b7c: supR3HardenedScreenImage/LdrLoadDll: cache hit (VINF_SUCCESS) on \Device\HarddiskVolume3\Program Files\Oracle\VirtualBox\VBoxSupLib.dll [lacks WinVerifyTrust]
234c.1b7c: supR3HardenedMonitor_LdrLoadDll: pName=C:\Program Files\Oracle\VirtualBox\VBoxSupLib.DLL (rcNtResolve=0xc0150008) *pfFlags=0x0 pwszSearchPath=0000000000000001:<flags> [calling]
234c.1b7c: supR3HardenedMonitor_LdrLoadDll: returns rcNt=0x0 hMod=00007ffba73a0000 'C:\Program Files\Oracle\VirtualBox\VBoxSupLib.DLL'
234c.1b7c: supR3HardenedMonitor_LdrLoadDll: returns rcNt=0x0 hMod=00007ffba73a0000 'C:\Program Files\Oracle\VirtualBox\VBoxSupLib.DLL'
234c.1b7c: supR3HardenedWinVerifyCacheScheduleImports: Import todo: #0 'msvcrt.dll'.
234c.1b7c: supR3HardenedWinVerifyCacheScheduleImports: Import todo: #30 'rpcrt4.dll'.
234c.1b7c: supHardenedWinVerifyImageByHandle: -> 0 (\Device\HarddiskVolume3\Windows\System32\wintrust.dll)
234c.1b7c: supR3HardenedWinVerifyCacheInsert: \Device\HarddiskVolume3\Windows\System32\wintrust.dll
234c.1b7c: supR3HardenedWinVerifyCacheProcessImportTodos: Processing 'rpcrt4.dll'...
234c.1b7c: supR3HardenedWinVerifyCacheProcessImportTodos: 'rpcrt4.dll' -> '\Device\HarddiskVolume3\Windows\System32\rpcrt4.dll' [rcNtRedir=0xc0150008]
234c.1b7c: supHardenedWinVerifyImageByHandle: -> 0 (\Device\HarddiskVolume3\Windows\System32\rpcrt4.dll)
234c.1b7c: supR3HardenedWinVerifyCacheInsert: \Device\HarddiskVolume3\Windows\System32\rpcrt4.dll
234c.1b7c: supR3HardenedWinVerifyCacheProcessImportTodos: Processing 'msvcrt.dll'...
234c.1b7c: supR3HardenedWinVerifyCacheProcessImportTodos: 'msvcrt.dll' -> '\Device\HarddiskVolume3\Windows\System32\msvcrt.dll' [rcNtRedir=0xc0150008]
234c.1b7c: supHardenedWinVerifyImageByHandle: -> 0 (\Device\HarddiskVolume3\Windows\System32\msvcrt.dll)
234c.1b7c: supR3HardenedWinVerifyCacheInsert: \Device\HarddiskVolume3\Windows\System32\msvcrt.dll
234c.1b7c: supR3HardenedMonitor_LdrLoadDll: pName=C:\Windows\system32\Wintrust.dll (rcNtResolve=0xc0150008) *pfFlags=0x0 pwszSearchPath=0000000000000801:<flags> [calling]
234c.1b7c: supR3HardenedDllNotificationCallback: load   00007ffbaf490000 LB 0x000a7000 C:\Windows\System32\msvcrt.dll [fFlags=0x0]
234c.1b7c: supR3HardenedScreenImage/LdrLoadDll: cache hit (VINF_SUCCESS) on \Device\HarddiskVolume3\Windows\System32\msvcrt.dll [lacks WinVerifyTrust]
234c.1b7c: supR3HardenedDllNotificationCallback: load   00007ffbadf40000 LB 0x00114000 C:\Windows\System32\RPCRT4.dll [fFlags=0x0]
234c.1b7c: supR3HardenedScreenImage/LdrLoadDll: cache hit (VINF_SUCCESS) on \Device\HarddiskVolume3\Windows\System32\rpcrt4.dll [lacks WinVerifyTrust]
234c.1b7c: supR3HardenedDllNotificationCallback: load   00007ffbacda0000 LB 0x0006c000 C:\Windows\System32\Wintrust.dll [fFlags=0x0]
234c.1b7c: supR3HardenedScreenImage/LdrLoadDll: cache hit (VINF_SUCCESS) on \Device\HarddiskVolume3\Windows\System32\wintrust.dll [lacks WinVerifyTrust]
234c.1b7c: supR3HardenedDllNotificationCallback: load   00007ffbacc50000 LB 0x00111000 C:\Windows\System32\ucrtbase.dll [fFlags=0x0]
234c.1b7c: supHardenedWinVerifyImageByHandle: -> 0 (\Device\HarddiskVolume3\Windows\System32\ucrtbase.dll)
234c.1b7c: supR3HardenedWinVerifyCacheInsert: \Device\HarddiskVolume3\Windows\System32\ucrtbase.dll
234c.1b7c: supR3HardenedDllNotificationCallback: load   00007ffbaca60000 LB 0x00166000 C:\Windows\System32\CRYPT32.dll [fFlags=0x0]
234c.1b7c: supHardenedWinVerifyImageByHandle: -> 0 (\Device\HarddiskVolume3\Windows\System32\crypt32.dll)
234c.1b7c: supR3HardenedWinVerifyCacheInsert: \Device\HarddiskVolume3\Windows\System32\crypt32.dll
234c.1b7c: supR3HardenedIsApiSetDll: ApiSetQueryApiSetPresence(api-ms-win-core-synch-l1-2-0) -> 0x0, fPresent=1
234c.1b7c: supR3HardenedMonitor_LdrLoadDll: pName=api-ms-win-core-synch-l1-2-0 (rcNtResolve=0x0) *pfFlags=0x0 pwszSearchPath=0000000000000801:<flags> [calling]
234c.1b7c: supR3HardenedMonitor_LdrLoadDll: returns rcNt=0x0 hMod=00007ffbace10000 'api-ms-win-core-synch-l1-2-0'
234c.1b7c: supR3HardenedIsApiSetDll: ApiSetQueryApiSetPresence(api-ms-win-core-fibers-l1-1-1) -> 0x0, fPresent=1
234c.1b7c: supR3HardenedMonitor_LdrLoadDll: pName=api-ms-win-core-fibers-l1-1-1 (rcNtResolve=0x0) *pfFlags=0x0 pwszSearchPath=0000000000000801:<flags> [calling]
234c.1b7c: supR3HardenedMonitor_LdrLoadDll: returns rcNt=0x0 hMod=00007ffbace10000 'api-ms-win-core-fibers-l1-1-1'
234c.1b7c: supR3HardenedIsApiSetDll: ApiSetQueryApiSetPresence(api-ms-win-core-synch-l1-2-0) -> 0x0, fPresent=1
234c.1b7c: supR3HardenedMonitor_LdrLoadDll: pName=api-ms-win-core-synch-l1-2-0 (rcNtResolve=0x0) *pfFlags=0x0 pwszSearchPath=0000000000000801:<flags> [calling]
234c.1b7c: supR3HardenedMonitor_LdrLoadDll: returns rcNt=0x0 hMod=00007ffbace10000 'api-ms-win-core-synch-l1-2-0'
234c.1b7c: supHardenedWinVerifyImageByHandle: -> 0 (\Device\HarddiskVolume3\Windows\System32\msasn1.dll)
234c.1b7c: supR3HardenedWinVerifyCacheInsert: \Device\HarddiskVolume3\Windows\System32\msasn1.dll
234c.1b7c: supR3HardenedDllNotificationCallback: load   00007ffbac270000 LB 0x00012000 C:\Windows\SYSTEM32\MSASN1.dll [fFlags=0x0]
234c.1b7c: supR3HardenedScreenImage/LdrLoadDll: cache hit (VINF_SUCCESS) on \Device\HarddiskVolume3\Windows\System32\msasn1.dll [lacks WinVerifyTrust]
234c.1b7c: supR3HardenedMonitor_LdrLoadDll: returns rcNt=0x0 hMod=00007ffbacda0000 'C:\Windows\system32\Wintrust.dll'
234c.1b7c: supHardenedWinVerifyImageByHandle: -> 0 (\Device\HarddiskVolume3\Windows\System32\bcrypt.dll)
234c.1b7c: supR3HardenedWinVerifyCacheInsert: \Device\HarddiskVolume3\Windows\System32\bcrypt.dll
234c.1b7c: supR3HardenedMonitor_LdrLoadDll: pName=C:\Windows\system32\bcrypt.dll (rcNtResolve=0xc0150008) *pfFlags=0x0 pwszSearchPath=0000000000000801:<flags> [calling]
234c.1b7c: supR3HardenedDllNotificationCallback: load   00007ffbacd70000 LB 0x00028000 C:\Windows\System32\bcrypt.dll [fFlags=0x0]
234c.1b7c: supR3HardenedScreenImage/LdrLoadDll: cache hit (VINF_SUCCESS) on \Device\HarddiskVolume3\Windows\System32\bcrypt.dll [lacks WinVerifyTrust]
234c.1b7c: supR3HardenedMonitor_LdrLoadDll: returns rcNt=0x0 hMod=00007ffbacd70000 'C:\Windows\system32\bcrypt.dll'
234c.1b7c: bcrypt.dll loaded at 00007ffbacd70000, BCryptOpenAlgorithmProvider at 00007ffbacd74520, preloading providers:
234c.1b7c: supHardenedWinVerifyImageByHandle: -> 0 (\Device\HarddiskVolume3\Windows\System32\bcryptprimitives.dll)
234c.1b7c: supR3HardenedWinVerifyCacheInsert: \Device\HarddiskVolume3\Windows\System32\bcryptprimitives.dll
234c.1b7c: supR3HardenedMonitor_LdrLoadDll: pName=C:\Windows\system32\bcryptprimitives.dll (rcNtResolve=0xc0150008) *pfFlags=0x0 pwszSearchPath=0000000000000001:<flags> [calling]
234c.1b7c: supR3HardenedDllNotificationCallback: load   00007ffbacbd0000 LB 0x0007b000 C:\Windows\System32\bcryptprimitives.dll [fFlags=0x0]
234c.1b7c: supR3HardenedScreenImage/LdrLoadDll: cache hit (VINF_SUCCESS) on \Device\HarddiskVolume3\Windows\System32\bcryptprimitives.dll [lacks WinVerifyTrust]
234c.1b7c: supR3HardenedMonitor_LdrLoadDll: returns rcNt=0x0 hMod=00007ffbacbd0000 'C:\Windows\system32\bcryptprimitives.dll'
234c.1b7c:     BCryptOpenAlgorithmProvider(,'MD2',0,0) -> 0x0 (hAlgo=000001e52ca0cb20)
234c.1b7c:     BCryptOpenAlgorithmProvider(,'MD4',0,0) -> 0x0 (hAlgo=000001e52ca0d0f0)
234c.1b7c:     BCryptOpenAlgorithmProvider(,'MD5',0,0) -> 0x0 (hAlgo=000001e52ca0d440)
234c.1b7c:     BCryptOpenAlgorithmProvider(,'SHA1',0,0) -> 0x0 (hAlgo=000001e52ca0d790)
234c.1b7c:     BCryptOpenAlgorithmProvider(,'SHA256',0,0) -> 0x0 (hAlgo=000001e52ca0dae0)
234c.1b7c:     BCryptOpenAlgorithmProvider(,'SHA512',0,0) -> 0x0 (hAlgo=000001e52ca0de30)
234c.1b7c:     BCryptOpenAlgorithmProvider(,'RSA',0,0) -> 0x0 (hAlgo=000001e52ca0e180)
234c.1b7c:     BCryptOpenAlgorithmProvider(,'DSA',0,0) -> 0x0 (hAlgo=000001e52ca0e4d0)
234c.1b7c: supHardenedWinVerifyImageByHandle: -> 0 (\Device\HarddiskVolume3\Windows\System32\cryptsp.dll)
234c.1b7c: supR3HardenedWinVerifyCacheInsert: \Device\HarddiskVolume3\Windows\System32\cryptsp.dll
234c.1b7c: supR3HardenedDllNotificationCallback: load   00007ffbac220000 LB 0x0001b000 C:\Windows\SYSTEM32\CRYPTSP.dll [fFlags=0x0]
234c.1b7c: supR3HardenedScreenImage/LdrLoadDll: cache hit (VINF_SUCCESS) on \Device\HarddiskVolume3\Windows\System32\cryptsp.dll [lacks WinVerifyTrust]
234c.1b7c: supHardenedWinVerifyImageByHandle: -> 0 (\Device\HarddiskVolume3\Windows\System32\rsaenh.dll)
234c.1b7c: supR3HardenedWinVerifyCacheInsert: \Device\HarddiskVolume3\Windows\System32\rsaenh.dll
234c.1b7c: supR3HardenedMonitor_LdrLoadDll: pName=C:\Windows\system32\rsaenh.dll (rcNtResolve=0xc0150008) *pfFlags=0x0 pwszSearchPath=0000000000000001:<flags> [calling]
234c.1b7c: supR3HardenedScreenImage/NtCreateSection: cache hit (VINF_SUCCESS) on \Device\HarddiskVolume3\Windows\System32\rsaenh.dll [lacks WinVerifyTrust]
234c.1b7c: supR3HardenedDllNotificationCallback: load   00007ffbab9d0000 LB 0x00035000 C:\Windows\system32\rsaenh.dll [fFlags=0x0]
234c.1b7c: supR3HardenedScreenImage/LdrLoadDll: cache hit (VINF_SUCCESS) on \Device\HarddiskVolume3\Windows\System32\rsaenh.dll [lacks WinVerifyTrust]
234c.1b7c: supR3HardenedMonitor_LdrLoadDll: returns rcNt=0x0 hMod=00007ffbab9d0000 'C:\Windows\system32\rsaenh.dll'
234c.1b7c: supHardenedWinVerifyImageByHandle: -> 0 (\Device\HarddiskVolume3\Windows\System32\cryptbase.dll)
234c.1b7c: supR3HardenedWinVerifyCacheInsert: \Device\HarddiskVolume3\Windows\System32\cryptbase.dll
234c.1b7c: supR3HardenedDllNotificationCallback: load   00007ffbac200000 LB 0x0000c000 C:\Windows\SYSTEM32\CRYPTBASE.dll [fFlags=0x0]
234c.1b7c: supR3HardenedScreenImage/LdrLoadDll: cache hit (VINF_SUCCESS) on \Device\HarddiskVolume3\Windows\System32\cryptbase.dll [lacks WinVerifyTrust]
234c.1b7c: supR3HardenedScreenImage/LdrLoadDll: cache hit (VINF_SUCCESS) on \Device\HarddiskVolume3\Windows\System32\kernel32.dll [lacks WinVerifyTrust]
234c.1b7c: supR3HardenedMonitor_LdrLoadDll: pName=C:\Windows\System32\kernel32.dll (Input=kernel32.dll, rcNtResolve=0xc0150008) *pfFlags=0x0 pwszSearchPath=0000000000000001:<flags> [calling]
234c.1b7c: supR3HardenedMonitor_LdrLoadDll: returns rcNt=0x0 hMod=00007ffbadbf0000 'C:\Windows\System32\kernel32.dll'
234c.1b7c: supR3HardenedScreenImage/LdrLoadDll: cache hit (VINF_SUCCESS) on \Device\HarddiskVolume3\Windows\System32\wintrust.dll [lacks WinVerifyTrust]
234c.1b7c: supR3HardenedMonitor_LdrLoadDll: pName=C:\Windows\System32\WINTRUST.DLL (Input=WINTRUST.DLL, rcNtResolve=0xc0150008) *pfFlags=0x0 pwszSearchPath=0000000000000001:<flags> [calling]
234c.1b7c: supR3HardenedMonitor_LdrLoadDll: returns rcNt=0x0 hMod=00007ffbacda0000 'C:\Windows\System32\WINTRUST.DLL'
234c.1b7c: supR3HardenedScreenImage/LdrLoadDll: cache hit (VINF_SUCCESS) on \Device\HarddiskVolume3\Windows\System32\crypt32.dll [lacks WinVerifyTrust]
234c.1b7c: supR3HardenedMonitor_LdrLoadDll: pName=C:\Windows\System32\CRYPT32.dll (rcNtResolve=0xc0150008) *pfFlags=0x2 pwszSearchPath=0000000000000001:<flags> [calling]
234c.1b7c: supR3HardenedMonitor_LdrLoadDll: returns rcNt=0x0 hMod=00007ffbaca60000 'C:\Windows\System32\CRYPT32.dll'
234c.1b7c: supR3HardenedDllNotificationCallback: load   00007ffbadcc0000 LB 0x0001f000 C:\Windows\System32\imagehlp.dll [fFlags=0x0]
234c.1b7c: supHardenedWinVerifyImageByHandle: -> 0 (\Device\HarddiskVolume3\Windows\System32\imagehlp.dll)
234c.1b7c: supR3HardenedWinVerifyCacheInsert: \Device\HarddiskVolume3\Windows\System32\imagehlp.dll
234c.1b7c: supR3HardenedScreenImage/LdrLoadDll: cache hit (VINF_SUCCESS) on \Device\HarddiskVolume3\Windows\System32\rsaenh.dll [lacks WinVerifyTrust]
234c.1b7c: supR3HardenedMonitor_LdrLoadDll: pName=C:\Windows\system32\rsaenh.dll (rcNtResolve=0xc0150008) *pfFlags=0x0 pwszSearchPath=0000000000000001:<flags> [calling]
234c.1b7c: supR3HardenedMonitor_LdrLoadDll: returns rcNt=0x0 hMod=00007ffbab9d0000 'C:\Windows\system32\rsaenh.dll'
234c.1b7c: supR3HardenedScreenImage/LdrLoadDll: cache hit (VINF_SUCCESS) on \Device\HarddiskVolume3\Windows\System32\crypt32.dll [lacks WinVerifyTrust]
234c.1b7c: supR3HardenedMonitor_LdrLoadDll: pName=C:\Windows\System32\crypt32.dll (Input=crypt32.dll, rcNtResolve=0xc0150008) *pfFlags=0x0 pwszSearchPath=0000000000000001:<flags> [calling]
234c.1b7c: supR3HardenedMonitor_LdrLoadDll: returns rcNt=0x0 hMod=00007ffbaca60000 'C:\Windows\System32\crypt32.dll'
234c.1b7c: supR3HardenedDllNotificationCallback: load   00007ffbae4e0000 LB 0x000a8000 C:\Windows\System32\sechost.dll [fFlags=0x0]
234c.1b7c: supR3HardenedWinVerifyCacheScheduleImports: Import todo: #24 'bcrypt.dll'.
234c.1b7c: supHardenedWinVerifyImageByHandle: -> 0 (\Device\HarddiskVolume3\Windows\System32\sechost.dll)
234c.1b7c: supR3HardenedWinVerifyCacheInsert: \Device\HarddiskVolume3\Windows\System32\sechost.dll
234c.1b7c: supR3HardenedWinVerifyCacheScheduleImports: Import todo: #0 'msvcrt.dll'.
234c.1b7c: supR3HardenedWinVerifyCacheScheduleImports: Import todo: #11 'rpcrt4.dll'.
234c.1b7c: supHardenedWinVerifyImageByHandle: -> 0 (\Device\HarddiskVolume3\Windows\System32\gpapi.dll)
234c.1b7c: supR3HardenedWinVerifyCacheInsert: \Device\HarddiskVolume3\Windows\System32\gpapi.dll
234c.1b7c: supR3HardenedDllNotificationCallback: load   00007ffbabf40000 LB 0x00026000 C:\Windows\SYSTEM32\gpapi.dll [fFlags=0x0]
234c.1b7c: supR3HardenedScreenImage/LdrLoadDll: cache hit (VINF_SUCCESS) on \Device\HarddiskVolume3\Windows\System32\gpapi.dll [lacks WinVerifyTrust]
234c.1b7c: supR3HardenedWinVerifyCacheScheduleImports: Import todo: #0 'msvcrt.dll'.
234c.1b7c: supR3HardenedWinVerifyCacheScheduleImports: Import todo: #8 'crypt32.dll'.
234c.1b7c: supHardenedWinVerifyImageByHandle: -> 0 (\Device\HarddiskVolume3\Windows\System32\cryptnet.dll)
234c.1b7c: supR3HardenedWinVerifyCacheInsert: \Device\HarddiskVolume3\Windows\System32\cryptnet.dll
234c.1b7c: supR3HardenedWinVerifyCacheProcessImportTodos: Processing 'crypt32.dll'...
234c.1b7c: supR3HardenedWinVerifyCacheProcessImportTodos: 'crypt32.dll' -> '\Device\HarddiskVolume3\Windows\System32\crypt32.dll' [rcNtRedir=0xc0150008]
234c.1b7c: supR3HardenedScreenImage/Imports: cache hit (VINF_SUCCESS) on \Device\HarddiskVolume3\Windows\System32\crypt32.dll [lacks WinVerifyTrust]
234c.1b7c: supR3HardenedWinVerifyCacheProcessImportTodos: Processing 'msvcrt.dll'...
234c.1b7c: supR3HardenedWinVerifyCacheProcessImportTodos: 'msvcrt.dll' -> '\Device\HarddiskVolume3\Windows\System32\msvcrt.dll' [rcNtRedir=0xc0150008]
234c.1b7c: supR3HardenedScreenImage/Imports: cache hit (VINF_SUCCESS) on \Device\HarddiskVolume3\Windows\System32\msvcrt.dll [lacks WinVerifyTrust]
234c.1b7c: supR3HardenedWinVerifyCacheProcessImportTodos: Processing 'rpcrt4.dll'...
234c.1b7c: supR3HardenedWinVerifyCacheProcessImportTodos: 'rpcrt4.dll' -> '\Device\HarddiskVolume3\Windows\System32\rpcrt4.dll' [rcNtRedir=0xc0150008]
234c.1b7c: supR3HardenedScreenImage/Imports: cache hit (VINF_SUCCESS) on \Device\HarddiskVolume3\Windows\System32\rpcrt4.dll [lacks WinVerifyTrust]
234c.1b7c: supR3HardenedWinVerifyCacheProcessImportTodos: Processing 'msvcrt.dll'...
234c.1b7c: supR3HardenedWinVerifyCacheProcessImportTodos: 'msvcrt.dll' -> '\Device\HarddiskVolume3\Windows\System32\msvcrt.dll' [rcNtRedir=0xc0150008]
234c.1b7c: supR3HardenedScreenImage/Imports: cache hit (VINF_SUCCESS) on \Device\HarddiskVolume3\Windows\System32\msvcrt.dll [lacks WinVerifyTrust]
234c.1b7c: supR3HardenedWinVerifyCacheProcessImportTodos: Processing 'bcrypt.dll'...
234c.1b7c: supR3HardenedWinVerifyCacheProcessImportTodos: 'bcrypt.dll' -> '\Device\HarddiskVolume3\Windows\System32\bcrypt.dll' [rcNtRedir=0xc0150008]
234c.1b7c: supR3HardenedScreenImage/Imports: cache hit (VINF_SUCCESS) on \Device\HarddiskVolume3\Windows\System32\bcrypt.dll [lacks WinVerifyTrust]
234c.1b7c: supR3HardenedMonitor_LdrLoadDll: pName=C:\Windows\System32\cryptnet.dll (rcNtResolve=0xc0150008) *pfFlags=0x0 pwszSearchPath=0000000000000001:<flags> [calling]
234c.1b7c: supR3HardenedScreenImage/NtCreateSection: cache hit (VINF_SUCCESS) on \Device\HarddiskVolume3\Windows\System32\cryptnet.dll [lacks WinVerifyTrust]
234c.1b7c: supR3HardenedDllNotificationCallback: load   00007ffb8dc10000 LB 0x00032000 C:\Windows\System32\cryptnet.dll [fFlags=0x0]
234c.1b7c: supR3HardenedScreenImage/LdrLoadDll: cache hit (VINF_SUCCESS) on \Device\HarddiskVolume3\Windows\System32\cryptnet.dll [lacks WinVerifyTrust]
234c.1b7c: supR3HardenedScreenImage/LdrLoadDll: cache hit (VINF_SUCCESS) on \Device\HarddiskVolume3\Windows\System32\cryptnet.dll [lacks WinVerifyTrust]
234c.1b7c: supR3HardenedMonitor_LdrLoadDll: pName=C:\Windows\System32\cryptnet.dll (rcNtResolve=0xc0150008) *pfFlags=0x2 pwszSearchPath=0000000000000001:<flags> [calling]
234c.1b7c: supR3HardenedMonitor_LdrLoadDll: returns rcNt=0x0 hMod=00007ffb8dc10000 'C:\Windows\System32\cryptnet.dll'
234c.1b7c: supR3HardenedScreenImage/LdrLoadDll: cache hit (VINF_SUCCESS) on \Device\HarddiskVolume3\Windows\System32\cryptnet.dll [lacks WinVerifyTrust]
234c.1b7c: supR3HardenedMonitor_LdrLoadDll: pName=C:\Windows\System32\cryptnet.dll (rcNtResolve=0xc0150008) *pfFlags=0x2 pwszSearchPath=0000000000000001:<flags> [calling]
234c.1b7c: supR3HardenedMonitor_LdrLoadDll: returns rcNt=0x0 hMod=00007ffb8dc10000 'C:\Windows\System32\cryptnet.dll'
234c.1b7c: supR3HardenedScreenImage/LdrLoadDll: cache hit (VINF_SUCCESS) on \Device\HarddiskVolume3\Windows\System32\cryptnet.dll [lacks WinVerifyTrust]
234c.1b7c: supR3HardenedMonitor_LdrLoadDll: pName=C:\Windows\System32\cryptnet.dll (rcNtResolve=0xc0150008) *pfFlags=0x2 pwszSearchPath=0000000000000001:<flags> [calling]
234c.1b7c: supR3HardenedMonitor_LdrLoadDll: returns rcNt=0x0 hMod=00007ffb8dc10000 'C:\Windows\System32\cryptnet.dll'
234c.1b7c: supR3HardenedScreenImage/LdrLoadDll: cache hit (VINF_SUCCESS) on \Device\HarddiskVolume3\Windows\System32\cryptnet.dll [lacks WinVerifyTrust]
234c.1b7c: supR3HardenedMonitor_LdrLoadDll: pName=C:\Windows\System32\cryptnet.dll (rcNtResolve=0xc0150008) *pfFlags=0x2 pwszSearchPath=0000000000000001:<flags> [calling]
234c.1b7c: supR3HardenedMonitor_LdrLoadDll: returns rcNt=0x0 hMod=00007ffb8dc10000 'C:\Windows\System32\cryptnet.dll'
234c.1b7c: supR3HardenedScreenImage/LdrLoadDll: cache hit (VINF_SUCCESS) on \Device\HarddiskVolume3\Windows\System32\cryptnet.dll [lacks WinVerifyTrust]
234c.1b7c: supR3HardenedMonitor_LdrLoadDll: pName=C:\Windows\System32\cryptnet.dll (rcNtResolve=0xc0150008) *pfFlags=0x2 pwszSearchPath=0000000000000001:<flags> [calling]
234c.1b7c: supR3HardenedMonitor_LdrLoadDll: returns rcNt=0x0 hMod=00007ffb8dc10000 'C:\Windows\System32\cryptnet.dll'
234c.1b7c: supR3HardenedScreenImage/LdrLoadDll: cache hit (VINF_SUCCESS) on \Device\HarddiskVolume3\Windows\System32\cryptnet.dll [lacks WinVerifyTrust]
234c.1b7c: supR3HardenedMonitor_LdrLoadDll: pName=C:\Windows\System32\cryptnet.dll (rcNtResolve=0xc0150008) *pfFlags=0x2 pwszSearchPath=0000000000000001:<flags> [calling]
234c.1b7c: supR3HardenedMonitor_LdrLoadDll: returns rcNt=0x0 hMod=00007ffb8dc10000 'C:\Windows\System32\cryptnet.dll'
234c.1b7c: supR3HardenedScreenImage/LdrLoadDll: cache hit (VINF_SUCCESS) on \Device\HarddiskVolume3\Windows\System32\cryptnet.dll [lacks WinVerifyTrust]
234c.1b7c: supR3HardenedMonitor_LdrLoadDll: returns rcNt=0x0 hMod=00007ffb8dc10000 'C:\Windows\System32\cryptnet.dll'
234c.1b7c: supR3HardenedScreenImage/LdrLoadDll: cache hit (VINF_SUCCESS) on \Device\HarddiskVolume3\Windows\System32\cryptnet.dll [lacks WinVerifyTrust]
234c.1b7c: supR3HardenedMonitor_LdrLoadDll: returns rcNt=0x0 hMod=00007ffb8dc10000 'C:\Windows\System32\cryptnet.dll'
234c.1b7c: supR3HardenedScreenImage/LdrLoadDll: cache hit (VINF_SUCCESS) on \Device\HarddiskVolume3\Windows\System32\cryptnet.dll [lacks WinVerifyTrust]
234c.1b7c: supR3HardenedMonitor_LdrLoadDll: returns rcNt=0x0 hMod=00007ffb8dc10000 'C:\Windows\System32\cryptnet.dll'
234c.1b7c: supR3HardenedScreenImage/LdrLoadDll: cache hit (VINF_SUCCESS) on \Device\HarddiskVolume3\Windows\System32\cryptnet.dll [lacks WinVerifyTrust]
234c.1b7c: supR3HardenedMonitor_LdrLoadDll: returns rcNt=0x0 hMod=00007ffb8dc10000 'C:\Windows\System32\cryptnet.dll'
234c.1b7c: supR3HardenedScreenImage/LdrLoadDll: cache hit (VINF_SUCCESS) on \Device\HarddiskVolume3\Windows\System32\cryptnet.dll [lacks WinVerifyTrust]
234c.1b7c: supR3HardenedMonitor_LdrLoadDll: returns rcNt=0x0 hMod=00007ffb8dc10000 'C:\Windows\System32\cryptnet.dll'
234c.1b7c: supR3HardenedMonitor_LdrLoadDll: returns rcNt=0x0 hMod=00007ffb8dc10000 'C:\Windows\System32\cryptnet.dll'
234c.1b7c: supHardenedWinVerifyImageByHandle: -> 0 (\Device\HarddiskVolume3\Windows\System32\profapi.dll)
234c.1b7c: supR3HardenedWinVerifyCacheInsert: \Device\HarddiskVolume3\Windows\System32\profapi.dll
234c.1b7c: supR3HardenedDllNotificationCallback: load   00007ffbac990000 LB 0x00027000 C:\Windows\SYSTEM32\profapi.dll [fFlags=0x0]
234c.1b7c: supR3HardenedScreenImage/LdrLoadDll: cache hit (VINF_SUCCESS) on \Device\HarddiskVolume3\Windows\System32\profapi.dll [lacks WinVerifyTrust]
234c.1b7c: supR3HardenedDllNotificationCallback: load   00007ffbaf2d0000 LB 0x000b2000 C:\Windows\System32\advapi32.dll [fFlags=0x0]
234c.1b7c: supR3HardenedWinVerifyCacheScheduleImports: Import todo: #0 'msvcrt.dll'.
234c.1b7c: supR3HardenedWinVerifyCacheScheduleImports: Import todo: #6 'sechost.dll'.
234c.1b7c: supR3HardenedWinVerifyCacheScheduleImports: Import todo: #28 'rpcrt4.dll'.
234c.1b7c: supHardenedWinVerifyImageByHandle: -> 0 (\Device\HarddiskVolume3\Windows\System32\advapi32.dll)
234c.1b7c: supR3HardenedWinVerifyCacheInsert: \Device\HarddiskVolume3\Windows\System32\advapi32.dll
234c.1b7c: supR3HardenedScreenImage/LdrLoadDll: cache hit (VINF_SUCCESS) on \Device\HarddiskVolume3\Windows\System32\rsaenh.dll [lacks WinVerifyTrust]
234c.1b7c: supR3HardenedWinVerifyCacheProcessImportTodos: Processing 'rpcrt4.dll'...
234c.1b7c: supR3HardenedWinVerifyCacheProcessImportTodos: 'rpcrt4.dll' -> '\Device\HarddiskVolume3\Windows\System32\rpcrt4.dll' [rcNtRedir=0xc0150008]
234c.1b7c: supR3HardenedScreenImage/Imports: cache hit (VINF_SUCCESS) on \Device\HarddiskVolume3\Windows\System32\rpcrt4.dll [lacks WinVerifyTrust]
234c.1b7c: supR3HardenedWinVerifyCacheProcessImportTodos: Processing 'sechost.dll'...
234c.1b7c: supR3HardenedWinVerifyCacheProcessImportTodos: 'sechost.dll' -> '\Device\HarddiskVolume3\Windows\System32\sechost.dll' [rcNtRedir=0xc0150008]
234c.1b7c: supR3HardenedScreenImage/Imports: cache hit (VINF_SUCCESS) on \Device\HarddiskVolume3\Windows\System32\sechost.dll [lacks WinVerifyTrust]
234c.1b7c: supR3HardenedWinVerifyCacheProcessImportTodos: Processing 'msvcrt.dll'...
234c.1b7c: supR3HardenedWinVerifyCacheProcessImportTodos: 'msvcrt.dll' -> '\Device\HarddiskVolume3\Windows\System32\msvcrt.dll' [rcNtRedir=0xc0150008]
234c.1b7c: supR3HardenedScreenImage/Imports: cache hit (VINF_SUCCESS) on \Device\HarddiskVolume3\Windows\System32\msvcrt.dll [lacks WinVerifyTrust]
234c.1b7c: supR3HardenedMonitor_LdrLoadDll: pName=C:\Windows\system32\rsaenh.dll (rcNtResolve=0xc0150008) *pfFlags=0x0 pwszSearchPath=0000000000000001:<flags> [calling]
234c.1b7c: supR3HardenedMonitor_LdrLoadDll: returns rcNt=0x0 hMod=00007ffbab9d0000 'C:\Windows\system32\rsaenh.dll'
234c.1b7c: supR3HardenedScreenImage/LdrLoadDll: cache hit (VINF_SUCCESS) on \Device\HarddiskVolume3\Windows\System32\crypt32.dll [lacks WinVerifyTrust]
234c.1b7c: supR3HardenedMonitor_LdrLoadDll: pName=C:\Windows\System32\crypt32.dll (Input=crypt32.dll, rcNtResolve=0xc0150008) *pfFlags=0x0 pwszSearchPath=0000000000000001:<flags> [calling]
234c.1b7c: supR3HardenedMonitor_LdrLoadDll: returns rcNt=0x0 hMod=00007ffbaca60000 'C:\Windows\System32\crypt32.dll'
234c.1b7c: supR3HardNtViCallWinVerifyTrustCatFile: hFile=0000000000000000 pwszName=\SystemRoot\System32\ntdll.dll
234c.1b7c: supR3HardNtViCallWinVerifyTrustCatFile: New context 000001e52ca9f790
234c.1b7c: supR3HardNtViCallWinVerifyTrustCatFile: hCatAdmin=000001e52ca9f790
234c.1b7c: supR3HardNtViCallWinVerifyTrustCatFile: cbHash=20 wszDigest=E45681AAA4DF35F95CF4CDCC7434AD683E6F09E9
234c.1b7c: supR3HardenedScreenImage/LdrLoadDll: cache hit (VINF_SUCCESS) on \Device\HarddiskVolume3\Windows\System32\rpcrt4.dll [lacks WinVerifyTrust]
234c.1b7c: supR3HardenedMonitor_LdrLoadDll: pName=C:\Windows\System32\rpcrt4.dll (Input=rpcrt4.dll, rcNtResolve=0xc0150008) *pfFlags=0x0 pwszSearchPath=0000000000000001:<flags> [calling]
234c.1b7c: supR3HardenedMonitor_LdrLoadDll: returns rcNt=0x0 hMod=00007ffbadf40000 'C:\Windows\System32\rpcrt4.dll'
234c.1b7c: supR3HardenedScreenImage/LdrLoadDll: cache hit (VINF_SUCCESS) on \Device\HarddiskVolume3\Windows\System32\rsaenh.dll [lacks WinVerifyTrust]
234c.1b7c: supR3HardenedMonitor_LdrLoadDll: pName=C:\Windows\system32\rsaenh.dll (rcNtResolve=0xc0150008) *pfFlags=0x0 pwszSearchPath=0000000000000001:<flags> [calling]
234c.1b7c: supR3HardenedMonitor_LdrLoadDll: returns rcNt=0x0 hMod=00007ffbab9d0000 'C:\Windows\system32\rsaenh.dll'
234c.1b7c: supR3HardenedScreenImage/LdrLoadDll: cache hit (VINF_SUCCESS) on \Device\HarddiskVolume3\Windows\System32\crypt32.dll [lacks WinVerifyTrust]
234c.1b7c: supR3HardenedMonitor_LdrLoadDll: pName=C:\Windows\System32\crypt32.dll (Input=crypt32.dll, rcNtResolve=0xc0150008) *pfFlags=0x0 pwszSearchPath=0000000000000001:<flags> [calling]
234c.1b7c: supR3HardenedMonitor_LdrLoadDll: returns rcNt=0x0 hMod=00007ffbaca60000 'C:\Windows\System32\crypt32.dll'
234c.1b7c: supR3HardNtViCallWinVerifyTrustCatFile: WinVerifyTrust => 0x0; cat='C:\Windows\system32\CatRoot\{F750E6C3-38EE-11D1-85E5-00C04FC295EE}\Microsoft-Windows-Client-Desktop-Required-Package051420~31bf3856ad364e35~amd64~~10.0.22621.4317.cat'; file='\SystemRoot\System32\ntdll.dll'
234c.1b7c: g_pfnWinVerifyTrust=00007ffbacdb24c0
234c.1b7c: supR3HardenedScreenImage/preload: cache hit (VINF_SUCCESS) on \Device\HarddiskVolume3\Windows\System32\crypt32.dll [redoing WinVerifyTrust]
234c.1b7c: supR3HardenedScreenImage/LdrLoadDll: cache hit (VINF_SUCCESS) on \Device\HarddiskVolume3\Windows\System32\rsaenh.dll [lacks WinVerifyTrust]
234c.1b7c: supR3HardenedMonitor_LdrLoadDll: pName=C:\Windows\system32\rsaenh.dll (rcNtResolve=0xc0150008) *pfFlags=0x0 pwszSearchPath=0000000000000001:<flags> [calling]
234c.1b7c: supR3HardenedMonitor_LdrLoadDll: returns rcNt=0x0 hMod=00007ffbab9d0000 'C:\Windows\system32\rsaenh.dll'
234c.1b7c: supR3HardenedScreenImage/LdrLoadDll: cache hit (VINF_SUCCESS) on \Device\HarddiskVolume3\Windows\System32\crypt32.dll [lacks WinVerifyTrust]
234c.1b7c: supR3HardenedMonitor_LdrLoadDll: pName=C:\Windows\System32\crypt32.dll (Input=crypt32.dll, rcNtResolve=0xc0150008) *pfFlags=0x0 pwszSearchPath=0000000000000001:<flags> [calling]
234c.1b7c: supR3HardenedMonitor_LdrLoadDll: returns rcNt=0x0 hMod=00007ffbaca60000 'C:\Windows\System32\crypt32.dll'
234c.1b7c: supR3HardenedScreenImage/preload: 0 (was 0) fWinVerifyTrust=1 for '\Device\HarddiskVolume3\Windows\System32\crypt32.dll'
234c.1b7c: supR3HardenedScreenImage/preload: cache hit (VINF_SUCCESS) on \Device\HarddiskVolume3\Windows\System32\wintrust.dll [redoing WinVerifyTrust]
234c.1b7c: supR3HardenedScreenImage/LdrLoadDll: cache hit (VINF_SUCCESS) on \Device\HarddiskVolume3\Windows\System32\rsaenh.dll [lacks WinVerifyTrust]
234c.1b7c: supR3HardenedMonitor_LdrLoadDll: pName=C:\Windows\system32\rsaenh.dll (rcNtResolve=0xc0150008) *pfFlags=0x0 pwszSearchPath=0000000000000001:<flags> [calling]
234c.1b7c: supR3HardenedMonitor_LdrLoadDll: returns rcNt=0x0 hMod=00007ffbab9d0000 'C:\Windows\system32\rsaenh.dll'
234c.1b7c: supR3HardenedScreenImage/LdrLoadDll: cache hit (VINF_SUCCESS) on \Device\HarddiskVolume3\Windows\System32\crypt32.dll
234c.1b7c: supR3HardenedMonitor_LdrLoadDll: pName=C:\Windows\System32\crypt32.dll (Input=crypt32.dll, rcNtResolve=0xc0150008) *pfFlags=0x0 pwszSearchPath=0000000000000001:<flags> [calling]
234c.1b7c: supR3HardenedMonitor_LdrLoadDll: returns rcNt=0x0 hMod=00007ffbaca60000 'C:\Windows\System32\crypt32.dll'
234c.1b7c: supR3HardenedScreenImage/preload: 0 (was 0) fWinVerifyTrust=1 for '\Device\HarddiskVolume3\Windows\System32\wintrust.dll'
234c.1b7c: supR3HardenedScreenImage/LdrLoadDll: cache hit (VINF_SUCCESS) on \Device\HarddiskVolume3\Windows\System32\rsaenh.dll [lacks WinVerifyTrust]
234c.1b7c: supR3HardenedMonitor_LdrLoadDll: pName=C:\Windows\system32\rsaenh.dll (rcNtResolve=0xc0150008) *pfFlags=0x0 pwszSearchPath=0000000000000001:<flags> [calling]
234c.1b7c: supR3HardenedMonitor_LdrLoadDll: returns rcNt=0x0 hMod=00007ffbab9d0000 'C:\Windows\system32\rsaenh.dll'
234c.1b7c: supR3HardenedMonitor_LdrLoadDll: returns rcNt=0x0 hMod=00007ffbaca60000 'C:\Windows\System32\crypt32.dll'
234c.1b7c: supR3HardenedWinVerifyCacheProcessWvtTodos: 0 (was 0) fWinVerifyTrust=1 for '\Device\HarddiskVolume3\Windows\System32\advapi32.dll'
234c.1b7c: supR3HardenedScreenImage/LdrLoadDll: cache hit (VINF_SUCCESS) on \Device\HarddiskVolume3\Windows\System32\rsaenh.dll [lacks WinVerifyTrust]
234c.1b7c: supR3HardenedMonitor_LdrLoadDll: returns rcNt=0x0 hMod=00007ffbab9d0000 'C:\Windows\system32\rsaenh.dll'
234c.1b7c: supR3HardenedMonitor_LdrLoadDll: returns rcNt=0x0 hMod=00007ffbaca60000 'C:\Windows\System32\crypt32.dll'
234c.1b7c: supR3HardenedWinVerifyCacheProcessWvtTodos: 0 (was 0) fWinVerifyTrust=1 for '\Device\HarddiskVolume3\Windows\System32\profapi.dll'
234c.1b7c: supR3HardenedScreenImage/LdrLoadDll: cache hit (VINF_SUCCESS) on \Device\HarddiskVolume3\Windows\System32\rsaenh.dll [lacks WinVerifyTrust]
234c.1b7c: supR3HardenedMonitor_LdrLoadDll: returns rcNt=0x0 hMod=00007ffbab9d0000 'C:\Windows\system32\rsaenh.dll'
234c.1b7c: supR3HardenedMonitor_LdrLoadDll: returns rcNt=0x0 hMod=00007ffbaca60000 'C:\Windows\System32\crypt32.dll'
234c.1b7c: supR3HardenedWinVerifyCacheProcessWvtTodos: 0 (was 0) fWinVerifyTrust=1 for '\Device\HarddiskVolume3\Windows\System32\cryptnet.dll'
234c.1b7c: supR3HardenedScreenImage/LdrLoadDll: cache hit (VINF_SUCCESS) on \Device\HarddiskVolume3\Windows\System32\rsaenh.dll [lacks WinVerifyTrust]
234c.1b7c: supR3HardenedMonitor_LdrLoadDll: returns rcNt=0x0 hMod=00007ffbab9d0000 'C:\Windows\system32\rsaenh.dll'
234c.1b7c: supR3HardenedMonitor_LdrLoadDll: returns rcNt=0x0 hMod=00007ffbaca60000 'C:\Windows\System32\crypt32.dll'
234c.1b7c: supR3HardenedWinVerifyCacheProcessWvtTodos: 0 (was 0) fWinVerifyTrust=1 for '\Device\HarddiskVolume3\Windows\System32\gpapi.dll'
234c.1b7c: supR3HardenedScreenImage/LdrLoadDll: cache hit (VINF_SUCCESS) on \Device\HarddiskVolume3\Windows\System32\rsaenh.dll [lacks WinVerifyTrust]
234c.1b7c: supR3HardenedMonitor_LdrLoadDll: returns rcNt=0x0 hMod=00007ffbab9d0000 'C:\Windows\system32\rsaenh.dll'
234c.1b7c: supR3HardenedMonitor_LdrLoadDll: returns rcNt=0x0 hMod=00007ffbaca60000 'C:\Windows\System32\crypt32.dll'
234c.1b7c: supR3HardenedWinVerifyCacheProcessWvtTodos: 0 (was 0) fWinVerifyTrust=1 for '\Device\HarddiskVolume3\Windows\System32\sechost.dll'
234c.1b7c: supR3HardenedScreenImage/LdrLoadDll: cache hit (VINF_SUCCESS) on \Device\HarddiskVolume3\Windows\System32\rsaenh.dll [lacks WinVerifyTrust]
234c.1b7c: supR3HardenedMonitor_LdrLoadDll: returns rcNt=0x0 hMod=00007ffbab9d0000 'C:\Windows\system32\rsaenh.dll'
234c.1b7c: supR3HardenedMonitor_LdrLoadDll: returns rcNt=0x0 hMod=00007ffbaca60000 'C:\Windows\System32\crypt32.dll'
234c.1b7c: supR3HardenedWinVerifyCacheProcessWvtTodos: 0 (was 0) fWinVerifyTrust=1 for '\Device\HarddiskVolume3\Windows\System32\imagehlp.dll'
234c.1b7c: supR3HardenedScreenImage/LdrLoadDll: cache hit (VINF_SUCCESS) on \Device\HarddiskVolume3\Windows\System32\rsaenh.dll [lacks WinVerifyTrust]
234c.1b7c: supR3HardenedMonitor_LdrLoadDll: returns rcNt=0x0 hMod=00007ffbab9d0000 'C:\Windows\system32\rsaenh.dll'
234c.1b7c: supR3HardenedMonitor_LdrLoadDll: returns rcNt=0x0 hMod=00007ffbaca60000 'C:\Windows\System32\crypt32.dll'
234c.1b7c: supR3HardenedWinVerifyCacheProcessWvtTodos: 0 (was 0) fWinVerifyTrust=1 for '\Device\HarddiskVolume3\Windows\System32\cryptbase.dll'
234c.1b7c: supR3HardenedScreenImage/LdrLoadDll: cache hit (VINF_SUCCESS) on \Device\HarddiskVolume3\Windows\System32\rsaenh.dll [lacks WinVerifyTrust]
234c.1b7c: supR3HardenedMonitor_LdrLoadDll: returns rcNt=0x0 hMod=00007ffbab9d0000 'C:\Windows\system32\rsaenh.dll'
234c.1b7c: supR3HardenedScreenImage/LdrLoadDll: cache hit (VINF_SUCCESS) on \Device\HarddiskVolume3\Windows\System32\crypt32.dll
234c.1b7c: supR3HardenedMonitor_LdrLoadDll: pName=C:\Windows\System32\crypt32.dll (Input=crypt32.dll, rcNtResolve=0xc0150008) *pfFlags=0x0 pwszSearchPath=0000000000000001:<flags> [calling]
234c.1b7c: supR3HardenedMonitor_LdrLoadDll: returns rcNt=0x0 hMod=00007ffbaca60000 'C:\Windows\System32\crypt32.dll'
234c.1b7c: supR3HardenedWinVerifyCacheProcessWvtTodos: 0 (was 0) fWinVerifyTrust=1 for '\Device\HarddiskVolume3\Windows\System32\rsaenh.dll'
234c.1b7c: supR3HardenedScreenImage/LdrLoadDll: cache hit (VINF_SUCCESS) on \Device\HarddiskVolume3\Windows\System32\rsaenh.dll
234c.1b7c: supR3HardenedMonitor_LdrLoadDll: pName=C:\Windows\system32\rsaenh.dll (rcNtResolve=0xc0150008) *pfFlags=0x0 pwszSearchPath=0000000000000001:<flags> [calling]
234c.1b7c: supR3HardenedMonitor_LdrLoadDll: returns rcNt=0x0 hMod=00007ffbab9d0000 'C:\Windows\system32\rsaenh.dll'
234c.1b7c: supR3HardenedMonitor_LdrLoadDll: returns rcNt=0x0 hMod=00007ffbaca60000 'C:\Windows\System32\crypt32.dll'
234c.1b7c: supR3HardenedWinVerifyCacheProcessWvtTodos: 0 (was 0) fWinVerifyTrust=1 for '\Device\HarddiskVolume3\Windows\System32\cryptsp.dll'
234c.1b7c: supR3HardenedMonitor_LdrLoadDll: returns rcNt=0x0 hMod=00007ffbab9d0000 'C:\Windows\system32\rsaenh.dll'
234c.1b7c: supR3HardenedMonitor_LdrLoadDll: returns rcNt=0x0 hMod=00007ffbaca60000 'C:\Windows\System32\crypt32.dll'
234c.1b7c: supR3HardenedWinVerifyCacheProcessWvtTodos: 0 (was 0) fWinVerifyTrust=1 for '\Device\HarddiskVolume3\Windows\System32\bcryptprimitives.dll'
234c.1b7c: supR3HardenedMonitor_LdrLoadDll: returns rcNt=0x0 hMod=00007ffbab9d0000 'C:\Windows\system32\rsaenh.dll'
234c.1b7c: supR3HardenedMonitor_LdrLoadDll: returns rcNt=0x0 hMod=00007ffbaca60000 'C:\Windows\System32\crypt32.dll'
234c.1b7c: supR3HardenedWinVerifyCacheProcessWvtTodos: 0 (was 0) fWinVerifyTrust=1 for '\Device\HarddiskVolume3\Windows\System32\bcrypt.dll'
234c.1b7c: supR3HardenedMonitor_LdrLoadDll: returns rcNt=0x0 hMod=00007ffbab9d0000 'C:\Windows\system32\rsaenh.dll'
234c.1b7c: supR3HardenedMonitor_LdrLoadDll: returns rcNt=0x0 hMod=00007ffbaca60000 'C:\Windows\System32\crypt32.dll'
234c.1b7c: supR3HardenedWinVerifyCacheProcessWvtTodos: 0 (was 0) fWinVerifyTrust=1 for '\Device\HarddiskVolume3\Windows\System32\msasn1.dll'
234c.1b7c: supR3HardenedMonitor_LdrLoadDll: returns rcNt=0x0 hMod=00007ffbab9d0000 'C:\Windows\system32\rsaenh.dll'
234c.1b7c: supR3HardenedMonitor_LdrLoadDll: returns rcNt=0x0 hMod=00007ffbaca60000 'C:\Windows\System32\crypt32.dll'
234c.1b7c: supR3HardenedWinVerifyCacheProcessWvtTodos: 0 (was 0) fWinVerifyTrust=1 for '\Device\HarddiskVolume3\Windows\System32\ucrtbase.dll'
234c.1b7c: supR3HardenedMonitor_LdrLoadDll: returns rcNt=0x0 hMod=00007ffbab9d0000 'C:\Windows\system32\rsaenh.dll'
234c.1b7c: supR3HardenedMonitor_LdrLoadDll: returns rcNt=0x0 hMod=00007ffbaca60000 'C:\Windows\System32\crypt32.dll'
234c.1b7c: supR3HardenedWinVerifyCacheProcessWvtTodos: 0 (was 0) fWinVerifyTrust=1 for '\Device\HarddiskVolume3\Windows\System32\msvcrt.dll'
234c.1b7c: supR3HardenedMonitor_LdrLoadDll: returns rcNt=0x0 hMod=00007ffbab9d0000 'C:\Windows\system32\rsaenh.dll'
234c.1b7c: supR3HardenedMonitor_LdrLoadDll: returns rcNt=0x0 hMod=00007ffbaca60000 'C:\Windows\System32\crypt32.dll'
234c.1b7c: supR3HardenedWinVerifyCacheProcessWvtTodos: 0 (was 0) fWinVerifyTrust=1 for '\Device\HarddiskVolume3\Windows\System32\rpcrt4.dll'
234c.1b7c: supR3HardenedMonitor_LdrLoadDll: returns rcNt=0x0 hMod=00007ffbab9d0000 'C:\Windows\system32\rsaenh.dll'
234c.1b7c: supR3HardenedMonitor_LdrLoadDll: returns rcNt=0x0 hMod=00007ffbaca60000 'C:\Windows\System32\crypt32.dll'
234c.1b7c: supR3HardenedWinVerifyCacheProcessWvtTodos: 0 (was 0) fWinVerifyTrust=1 for '\Device\HarddiskVolume3\Program Files\Oracle\VirtualBox\VBoxSupLib.dll'
234c.1b7c: supR3HardenedMonitor_LdrLoadDll: returns rcNt=0x0 hMod=00007ffbab9d0000 'C:\Windows\system32\rsaenh.dll'
234c.1b7c: supR3HardenedMonitor_LdrLoadDll: returns rcNt=0x0 hMod=00007ffbaca60000 'C:\Windows\System32\crypt32.dll'
234c.1b7c: supR3HardenedWinVerifyCacheProcessWvtTodos: 0 (was 0) fWinVerifyTrust=1 for '\Device\HarddiskVolume3\Program Files\Oracle\VirtualBox\VirtualBoxVM.exe'
234c.1b7c: supR3HardenedMonitor_LdrLoadDll: returns rcNt=0x0 hMod=00007ffbab9d0000 'C:\Windows\system32\rsaenh.dll'
234c.1b7c: supR3HardenedMonitor_LdrLoadDll: returns rcNt=0x0 hMod=00007ffbaca60000 'C:\Windows\System32\crypt32.dll'
234c.1b7c: supR3HardenedWinVerifyCacheProcessWvtTodos: 0 (was 0) fWinVerifyTrust=1 for '\Device\HarddiskVolume3\Windows\System32\KernelBase.dll'
234c.1b7c: supR3HardenedMonitor_LdrLoadDll: returns rcNt=0x0 hMod=00007ffbab9d0000 'C:\Windows\system32\rsaenh.dll'
234c.1b7c: supR3HardenedMonitor_LdrLoadDll: returns rcNt=0x0 hMod=00007ffbaca60000 'C:\Windows\System32\crypt32.dll'
234c.1b7c: supR3HardenedWinVerifyCacheProcessWvtTodos: 0 (was 0) fWinVerifyTrust=1 for '\Device\HarddiskVolume3\Windows\System32\kernel32.dll'
234c.1b7c: supR3HardenedMonitor_LdrLoadDll: returns rcNt=0x0 hMod=00007ffbaca60000 'C:\Windows\system32\crypt32.dll'
234c.1b7c: supR3HardenedWinIsDesiredRootCA: Adding 0x5ad46780fa5df300 DC=com, DC=microsoft, CN=Microsoft Root Certificate Authority
234c.1b7c: supR3HardenedWinIsDesiredRootCA: Adding 0xea5386456178582b C=ZA, ST=Western Cape, L=Durbanville, O=Thawte, OU=Thawte Certification, CN=Thawte Timestamping CA
234c.1b7c: supR3HardenedWinIsDesiredRootCA: Adding 0x3be670c1bd02a900 OU=Copyright (c) 1997 Microsoft Corp., OU=Microsoft Corporation, CN=Microsoft Root Authority
234c.1b7c: supR3HardenedWinIsDesiredRootCA: Adding 0xe991ee72b03db500 C=US, O=Symantec Corporation, CN=Symantec Enterprise Mobile Root for Microsoft
234c.1b7c: supR3HardenedWinIsDesiredRootCA: Adding 0x4d3835aa4180b200 C=US, ST=Washington, L=Redmond, O=Microsoft Corporation, CN=Microsoft Root Certificate Authority 2011
234c.1b7c: supR3HardenedWinIsDesiredRootCA: Adding 0x646e3fe3ba08df00 C=US, O=MSFT, CN=Microsoft Authenticode(tm) Root Authority
234c.1b7c: supR3HardenedWinIsDesiredRootCA: Adding 0xd4fbe673e5ccc600 C=US, O=DigiCert Inc, OU=www.digicert.com, CN=DigiCert High Assurance EV Root CA
234c.1b7c: supR3HardenedWinIsDesiredRootCA: Adding 0xece4e4289e08b900 C=US, ST=Washington, L=Redmond, O=Microsoft Corporation, CN=Microsoft Root Certificate Authority 2010
234c.1b7c: supR3HardenedWinIsDesiredRootCA: Adding 0xf3bb4d7e894b420 C=US, ST=Washington, L=Redmond, O=Microsoft Corporation, CN=Microsoft ECC TS Root Certificate Authority 2018
234c.1b7c: supR3HardenedWinIsDesiredRootCA: Adding 0x43a9cc371ff5385a O=Microsoft Trust Network, OU=Microsoft Corporation, OU=Microsoft Time Stamping Service Root, OU=Copyright (c) 1997 Microsoft Corp.
234c.1b7c: supR3HardenedWinIsDesiredRootCA: Adding 0x2e2d2c7c68f0202e O=VeriSign Trust Network, OU=VeriSign, Inc., OU=VeriSign Time Stamping Service Root, OU=NO LIABILITY ACCEPTED, (c)97 VeriSign, Inc.
234c.1b7c: supR3HardenedWinIsDesiredRootCA: Adding 0xcec3d46562b9be8e C=US, ST=Washington, L=Redmond, O=Microsoft Corporation, CN=Microsoft ECC Product Root Certificate Authority 2018
234c.1b7c: supR3HardenedWinIsDesiredRootCA: Adding 0x8043e4ce150ead00 C=US, O=DigiCert Inc, OU=www.digicert.com, CN=DigiCert Assured ID Root CA
234c.1b7c: supR3HardenedWinIsDesiredRootCA: Adding 0xca58a05dd401ae00 C=US, ST=Washington, L=Redmond, O=Microsoft Corporation, CN=Microsoft Time Stamp Root Certificate Authority 2014
234c.1b7c: supR3HardenedWinIsDesiredRootCA: Adding 0x670683072a91b300 C=US, O=Microsoft Corporation, CN=Microsoft Identity Verification Root Certificate Authority 2020
234c.1b7c: supR3HardenedWinIsDesiredRootCA: Adding 0xa1e31e8b0211b600 C=US, O=Google Trust Services LLC, CN=GTS Root R1
234c.1b7c: supR3HardenedWinIsDesiredRootCA: Adding 0x61a3a33f81aace00 C=US, ST=UT, L=Salt Lake City, O=The USERTRUST Network, OU=http://www.usertrust.com, CN=UTN-USERFirst-Object
234c.1b7c: supR3HardenedWinIsDesiredRootCA: Adding 0x3d993fde1950a700 C=US, O=IdenTrust, CN=IdenTrust Commercial Root CA 1
234c.1b7c: supR3HardenedWinIsDesiredRootCA: Adding 0x6b7bdc34cd37bb00 C=US, O=DigiCert Inc, OU=www.digicert.com, CN=DigiCert Global Root G2
234c.1b7c: supR3HardenedWinIsDesiredRootCA: Adding 0x57ba5395b561bf00 C=BM, O=QuoVadis Limited, OU=Root Certification Authority, CN=QuoVadis Root Certification Authority
234c.1b7c: supR3HardenedWinIsDesiredRootCA: Adding 0xbbde687390e6bf00 C=US, O=DigiCert Inc, OU=www.digicert.com, CN=DigiCert Trusted Root G4
234c.1b7c: supR3HardenedWinIsDesiredRootCA: Adding 0x83085097e9afdf00 O=Digital Signature Trust Co., CN=DST Root CA X3
234c.1b7c: supR3HardenedWinIsDesiredRootCA: Adding 0x780679907625cc00 OU=GlobalSign Root CA - R3, O=GlobalSign, CN=GlobalSign
234c.1b7c: supR3HardenedWinIsDesiredRootCA: Adding 0x3d98ab22bb04a300 C=IE, O=Baltimore, OU=CyberTrust, CN=Baltimore CyberTrust Root
234c.1b7c: supR3HardenedWinIsDesiredRootCA: Adding 0x80d5e6f878f9bd00 C=PL, O=Unizeto Technologies S.A., OU=Certum Certification Authority, CN=Certum Trusted Network CA 2
234c.1b7c: supR3HardenedWinIsDesiredRootCA: Adding 0xeae16ef49d40be00 C=GB, ST=Greater Manchester, L=Salford, O=Comodo CA Limited, CN=AAA Certificate Services
234c.1b7c: supR3HardenedWinIsDesiredRootCA: Adding 0xc6536f24d57ae723 C=US, ST=New Jersey, L=Jersey City, O=The USERTRUST Network, CN=USERTrust ECC Certification Authority
234c.1b7c: supR3HardenedWinIsDesiredRootCA: Adding 0x3714f47324e8ad00 C=US, O=Internet Security Research Group, CN=ISRG Root X1
234c.1b7c: supR3HardenedWinIsDesiredRootCA: Adding 0xcb7d2ba3dd0ff900 C=US, ST=Texas, L=Houston, O=SSL Corporation, CN=SSL.com Root Certification Authority RSA
234c.1b7c: supR3HardenedWinIsDesiredRootCA: Adding 0x8ff6fc03c1edbd00 C=US, ST=Arizona, L=Scottsdale, O=Starfield Technologies, Inc., CN=Starfield Root Certificate Authority - G2
234c.1b7c: supR3HardenedWinIsDesiredRootCA: Adding 0xa3ce8d99e60eda00 C=BE, O=GlobalSign nv-sa, OU=Root CA, CN=GlobalSign Root CA
234c.1b7c: supR3HardenedWinIsDesiredRootCA: Adding 0x560ad29254e89100 C=GB, ST=Greater Manchester, L=Salford, O=COMODO CA Limited, CN=COMODO RSA Certification Authority
234c.1b7c: supR3HardenedWinIsDesiredRootCA: Adding 0xd8755236d5be9300 C=GB, O=Sectigo Limited, CN=Sectigo Public Server Authentication Root R46
234c.1b7c: supR3HardenedWinIsDesiredRootCA: Adding 0xa671e9fec832b700 C=US, O=Starfield Technologies, Inc., OU=Starfield Class 2 Certification Authority
234c.1b7c: supR3HardenedWinIsDesiredRootCA: Adding 0xa8de7211e13be200 C=US, O=DigiCert Inc, OU=www.digicert.com, CN=DigiCert Global Root CA
234c.1b7c: supR3HardenedWinIsDesiredRootCA: Adding 0x9d1179c9f4d0b300 C=US, O=DigiCert, Inc., CN=DigiCert TLS RSA4096 Root G5
234c.1b7c: supR3HardenedWinIsDesiredRootCA: Adding 0x5102860480cd2313 C=US, O=Microsoft Corporation, CN=Microsoft ECC Root Certificate Authority 2017
234c.1b7c: supR3HardenedWinIsDesiredRootCA: Adding 0x4ef92ac43a0cd500 C=US, ST=Arizona, L=Scottsdale, O=Starfield Technologies, Inc., CN=Starfield Services Root Certificate Authority - G2
234c.1b7c: supR3HardenedWinIsDesiredRootCA: Adding 0xf5cd95e581a4ab00 C=US, O=SecureTrust Corporation, CN=SecureTrust CA
234c.1b7c: supR3HardenedWinIsDesiredRootCA: Adding 0xf966ca73e8079500 OU=GlobalSign Root CA - R6, O=GlobalSign, CN=GlobalSign
234c.1b7c: supR3HardenedWinIsDesiredRootCA: Adding 0xbebef0d2217f0bfb C=US, O=DigiCert Inc, OU=www.digicert.com, CN=DigiCert Global Root G3
234c.1b7c: supR3HardenedWinIsDesiredRootCA: Adding 0x14018a1bf29e595c C=US, O=VeriSign, Inc., OU=Class 3 Public Primary Certification Authority
234c.1b7c: supR3HardenedWinIsDesiredRootCA: Adding 0x298c3394be5bca00 C=US, O=Microsoft Corporation, CN=Microsoft RSA Root Certificate Authority 2017
234c.1b7c: supR3HardenedWinIsDesiredRootCA: Adding 0xa4031c19392e9f0e OU=GlobalSign ECC Root CA - R4, O=GlobalSign, CN=GlobalSign
234c.1b7c: supR3HardenedWinIsDesiredRootCA: Adding 0x7c4fd32ec1b1ce00 C=PL, O=Unizeto Sp. z o.o., CN=Certum CA
234c.1b7c: supR3HardenedWinIsDesiredRootCA: Adding 0xb352b1523915d000 C=JP, O=SECOM Trust Systems CO.,LTD., OU=Security Communication RootCA2
234c.1b7c: supR3HardenedWinIsDesiredRootCA: Adding 0xb28612a94b4dad00 O=Entrust.net, OU=www.entrust.net/CPS_2048 incorp. by ref. (limits liab.), OU=(c) 1999 Entrust.net Limited, CN=Entrust.net Certification Authority (2048)
234c.1b7c: supR3HardenedWinIsDesiredRootCA: Adding 0xe87add30c52db600 C=BE, O=GlobalSign nv-sa, CN=GlobalSign Code Signing Root R45
234c.1b7c: supR3HardenedWinIsDesiredRootCA: Adding 0x357a29080824af00 C=US, O=VeriSign, Inc., OU=VeriSign Trust Network, OU=(c) 2006 VeriSign, Inc. - For authorized use only, CN=VeriSign Class 3 Public Primary Certification Authority - G5
234c.1b7c: supR3HardenedWinIsDesiredRootCA: Adding 0x59faf1086271bf00 C=US, ST=Arizona, L=Scottsdale, O=GoDaddy.com, Inc., CN=Go Daddy Root Certificate Authority - G2
234c.1b7c: supR3HardenedWinIsDesiredRootCA: Adding 0x30669a4e82fa800 C=US, O=America Online Inc., CN=America Online Root Certification Authority 1
234c.1b7c: supR3HardenedWinIsDesiredRootCA: Adding 0x3401b15e3761c700 C=US, O=VeriSign, Inc., OU=VeriSign Trust Network, OU=(c) 2008 VeriSign, Inc. - For authorized use only, CN=VeriSign Universal Root Certification Authority
234c.1b7c: supR3HardenedWinIsDesiredRootCA: Adding 0xc30e361765128000 C=US, ST=New Jersey, L=Jersey City, O=The USERTRUST Network, CN=USERTrust RSA Certification Authority
234c.1b7c: supR3HardenedWinIsDesiredRootCA: Adding 0x491857ead79dde00 C=US, O=The Go Daddy Group, Inc., OU=Go Daddy Class 2 Certification Authority
234c.1b7c: supR3HardenedWinIsDesiredRootCA: Adding 0xc2ba72a37dfbe300 C=PL, O=Unizeto Technologies S.A., OU=Certum Certification Authority, CN=Certum Trusted Network CA
234c.1b7c: supR3HardenedWinIsDesiredRootCA: Adding 0xf2e6331af7b700 C=SE, O=AddTrust AB, OU=AddTrust External TTP Network, CN=AddTrust External CA Root
234c.1b7c: supR3HardenedWinRetrieveTrustedRootCAs: cAdded=56
234c.1b7c: SUPR3HardenedMain: Load Runtime...
234c.1b7c: supR3HardenedMonitor_LdrLoadDll: returns rcNt=0x0 hMod=00007ffbab9d0000 'C:\Windows\system32\rsaenh.dll'
234c.1b7c: supR3HardenedMonitor_LdrLoadDll: returns rcNt=0x0 hMod=00007ffbaca60000 'C:\Windows\System32\crypt32.dll'
234c.1b7c: supR3HardenedWinVerifyCacheScheduleImports: Import todo: #0 'mpr.dll'.
234c.1b7c: supR3HardenedWinVerifyCacheScheduleImports: Import todo: #2 'rpcrt4.dll'.
234c.1b7c: supR3HardenedWinVerifyCacheScheduleImports: Import todo: #14 'vcruntime140.dll'.
234c.1b7c: supR3HardenedWinVerifyCacheScheduleImports: Import todo: #15 'vcruntime140_1.dll'.
234c.1b7c: supR3HardenedWinVerifyCacheScheduleImports: Import todo: #16 'msvcp140.dll'.
234c.1b7c: supR3HardenedWinVerifyCacheScheduleImports: Import todo: #17 'ws2_32.dll'.
234c.1b7c: supHardenedWinVerifyImageByHandle: -> 0 (\Device\HarddiskVolume3\Program Files\Oracle\VirtualBox\VBoxRT.dll) WinVerifyTrust
234c.1b7c: supR3HardenedWinVerifyCacheInsert: \Device\HarddiskVolume3\Program Files\Oracle\VirtualBox\VBoxRT.dll
234c.1b7c: supR3HardenedWinVerifyCacheProcessImportTodos: Processing 'ws2_32.dll'...
234c.1b7c: supR3HardenedWinVerifyCacheProcessImportTodos: 'ws2_32.dll' -> '\Device\HarddiskVolume3\Windows\System32\ws2_32.dll' [rcNtRedir=0xc0150008]
234c.1b7c: supR3HardenedMonitor_LdrLoadDll: returns rcNt=0x0 hMod=00007ffbab9d0000 'C:\Windows\system32\rsaenh.dll'
234c.1b7c: supR3HardenedMonitor_LdrLoadDll: returns rcNt=0x0 hMod=00007ffbaca60000 'C:\Windows\System32\crypt32.dll'
234c.1b7c: supR3HardenedWinVerifyCacheScheduleImports: Import todo: #26 'rpcrt4.dll'.
234c.1b7c: supHardenedWinVerifyImageByHandle: -> 0 (\Device\HarddiskVolume3\Windows\System32\ws2_32.dll) WinVerifyTrust
234c.1b7c: supR3HardenedWinVerifyCacheInsert: \Device\HarddiskVolume3\Windows\System32\ws2_32.dll
234c.1b7c: supR3HardenedWinVerifyCacheProcessImportTodos: Processing 'msvcp140.dll'...
234c.1b7c: supR3HardenedWinVerifyCacheProcessImportTodos: 'msvcp140.dll' -> '\Device\HarddiskVolume3\Windows\System32\msvcp140.dll' [rcNtRedir=0xc0150008]
234c.1b7c: supR3HardenedWinVerifyCacheProcessImportTodos: Processing 'rpcrt4.dll'...
234c.1b7c: supR3HardenedWinVerifyCacheProcessImportTodos: 'rpcrt4.dll' -> '\Device\HarddiskVolume3\Windows\System32\rpcrt4.dll' [rcNtRedir=0xc0150008]
234c.1b7c: supR3HardenedScreenImage/Imports: cache hit (VINF_SUCCESS) on \Device\HarddiskVolume3\Windows\System32\rpcrt4.dll
234c.1b7c: supR3HardenedMonitor_LdrLoadDll: returns rcNt=0x0 hMod=00007ffbab9d0000 'C:\Windows\system32\rsaenh.dll'
234c.1b7c: supR3HardenedMonitor_LdrLoadDll: returns rcNt=0x0 hMod=00007ffbaca60000 'C:\Windows\System32\crypt32.dll'
234c.1b7c: supR3HardenedWinVerifyCacheScheduleImports: Import todo: #0 'vcruntime140.dll'.
234c.1b7c: supR3HardenedWinVerifyCacheScheduleImports: Import todo: #1 'vcruntime140_1.dll'.
234c.1b7c: supHardenedWinVerifyImageByHandle: -> 0 (\Device\HarddiskVolume3\Windows\System32\msvcp140.dll) WinVerifyTrust
234c.1b7c: supR3HardenedWinVerifyCacheInsert: \Device\HarddiskVolume3\Windows\System32\msvcp140.dll
234c.1b7c: supR3HardenedWinVerifyCacheProcessImportTodos: Processing 'vcruntime140_1.dll'...
234c.1b7c: supR3HardenedWinVerifyCacheProcessImportTodos: 'vcruntime140_1.dll' -> '\Device\HarddiskVolume3\Windows\System32\vcruntime140_1.dll' [rcNtRedir=0xc0150008]
234c.1b7c: supR3HardenedWinVerifyCacheProcessImportTodos: Processing 'vcruntime140_1.dll'...
234c.1b7c: supR3HardenedWinVerifyCacheProcessImportTodos: 'vcruntime140_1.dll' -> '\Device\HarddiskVolume3\Windows\System32\vcruntime140_1.dll' [rcNtRedir=0xc0150008]
234c.1b7c: Detected WinVerifyTrust recursion: rc=VINF_SUCCESS '\Device\HarddiskVolume3\Windows\System32\vcruntime140_1.dll'.
234c.1b7c: supR3HardenedWinVerifyCacheScheduleImports: Import todo: #3 'vcruntime140.dll'.
234c.1b7c: supHardenedWinVerifyImageByHandle: -> 0 (\Device\HarddiskVolume3\Windows\System32\vcruntime140_1.dll)
234c.1b7c: supR3HardenedWinVerifyCacheInsert: \Device\HarddiskVolume3\Windows\System32\vcruntime140_1.dll
234c.1b7c: supR3HardenedWinVerifyCacheProcessImportTodos: Processing 'vcruntime140.dll'...
234c.1b7c: supR3HardenedWinVerifyCacheProcessImportTodos: 'vcruntime140.dll' -> '\Device\HarddiskVolume3\Windows\System32\vcruntime140.dll' [rcNtRedir=0xc0150008]
234c.1b7c: Detected WinVerifyTrust recursion: rc=VINF_SUCCESS '\Device\HarddiskVolume3\Windows\System32\vcruntime140.dll'.
234c.1b7c: supHardenedWinVerifyImageByHandle: -> 0 (\Device\HarddiskVolume3\Windows\System32\vcruntime140.dll)
234c.1b7c: supR3HardenedWinVerifyCacheInsert: \Device\HarddiskVolume3\Windows\System32\vcruntime140.dll
234c.1b7c: supR3HardenedWinVerifyCacheProcessImportTodos: Processing 'vcruntime140.dll'...
234c.1b7c: supR3HardenedWinVerifyCacheProcessImportTodos: 'vcruntime140.dll' -> '\Device\HarddiskVolume3\Windows\System32\vcruntime140.dll' [rcNtRedir=0xc0150008]
234c.1b7c: supR3HardenedScreenImage/Imports: cache hit (VINF_SUCCESS) on \Device\HarddiskVolume3\Windows\System32\vcruntime140.dll [lacks WinVerifyTrust]
234c.1b7c: supR3HardenedMonitor_LdrLoadDll: returns rcNt=0x0 hMod=00007ffbab9d0000 'C:\Windows\system32\rsaenh.dll'
234c.1b7c: supR3HardenedScreenImage/LdrLoadDll: cache hit (VINF_SUCCESS) on \Device\HarddiskVolume3\Windows\System32\crypt32.dll
234c.1b7c: supR3HardenedMonitor_LdrLoadDll: pName=C:\Windows\System32\crypt32.dll (Input=crypt32.dll, rcNtResolve=0xc0150008) *pfFlags=0x0 pwszSearchPath=0000000000000001:<flags> [calling]
234c.1b7c: supR3HardenedMonitor_LdrLoadDll: returns rcNt=0x0 hMod=00007ffbaca60000 'C:\Windows\System32\crypt32.dll'
234c.1b7c: supR3HardenedWinVerifyCacheScheduleImports: Import todo: #3 'vcruntime140.dll'.
234c.1b7c: supHardenedWinVerifyImageByHandle: -> 0 (\Device\HarddiskVolume3\Windows\System32\vcruntime140_1.dll) WinVerifyTrust
234c.1b7c: supR3HardenedWinVerifyCacheProcessImportTodos: Processing 'vcruntime140.dll'...
234c.1b7c: supR3HardenedWinVerifyCacheProcessImportTodos: 'vcruntime140.dll' -> '\Device\HarddiskVolume3\Windows\System32\vcruntime140.dll' [rcNtRedir=0xc0150008]
234c.1b7c: supR3HardenedScreenImage/Imports: cache hit (VINF_SUCCESS) on \Device\HarddiskVolume3\Windows\System32\vcruntime140.dll [redoing WinVerifyTrust]
234c.1b7c: supR3HardenedWinVerifyCacheProcessImportTodos: Processing 'vcruntime140.dll'...
234c.1b7c: supR3HardenedWinVerifyCacheProcessImportTodos: 'vcruntime140.dll' -> '\Device\HarddiskVolume3\Windows\System32\vcruntime140.dll' [rcNtRedir=0xc0150008]
234c.1b7c: supR3HardenedScreenImage/Imports: cache hit (VINF_SUCCESS) on \Device\HarddiskVolume3\Windows\System32\vcruntime140.dll [lacks WinVerifyTrust]
234c.1b7c: supR3HardenedMonitor_LdrLoadDll: returns rcNt=0x0 hMod=00007ffbab9d0000 'C:\Windows\system32\rsaenh.dll'
234c.1b7c: supR3HardenedMonitor_LdrLoadDll: returns rcNt=0x0 hMod=00007ffbaca60000 'C:\Windows\System32\crypt32.dll'
234c.1b7c: supR3HardenedScreenImage/Imports: 0 (was 0) fWinVerifyTrust=1 for '\Device\HarddiskVolume3\Windows\System32\vcruntime140.dll'
234c.1b7c: supR3HardenedWinVerifyCacheProcessImportTodos: Processing 'rpcrt4.dll'...
234c.1b7c: supR3HardenedWinVerifyCacheProcessImportTodos: 'rpcrt4.dll' -> '\Device\HarddiskVolume3\Windows\System32\rpcrt4.dll' [rcNtRedir=0xc0150008]
234c.1b7c: supR3HardenedScreenImage/Imports: cache hit (VINF_SUCCESS) on \Device\HarddiskVolume3\Windows\System32\rpcrt4.dll
234c.1b7c: supR3HardenedWinVerifyCacheProcessImportTodos: Processing 'mpr.dll'...
234c.1b7c: supR3HardenedWinVerifyCacheProcessImportTodos: 'mpr.dll' -> '\Device\HarddiskVolume3\Windows\System32\mpr.dll' [rcNtRedir=0xc0150008]
234c.1b7c: supR3HardenedScreenImage/LdrLoadDll: cache hit (VINF_SUCCESS) on \Device\HarddiskVolume3\Windows\System32\rsaenh.dll
234c.1b7c: supR3HardenedMonitor_LdrLoadDll: pName=C:\Windows\system32\rsaenh.dll (rcNtResolve=0xc0150008) *pfFlags=0x0 pwszSearchPath=0000000000000001:<flags> [calling]
234c.1b7c: supR3HardenedMonitor_LdrLoadDll: returns rcNt=0x0 hMod=00007ffbab9d0000 'C:\Windows\system32\rsaenh.dll'
234c.1b7c: supR3HardenedMonitor_LdrLoadDll: returns rcNt=0x0 hMod=00007ffbaca60000 'C:\Windows\System32\crypt32.dll'
234c.1b7c: supHardenedWinVerifyImageByHandle: -> 0 (\Device\HarddiskVolume3\Windows\System32\mpr.dll) WinVerifyTrust
234c.1b7c: supR3HardenedWinVerifyCacheInsert: \Device\HarddiskVolume3\Windows\System32\mpr.dll
234c.1b7c: supR3HardenedMonitor_LdrLoadDll: pName=C:\Program Files\Oracle\VirtualBox\VBoxRT.dll (rcNtResolve=0xc0150008) *pfFlags=0x0 pwszSearchPath=0000000000000a01:<flags> [calling]
234c.1b7c: supR3HardenedScreenImage/NtCreateSection: cache hit (VINF_SUCCESS) on \Device\HarddiskVolume3\Program Files\Oracle\VirtualBox\VBoxRT.dll
234c.1b7c: supR3HardenedScreenImage/NtCreateSection: cache hit (VINF_SUCCESS) on \Device\HarddiskVolume3\Windows\System32\mpr.dll
234c.1b7c: supR3HardenedScreenImage/NtCreateSection: cache hit (VINF_SUCCESS) on \Device\HarddiskVolume3\Windows\System32\vcruntime140.dll
234c.1b7c: supR3HardenedScreenImage/NtCreateSection: cache hit (VINF_SUCCESS) on \Device\HarddiskVolume3\Windows\System32\vcruntime140_1.dll [avoiding WinVerifyTrust]
234c.1b7c: supR3HardenedScreenImage/NtCreateSection: cache hit (VINF_SUCCESS) on \Device\HarddiskVolume3\Windows\System32\msvcp140.dll
234c.1b7c: supR3HardenedDllNotificationCallback: load   00007ffb98f10000 LB 0x0001e000 C:\Windows\SYSTEM32\MPR.dll [fFlags=0x0]
234c.1b7c: supR3HardenedScreenImage/LdrLoadDll: cache hit (VINF_SUCCESS) on \Device\HarddiskVolume3\Windows\System32\mpr.dll
234c.1b7c: supR3HardenedDllNotificationCallback: load   00007ffba6960000 LB 0x0001e000 C:\Windows\SYSTEM32\VCRUNTIME140.dll [fFlags=0x0]
234c.1b7c: supR3HardenedScreenImage/LdrLoadDll: cache hit (VINF_SUCCESS) on \Device\HarddiskVolume3\Windows\System32\vcruntime140.dll
234c.1b7c: supR3HardenedDllNotificationCallback: load   00007ffba6770000 LB 0x0000c000 C:\Windows\SYSTEM32\VCRUNTIME140_1.dll [fFlags=0x0]
234c.1b7c: supR3HardenedScreenImage/LdrLoadDll: cache hit (VINF_SUCCESS) on \Device\HarddiskVolume3\Windows\System32\vcruntime140_1.dll [avoiding WinVerifyTrust]
234c.1b7c: supR3HardenedDllNotificationCallback: load   00007ffba68d0000 LB 0x0008d000 C:\Windows\SYSTEM32\MSVCP140.dll [fFlags=0x0]
234c.1b7c: supR3HardenedScreenImage/LdrLoadDll: cache hit (VINF_SUCCESS) on \Device\HarddiskVolume3\Windows\System32\msvcp140.dll
234c.1b7c: supR3HardenedDllNotificationCallback: load   00007ffbae670000 LB 0x00071000 C:\Windows\System32\WS2_32.dll [fFlags=0x0]
234c.1b7c: supR3HardenedScreenImage/LdrLoadDll: cache hit (VINF_SUCCESS) on \Device\HarddiskVolume3\Windows\System32\ws2_32.dll
234c.1b7c: supR3HardenedDllNotificationCallback: load   00007ffb2a7e0000 LB 0x0074a000 C:\Program Files\Oracle\VirtualBox\VBoxRT.dll [fFlags=0x0]
234c.1b7c: supR3HardenedScreenImage/LdrLoadDll: cache hit (VINF_SUCCESS) on \Device\HarddiskVolume3\Program Files\Oracle\VirtualBox\VBoxRT.dll
234c.1b7c: Detected loader lock ownership: rc=VINF_SUCCESS '\Device\HarddiskVolume3\Windows\System32\vcruntime140_1.dll'.
234c.1b7c: supR3HardenedWinVerifyCacheProcessWvtTodos: 0 (was 0) fWinVerifyTrust=0 for '\Device\HarddiskVolume3\Windows\System32\vcruntime140_1.dll' [rescheduled]
234c.1b7c: supR3HardenedIsApiSetDll: ApiSetQueryApiSetPresence(api-ms-win-core-synch-l1-2-0) -> 0x0, fPresent=1
234c.1b7c: supR3HardenedMonitor_LdrLoadDll: pName=api-ms-win-core-synch-l1-2-0 (rcNtResolve=0x0) *pfFlags=0x0 pwszSearchPath=0000000000000801:<flags> [calling]
234c.1b7c: supR3HardenedMonitor_LdrLoadDll: returns rcNt=0x0 hMod=00007ffbace10000 'api-ms-win-core-synch-l1-2-0'
234c.1b7c: Detected loader lock ownership: rc=VINF_SUCCESS '\Device\HarddiskVolume3\Windows\System32\vcruntime140_1.dll'.
234c.1b7c: supR3HardenedWinVerifyCacheProcessWvtTodos: 0 (was 0) fWinVerifyTrust=0 for '\Device\HarddiskVolume3\Windows\System32\vcruntime140_1.dll' [rescheduled]
234c.1b7c: Detected loader lock ownership: rc=VINF_SUCCESS '\Device\HarddiskVolume3\Windows\System32\vcruntime140_1.dll'.
234c.1b7c: supR3HardenedWinVerifyCacheProcessWvtTodos: 0 (was 0) fWinVerifyTrust=0 for '\Device\HarddiskVolume3\Windows\System32\vcruntime140_1.dll' [rescheduled]
234c.1b7c: supR3HardenedIsApiSetDll: ApiSetQueryApiSetPresence(api-ms-win-core-fibers-l1-1-1) -> 0x0, fPresent=1
234c.1b7c: supR3HardenedMonitor_LdrLoadDll: pName=api-ms-win-core-fibers-l1-1-1 (rcNtResolve=0x0) *pfFlags=0x0 pwszSearchPath=0000000000000801:<flags> [calling]
234c.1b7c: supR3HardenedMonitor_LdrLoadDll: returns rcNt=0x0 hMod=00007ffbace10000 'api-ms-win-core-fibers-l1-1-1'
234c.1b7c: Detected loader lock ownership: rc=VINF_SUCCESS '\Device\HarddiskVolume3\Windows\System32\vcruntime140_1.dll'.
234c.1b7c: supR3HardenedWinVerifyCacheProcessWvtTodos: 0 (was 0) fWinVerifyTrust=0 for '\Device\HarddiskVolume3\Windows\System32\vcruntime140_1.dll' [rescheduled]
234c.1b7c: Detected loader lock ownership: rc=VINF_SUCCESS '\Device\HarddiskVolume3\Windows\System32\vcruntime140_1.dll'.
234c.1b7c: supR3HardenedWinVerifyCacheProcessWvtTodos: 0 (was 0) fWinVerifyTrust=0 for '\Device\HarddiskVolume3\Windows\System32\vcruntime140_1.dll' [rescheduled]
234c.1b7c: supR3HardenedIsApiSetDll: ApiSetQueryApiSetPresence(api-ms-win-core-synch-l1-2-0) -> 0x0, fPresent=1
234c.1b7c: supR3HardenedMonitor_LdrLoadDll: pName=api-ms-win-core-synch-l1-2-0 (rcNtResolve=0x0) *pfFlags=0x0 pwszSearchPath=0000000000000801:<flags> [calling]
234c.1b7c: supR3HardenedMonitor_LdrLoadDll: returns rcNt=0x0 hMod=00007ffbace10000 'api-ms-win-core-synch-l1-2-0'
234c.1b7c: Detected loader lock ownership: rc=VINF_SUCCESS '\Device\HarddiskVolume3\Windows\System32\vcruntime140_1.dll'.
234c.1b7c: supR3HardenedWinVerifyCacheProcessWvtTodos: 0 (was 0) fWinVerifyTrust=0 for '\Device\HarddiskVolume3\Windows\System32\vcruntime140_1.dll' [rescheduled]
234c.1b7c: Detected loader lock ownership: rc=VINF_SUCCESS '\Device\HarddiskVolume3\Windows\System32\vcruntime140_1.dll'.
234c.1b7c: supR3HardenedWinVerifyCacheProcessWvtTodos: 0 (was 0) fWinVerifyTrust=0 for '\Device\HarddiskVolume3\Windows\System32\vcruntime140_1.dll' [rescheduled]
234c.1b7c: supR3HardenedIsApiSetDll: ApiSetQueryApiSetPresence(api-ms-win-core-fibers-l1-1-1) -> 0x0, fPresent=1
234c.1b7c: supR3HardenedMonitor_LdrLoadDll: pName=api-ms-win-core-fibers-l1-1-1 (rcNtResolve=0x0) *pfFlags=0x0 pwszSearchPath=0000000000000801:<flags> [calling]
234c.1b7c: supR3HardenedMonitor_LdrLoadDll: returns rcNt=0x0 hMod=00007ffbace10000 'api-ms-win-core-fibers-l1-1-1'
234c.1b7c: Detected loader lock ownership: rc=VINF_SUCCESS '\Device\HarddiskVolume3\Windows\System32\vcruntime140_1.dll'.
234c.1b7c: supR3HardenedWinVerifyCacheProcessWvtTodos: 0 (was 0) fWinVerifyTrust=0 for '\Device\HarddiskVolume3\Windows\System32\vcruntime140_1.dll' [rescheduled]
234c.1b7c: Detected loader lock ownership: rc=VINF_SUCCESS '\Device\HarddiskVolume3\Windows\System32\vcruntime140_1.dll'.
234c.1b7c: supR3HardenedWinVerifyCacheProcessWvtTodos: 0 (was 0) fWinVerifyTrust=0 for '\Device\HarddiskVolume3\Windows\System32\vcruntime140_1.dll' [rescheduled]
234c.1b7c: supR3HardenedScreenImage/LdrLoadDll: cache hit (VINF_SUCCESS) on \Device\HarddiskVolume3\Windows\System32\kernel32.dll
234c.1b7c: supR3HardenedMonitor_LdrLoadDll: pName=C:\Windows\System32\kernel32.dll (Input=kernel32, rcNtResolve=0xc0150008) *pfFlags=0x0 pwszSearchPath=0000000000000801:<flags> [calling]
234c.1b7c: supR3HardenedMonitor_LdrLoadDll: returns rcNt=0x0 hMod=00007ffbadbf0000 'C:\Windows\System32\kernel32.dll'
234c.1b7c: Detected loader lock ownership: rc=VINF_SUCCESS '\Device\HarddiskVolume3\Windows\System32\vcruntime140_1.dll'.
234c.1b7c: supR3HardenedWinVerifyCacheProcessWvtTodos: 0 (was 0) fWinVerifyTrust=0 for '\Device\HarddiskVolume3\Windows\System32\vcruntime140_1.dll' [rescheduled]
234c.1b7c: Detected loader lock ownership: rc=VINF_SUCCESS '\Device\HarddiskVolume3\Windows\System32\vcruntime140_1.dll'.
234c.1b7c: supR3HardenedWinVerifyCacheProcessWvtTodos: 0 (was 0) fWinVerifyTrust=0 for '\Device\HarddiskVolume3\Windows\System32\vcruntime140_1.dll' [rescheduled]
234c.1b7c: supR3HardenedIsApiSetDll: ApiSetQueryApiSetPresence(api-ms-win-core-string-l1-1-0) -> 0x0, fPresent=1
234c.1b7c: supR3HardenedMonitor_LdrLoadDll: pName=api-ms-win-core-string-l1-1-0 (rcNtResolve=0x0) *pfFlags=0x0 pwszSearchPath=0000000000000801:<flags> [calling]
234c.1b7c: supR3HardenedMonitor_LdrLoadDll: returns rcNt=0x0 hMod=00007ffbace10000 'api-ms-win-core-string-l1-1-0'
234c.1b7c: Detected loader lock ownership: rc=VINF_SUCCESS '\Device\HarddiskVolume3\Windows\System32\vcruntime140_1.dll'.
234c.1b7c: supR3HardenedWinVerifyCacheProcessWvtTodos: 0 (was 0) fWinVerifyTrust=0 for '\Device\HarddiskVolume3\Windows\System32\vcruntime140_1.dll' [rescheduled]
234c.1b7c: Detected loader lock ownership: rc=VINF_SUCCESS '\Device\HarddiskVolume3\Windows\System32\vcruntime140_1.dll'.
234c.1b7c: supR3HardenedWinVerifyCacheProcessWvtTodos: 0 (was 0) fWinVerifyTrust=0 for '\Device\HarddiskVolume3\Windows\System32\vcruntime140_1.dll' [rescheduled]
234c.1b7c: supR3HardenedIsApiSetDll: ApiSetQueryApiSetPresence(api-ms-win-core-localization-l1-2-1) -> 0x0, fPresent=1
234c.1b7c: supR3HardenedMonitor_LdrLoadDll: pName=api-ms-win-core-localization-l1-2-1 (rcNtResolve=0x0) *pfFlags=0x0 pwszSearchPath=0000000000000801:<flags> [calling]
234c.1b7c: supR3HardenedMonitor_LdrLoadDll: returns rcNt=0x0 hMod=00007ffbace10000 'api-ms-win-core-localization-l1-2-1'
234c.1b7c: Detected loader lock ownership: rc=VINF_SUCCESS '\Device\HarddiskVolume3\Windows\System32\vcruntime140_1.dll'.
234c.1b7c: supR3HardenedWinVerifyCacheProcessWvtTodos: 0 (was 0) fWinVerifyTrust=0 for '\Device\HarddiskVolume3\Windows\System32\vcruntime140_1.dll' [rescheduled]
234c.1b7c: Detected loader lock ownership: rc=VINF_SUCCESS '\Device\HarddiskVolume3\Windows\System32\vcruntime140_1.dll'.
234c.1b7c: supR3HardenedWinVerifyCacheProcessWvtTodos: 0 (was 0) fWinVerifyTrust=0 for '\Device\HarddiskVolume3\Windows\System32\vcruntime140_1.dll' [rescheduled]
234c.1b7c: supR3HardenedIsApiSetDll: ApiSetQueryApiSetPresence(api-ms-win-core-datetime-l1-1-1) -> 0x0, fPresent=1
234c.1b7c: supR3HardenedMonitor_LdrLoadDll: pName=api-ms-win-core-datetime-l1-1-1 (rcNtResolve=0x0) *pfFlags=0x0 pwszSearchPath=0000000000000801:<flags> [calling]
234c.1b7c: supR3HardenedMonitor_LdrLoadDll: returns rcNt=0x0 hMod=00007ffbace10000 'api-ms-win-core-datetime-l1-1-1'
234c.1b7c: Detected loader lock ownership: rc=VINF_SUCCESS '\Device\HarddiskVolume3\Windows\System32\vcruntime140_1.dll'.
234c.1b7c: supR3HardenedWinVerifyCacheProcessWvtTodos: 0 (was 0) fWinVerifyTrust=0 for '\Device\HarddiskVolume3\Windows\System32\vcruntime140_1.dll' [rescheduled]
234c.1b7c: Detected loader lock ownership: rc=VINF_SUCCESS '\Device\HarddiskVolume3\Windows\System32\vcruntime140_1.dll'.
234c.1b7c: supR3HardenedWinVerifyCacheProcessWvtTodos: 0 (was 0) fWinVerifyTrust=0 for '\Device\HarddiskVolume3\Windows\System32\vcruntime140_1.dll' [rescheduled]
234c.1b7c: supR3HardenedIsApiSetDll: ApiSetQueryApiSetPresence(api-ms-win-core-localization-obsolete-l1-2-0) -> 0x0, fPresent=1
234c.1b7c: supR3HardenedMonitor_LdrLoadDll: pName=api-ms-win-core-localization-obsolete-l1-2-0 (rcNtResolve=0x0) *pfFlags=0x0 pwszSearchPath=0000000000000801:<flags> [calling]
234c.1b7c: supR3HardenedMonitor_LdrLoadDll: returns rcNt=0x0 hMod=00007ffbace10000 'api-ms-win-core-localization-obsolete-l1-2-0'
234c.1b7c: Detected loader lock ownership: rc=VINF_SUCCESS '\Device\HarddiskVolume3\Windows\System32\vcruntime140_1.dll'.
234c.1b7c: supR3HardenedWinVerifyCacheProcessWvtTodos: 0 (was 0) fWinVerifyTrust=0 for '\Device\HarddiskVolume3\Windows\System32\vcruntime140_1.dll' [rescheduled]
234c.1b7c: Detected loader lock ownership: rc=VINF_SUCCESS '\Device\HarddiskVolume3\Windows\System32\vcruntime140_1.dll'.
234c.1b7c: supR3HardenedWinVerifyCacheProcessWvtTodos: 0 (was 0) fWinVerifyTrust=0 for '\Device\HarddiskVolume3\Windows\System32\vcruntime140_1.dll' [rescheduled]
234c.1b7c: supR3HardenedScreenImage/LdrLoadDll: cache hit (VINF_SUCCESS) on \Device\HarddiskVolume3\Program Files\Oracle\VirtualBox\VBoxRT.dll
234c.1b7c: supR3HardenedMonitor_LdrLoadDll: pName=C:\Program Files\Oracle\VirtualBox\VBoxRT.dll (rcNtResolve=0xc0150008) *pfFlags=0x0 pwszSearchPath=0000000000000001:<flags> [calling]
234c.1b7c: supR3HardenedMonitor_LdrLoadDll: returns rcNt=0x0 hMod=00007ffb2a7e0000 'C:\Program Files\Oracle\VirtualBox\VBoxRT.dll'
234c.1b7c: Detected loader lock ownership: rc=VINF_SUCCESS '\Device\HarddiskVolume3\Windows\System32\vcruntime140_1.dll'.
234c.1b7c: supR3HardenedWinVerifyCacheProcessWvtTodos: 0 (was 0) fWinVerifyTrust=0 for '\Device\HarddiskVolume3\Windows\System32\vcruntime140_1.dll' [rescheduled]
234c.1b7c: Detected loader lock ownership: rc=VINF_SUCCESS '\Device\HarddiskVolume3\Windows\System32\vcruntime140_1.dll'.
234c.1b7c: supR3HardenedWinVerifyCacheProcessWvtTodos: 0 (was 0) fWinVerifyTrust=0 for '\Device\HarddiskVolume3\Windows\System32\vcruntime140_1.dll' [rescheduled]
234c.1b7c: supR3HardenedScreenImage/LdrLoadDll: cache hit (VINF_SUCCESS) on \Device\HarddiskVolume3\Program Files\Oracle\VirtualBox\VBoxRT.dll
234c.1b7c: supR3HardenedMonitor_LdrLoadDll: pName=C:\Program Files\Oracle\VirtualBox\VBoxRT.dll (rcNtResolve=0xc0150008) *pfFlags=0x0 pwszSearchPath=0000000000000001:<flags> [calling]
234c.1b7c: supR3HardenedMonitor_LdrLoadDll: returns rcNt=0x0 hMod=00007ffb2a7e0000 'C:\Program Files\Oracle\VirtualBox\VBoxRT.dll'
234c.1b7c: Detected loader lock ownership: rc=VINF_SUCCESS '\Device\HarddiskVolume3\Windows\System32\vcruntime140_1.dll'.
234c.1b7c: supR3HardenedWinVerifyCacheProcessWvtTodos: 0 (was 0) fWinVerifyTrust=0 for '\Device\HarddiskVolume3\Windows\System32\vcruntime140_1.dll' [rescheduled]
234c.1b7c: Detected loader lock ownership: rc=VINF_SUCCESS '\Device\HarddiskVolume3\Windows\System32\vcruntime140_1.dll'.
234c.1b7c: supR3HardenedWinVerifyCacheProcessWvtTodos: 0 (was 0) fWinVerifyTrust=0 for '\Device\HarddiskVolume3\Windows\System32\vcruntime140_1.dll' [rescheduled]
234c.1b7c: supR3HardenedScreenImage/LdrLoadDll: cache hit (VINF_SUCCESS) on \Device\HarddiskVolume3\Program Files\Oracle\VirtualBox\VBoxRT.dll
234c.1b7c: supR3HardenedMonitor_LdrLoadDll: pName=C:\Program Files\Oracle\VirtualBox\VBoxRT.dll (rcNtResolve=0xc0150008) *pfFlags=0x0 pwszSearchPath=0000000000000001:<flags> [calling]
234c.1b7c: supR3HardenedMonitor_LdrLoadDll: returns rcNt=0x0 hMod=00007ffb2a7e0000 'C:\Program Files\Oracle\VirtualBox\VBoxRT.dll'
234c.1b7c: Detected loader lock ownership: rc=VINF_SUCCESS '\Device\HarddiskVolume3\Windows\System32\vcruntime140_1.dll'.
234c.1b7c: supR3HardenedWinVerifyCacheProcessWvtTodos: 0 (was 0) fWinVerifyTrust=0 for '\Device\HarddiskVolume3\Windows\System32\vcruntime140_1.dll' [rescheduled]
234c.1b7c: Detected loader lock ownership: rc=VINF_SUCCESS '\Device\HarddiskVolume3\Windows\System32\vcruntime140_1.dll'.
234c.1b7c: supR3HardenedWinVerifyCacheProcessWvtTodos: 0 (was 0) fWinVerifyTrust=0 for '\Device\HarddiskVolume3\Windows\System32\vcruntime140_1.dll' [rescheduled]
234c.1b7c: supR3HardenedScreenImage/LdrLoadDll: cache hit (VINF_SUCCESS) on \Device\HarddiskVolume3\Program Files\Oracle\VirtualBox\VBoxRT.dll
234c.1b7c: supR3HardenedMonitor_LdrLoadDll: pName=C:\Program Files\Oracle\VirtualBox\VBoxRT.dll (rcNtResolve=0xc0150008) *pfFlags=0x0 pwszSearchPath=0000000000000001:<flags> [calling]
234c.1b7c: supR3HardenedMonitor_LdrLoadDll: returns rcNt=0x0 hMod=00007ffb2a7e0000 'C:\Program Files\Oracle\VirtualBox\VBoxRT.dll'
234c.1b7c: Detected loader lock ownership: rc=VINF_SUCCESS '\Device\HarddiskVolume3\Windows\System32\vcruntime140_1.dll'.
234c.1b7c: supR3HardenedWinVerifyCacheProcessWvtTodos: 0 (was 0) fWinVerifyTrust=0 for '\Device\HarddiskVolume3\Windows\System32\vcruntime140_1.dll' [rescheduled]
234c.1b7c: Detected loader lock ownership: rc=VINF_SUCCESS '\Device\HarddiskVolume3\Windows\System32\vcruntime140_1.dll'.
234c.1b7c: supR3HardenedWinVerifyCacheProcessWvtTodos: 0 (was 0) fWinVerifyTrust=0 for '\Device\HarddiskVolume3\Windows\System32\vcruntime140_1.dll' [rescheduled]
234c.1b7c: supR3HardenedScreenImage/LdrLoadDll: cache hit (VINF_SUCCESS) on \Device\HarddiskVolume3\Program Files\Oracle\VirtualBox\VBoxRT.dll
234c.1b7c: supR3HardenedMonitor_LdrLoadDll: pName=C:\Program Files\Oracle\VirtualBox\VBoxRT.dll (rcNtResolve=0xc0150008) *pfFlags=0x0 pwszSearchPath=0000000000000001:<flags> [calling]
234c.1b7c: supR3HardenedMonitor_LdrLoadDll: returns rcNt=0x0 hMod=00007ffb2a7e0000 'C:\Program Files\Oracle\VirtualBox\VBoxRT.dll'
234c.1b7c: Detected loader lock ownership: rc=VINF_SUCCESS '\Device\HarddiskVolume3\Windows\System32\vcruntime140_1.dll'.
234c.1b7c: supR3HardenedWinVerifyCacheProcessWvtTodos: 0 (was 0) fWinVerifyTrust=0 for '\Device\HarddiskVolume3\Windows\System32\vcruntime140_1.dll' [rescheduled]
234c.1b7c: Detected loader lock ownership: rc=VINF_SUCCESS '\Device\HarddiskVolume3\Windows\System32\vcruntime140_1.dll'.
234c.1b7c: supR3HardenedWinVerifyCacheProcessWvtTodos: 0 (was 0) fWinVerifyTrust=0 for '\Device\HarddiskVolume3\Windows\System32\vcruntime140_1.dll' [rescheduled]
234c.1b7c: supR3HardenedScreenImage/LdrLoadDll: cache hit (VINF_SUCCESS) on \Device\HarddiskVolume3\Program Files\Oracle\VirtualBox\VBoxRT.dll
234c.1b7c: supR3HardenedMonitor_LdrLoadDll: pName=C:\Program Files\Oracle\VirtualBox\VBoxRT.dll (rcNtResolve=0xc0150008) *pfFlags=0x0 pwszSearchPath=0000000000000001:<flags> [calling]
234c.1b7c: supR3HardenedMonitor_LdrLoadDll: returns rcNt=0x0 hMod=00007ffb2a7e0000 'C:\Program Files\Oracle\VirtualBox\VBoxRT.dll'
234c.1b7c: Detected loader lock ownership: rc=VINF_SUCCESS '\Device\HarddiskVolume3\Windows\System32\vcruntime140_1.dll'.
234c.1b7c: supR3HardenedWinVerifyCacheProcessWvtTodos: 0 (was 0) fWinVerifyTrust=0 for '\Device\HarddiskVolume3\Windows\System32\vcruntime140_1.dll' [rescheduled]
234c.1b7c: Detected loader lock ownership: rc=VINF_SUCCESS '\Device\HarddiskVolume3\Windows\System32\vcruntime140_1.dll'.
234c.1b7c: supR3HardenedWinVerifyCacheProcessWvtTodos: 0 (was 0) fWinVerifyTrust=0 for '\Device\HarddiskVolume3\Windows\System32\vcruntime140_1.dll' [rescheduled]
234c.1b7c: supR3HardenedMonitor_LdrLoadDll: returns rcNt=0x0 hMod=00007ffb2a7e0000 'C:\Program Files\Oracle\VirtualBox\VBoxRT.dll'
234c.1b7c: Detected loader lock ownership: rc=VINF_SUCCESS '\Device\HarddiskVolume3\Windows\System32\vcruntime140_1.dll'.
234c.1b7c: supR3HardenedWinVerifyCacheProcessWvtTodos: 0 (was 0) fWinVerifyTrust=0 for '\Device\HarddiskVolume3\Windows\System32\vcruntime140_1.dll' [rescheduled]
234c.1b7c: Detected loader lock ownership: rc=VINF_SUCCESS '\Device\HarddiskVolume3\Windows\System32\vcruntime140_1.dll'.
234c.1b7c: supR3HardenedWinVerifyCacheProcessWvtTodos: 0 (was 0) fWinVerifyTrust=0 for '\Device\HarddiskVolume3\Windows\System32\vcruntime140_1.dll' [rescheduled]
234c.1b7c: supR3HardenedMonitor_LdrLoadDll: returns rcNt=0x0 hMod=00007ffb2a7e0000 'C:\Program Files\Oracle\VirtualBox\VBoxRT.dll'
234c.1b7c: Detected loader lock ownership: rc=VINF_SUCCESS '\Device\HarddiskVolume3\Windows\System32\vcruntime140_1.dll'.
234c.1b7c: supR3HardenedWinVerifyCacheProcessWvtTodos: 0 (was 0) fWinVerifyTrust=0 for '\Device\HarddiskVolume3\Windows\System32\vcruntime140_1.dll' [rescheduled]
234c.1b7c: Detected loader lock ownership: rc=VINF_SUCCESS '\Device\HarddiskVolume3\Windows\System32\vcruntime140_1.dll'.
234c.1b7c: supR3HardenedWinVerifyCacheProcessWvtTodos: 0 (was 0) fWinVerifyTrust=0 for '\Device\HarddiskVolume3\Windows\System32\vcruntime140_1.dll' [rescheduled]
234c.1b7c: supR3HardenedMonitor_LdrLoadDll: returns rcNt=0x0 hMod=00007ffb2a7e0000 'C:\Program Files\Oracle\VirtualBox\VBoxRT.dll'
234c.1b7c: Detected loader lock ownership: rc=VINF_SUCCESS '\Device\HarddiskVolume3\Windows\System32\vcruntime140_1.dll'.
234c.1b7c: supR3HardenedWinVerifyCacheProcessWvtTodos: 0 (was 0) fWinVerifyTrust=0 for '\Device\HarddiskVolume3\Windows\System32\vcruntime140_1.dll' [rescheduled]
234c.1b7c: Detected loader lock ownership: rc=VINF_SUCCESS '\Device\HarddiskVolume3\Windows\System32\vcruntime140_1.dll'.
234c.1b7c: supR3HardenedWinVerifyCacheProcessWvtTodos: 0 (was 0) fWinVerifyTrust=0 for '\Device\HarddiskVolume3\Windows\System32\vcruntime140_1.dll' [rescheduled]
234c.1b7c: supR3HardenedMonitor_LdrLoadDll: returns rcNt=0x0 hMod=00007ffb2a7e0000 'C:\Program Files\Oracle\VirtualBox\VBoxRT.dll'
234c.1b7c: Detected loader lock ownership: rc=VINF_SUCCESS '\Device\HarddiskVolume3\Windows\System32\vcruntime140_1.dll'.
234c.1b7c: supR3HardenedWinVerifyCacheProcessWvtTodos: 0 (was 0) fWinVerifyTrust=0 for '\Device\HarddiskVolume3\Windows\System32\vcruntime140_1.dll' [rescheduled]
234c.1b7c: Detected loader lock ownership: rc=VINF_SUCCESS '\Device\HarddiskVolume3\Windows\System32\vcruntime140_1.dll'.
234c.1b7c: supR3HardenedWinVerifyCacheProcessWvtTodos: 0 (was 0) fWinVerifyTrust=0 for '\Device\HarddiskVolume3\Windows\System32\vcruntime140_1.dll' [rescheduled]
234c.1b7c: supR3HardenedMonitor_LdrLoadDll: returns rcNt=0x0 hMod=00007ffb2a7e0000 'C:\Program Files\Oracle\VirtualBox\VBoxRT.dll'
234c.1b7c: Detected loader lock ownership: rc=VINF_SUCCESS '\Device\HarddiskVolume3\Windows\System32\vcruntime140_1.dll'.
234c.1b7c: supR3HardenedWinVerifyCacheProcessWvtTodos: 0 (was 0) fWinVerifyTrust=0 for '\Device\HarddiskVolume3\Windows\System32\vcruntime140_1.dll' [rescheduled]
234c.1b7c: Detected loader lock ownership: rc=VINF_SUCCESS '\Device\HarddiskVolume3\Windows\System32\vcruntime140_1.dll'.
234c.1b7c: supR3HardenedWinVerifyCacheProcessWvtTodos: 0 (was 0) fWinVerifyTrust=0 for '\Device\HarddiskVolume3\Windows\System32\vcruntime140_1.dll' [rescheduled]
234c.1b7c: supR3HardenedMonitor_LdrLoadDll: returns rcNt=0x0 hMod=00007ffb2a7e0000 'C:\Program Files\Oracle\VirtualBox\VBoxRT.dll'
234c.1b7c: Detected loader lock ownership: rc=VINF_SUCCESS '\Device\HarddiskVolume3\Windows\System32\vcruntime140_1.dll'.
234c.1b7c: supR3HardenedWinVerifyCacheProcessWvtTodos: 0 (was 0) fWinVerifyTrust=0 for '\Device\HarddiskVolume3\Windows\System32\vcruntime140_1.dll' [rescheduled]
234c.1b7c: Detected loader lock ownership: rc=VINF_SUCCESS '\Device\HarddiskVolume3\Windows\System32\vcruntime140_1.dll'.
234c.1b7c: supR3HardenedWinVerifyCacheProcessWvtTodos: 0 (was 0) fWinVerifyTrust=0 for '\Device\HarddiskVolume3\Windows\System32\vcruntime140_1.dll' [rescheduled]
234c.1b7c: supR3HardenedMonitor_LdrLoadDll: returns rcNt=0x0 hMod=00007ffb2a7e0000 'C:\Program Files\Oracle\VirtualBox\VBoxRT.dll'
234c.1b7c: Detected loader lock ownership: rc=VINF_SUCCESS '\Device\HarddiskVolume3\Windows\System32\vcruntime140_1.dll'.
234c.1b7c: supR3HardenedWinVerifyCacheProcessWvtTodos: 0 (was 0) fWinVerifyTrust=0 for '\Device\HarddiskVolume3\Windows\System32\vcruntime140_1.dll' [rescheduled]
234c.1b7c: Detected loader lock ownership: rc=VINF_SUCCESS '\Device\HarddiskVolume3\Windows\System32\vcruntime140_1.dll'.
234c.1b7c: supR3HardenedWinVerifyCacheProcessWvtTodos: 0 (was 0) fWinVerifyTrust=0 for '\Device\HarddiskVolume3\Windows\System32\vcruntime140_1.dll' [rescheduled]
234c.1b7c: supR3HardenedScreenImage/LdrLoadDll: cache hit (VINF_SUCCESS) on \Device\HarddiskVolume3\Program Files\Oracle\VirtualBox\VBoxRT.dll
234c.1b7c: supR3HardenedMonitor_LdrLoadDll: pName=C:\Program Files\Oracle\VirtualBox\VBoxRT.dll (rcNtResolve=0xc0150008) *pfFlags=0x0 pwszSearchPath=0000000000000001:<flags> [calling]
234c.1b7c: supR3HardenedMonitor_LdrLoadDll: returns rcNt=0x0 hMod=00007ffb2a7e0000 'C:\Program Files\Oracle\VirtualBox\VBoxRT.dll'
234c.1b7c: Detected loader lock ownership: rc=VINF_SUCCESS '\Device\HarddiskVolume3\Windows\System32\vcruntime140_1.dll'.
234c.1b7c: supR3HardenedWinVerifyCacheProcessWvtTodos: 0 (was 0) fWinVerifyTrust=0 for '\Device\HarddiskVolume3\Windows\System32\vcruntime140_1.dll' [rescheduled]
234c.1b7c: Detected loader lock ownership: rc=VINF_SUCCESS '\Device\HarddiskVolume3\Windows\System32\vcruntime140_1.dll'.
234c.1b7c: supR3HardenedWinVerifyCacheProcessWvtTodos: 0 (was 0) fWinVerifyTrust=0 for '\Device\HarddiskVolume3\Windows\System32\vcruntime140_1.dll' [rescheduled]
234c.1b7c: supR3HardenedMonitor_LdrLoadDll: returns rcNt=0x0 hMod=00007ffb2a7e0000 'C:\Program Files\Oracle\VirtualBox\VBoxRT.dll'
234c.1b7c: Detected loader lock ownership: rc=VINF_SUCCESS '\Device\HarddiskVolume3\Windows\System32\vcruntime140_1.dll'.
234c.1b7c: supR3HardenedWinVerifyCacheProcessWvtTodos: 0 (was 0) fWinVerifyTrust=0 for '\Device\HarddiskVolume3\Windows\System32\vcruntime140_1.dll' [rescheduled]
234c.1b7c: Detected loader lock ownership: rc=VINF_SUCCESS '\Device\HarddiskVolume3\Windows\System32\vcruntime140_1.dll'.
234c.1b7c: supR3HardenedWinVerifyCacheProcessWvtTodos: 0 (was 0) fWinVerifyTrust=0 for '\Device\HarddiskVolume3\Windows\System32\vcruntime140_1.dll' [rescheduled]
234c.1b7c: supR3HardenedMonitor_LdrLoadDll: returns rcNt=0x0 hMod=00007ffb2a7e0000 'C:\Program Files\Oracle\VirtualBox\VBoxRT.dll'
234c.1b7c: Detected loader lock ownership: rc=VINF_SUCCESS '\Device\HarddiskVolume3\Windows\System32\vcruntime140_1.dll'.
234c.1b7c: supR3HardenedWinVerifyCacheProcessWvtTodos: 0 (was 0) fWinVerifyTrust=0 for '\Device\HarddiskVolume3\Windows\System32\vcruntime140_1.dll' [rescheduled]
234c.1b7c: Detected loader lock ownership: rc=VINF_SUCCESS '\Device\HarddiskVolume3\Windows\System32\vcruntime140_1.dll'.
234c.1b7c: supR3HardenedWinVerifyCacheProcessWvtTodos: 0 (was 0) fWinVerifyTrust=0 for '\Device\HarddiskVolume3\Windows\System32\vcruntime140_1.dll' [rescheduled]
234c.1b7c: supR3HardenedMonitor_LdrLoadDll: returns rcNt=0x0 hMod=00007ffb2a7e0000 'C:\Program Files\Oracle\VirtualBox\VBoxRT.dll'
234c.1b7c: Detected loader lock ownership: rc=VINF_SUCCESS '\Device\HarddiskVolume3\Windows\System32\vcruntime140_1.dll'.
234c.1b7c: supR3HardenedWinVerifyCacheProcessWvtTodos: 0 (was 0) fWinVerifyTrust=0 for '\Device\HarddiskVolume3\Windows\System32\vcruntime140_1.dll' [rescheduled]
234c.1b7c: Detected loader lock ownership: rc=VINF_SUCCESS '\Device\HarddiskVolume3\Windows\System32\vcruntime140_1.dll'.
234c.1b7c: supR3HardenedWinVerifyCacheProcessWvtTodos: 0 (was 0) fWinVerifyTrust=0 for '\Device\HarddiskVolume3\Windows\System32\vcruntime140_1.dll' [rescheduled]
234c.1b7c: supR3HardenedMonitor_LdrLoadDll: returns rcNt=0x0 hMod=00007ffb2a7e0000 'C:\Program Files\Oracle\VirtualBox\VBoxRT.dll'
234c.1b7c: Detected loader lock ownership: rc=VINF_SUCCESS '\Device\HarddiskVolume3\Windows\System32\vcruntime140_1.dll'.
234c.1b7c: supR3HardenedWinVerifyCacheProcessWvtTodos: 0 (was 0) fWinVerifyTrust=0 for '\Device\HarddiskVolume3\Windows\System32\vcruntime140_1.dll' [rescheduled]
234c.1b7c: Detected loader lock ownership: rc=VINF_SUCCESS '\Device\HarddiskVolume3\Windows\System32\vcruntime140_1.dll'.
234c.1b7c: supR3HardenedWinVerifyCacheProcessWvtTodos: 0 (was 0) fWinVerifyTrust=0 for '\Device\HarddiskVolume3\Windows\System32\vcruntime140_1.dll' [rescheduled]
234c.1b7c: supR3HardenedMonitor_LdrLoadDll: returns rcNt=0x0 hMod=00007ffb2a7e0000 'C:\Program Files\Oracle\VirtualBox\VBoxRT.dll'
234c.1b7c: Detected loader lock ownership: rc=VINF_SUCCESS '\Device\HarddiskVolume3\Windows\System32\vcruntime140_1.dll'.
234c.1b7c: supR3HardenedWinVerifyCacheProcessWvtTodos: 0 (was 0) fWinVerifyTrust=0 for '\Device\HarddiskVolume3\Windows\System32\vcruntime140_1.dll' [rescheduled]
234c.1b7c: Detected loader lock ownership: rc=VINF_SUCCESS '\Device\HarddiskVolume3\Windows\System32\vcruntime140_1.dll'.
234c.1b7c: supR3HardenedWinVerifyCacheProcessWvtTodos: 0 (was 0) fWinVerifyTrust=0 for '\Device\HarddiskVolume3\Windows\System32\vcruntime140_1.dll' [rescheduled]
234c.1b7c: supR3HardenedMonitor_LdrLoadDll: returns rcNt=0x0 hMod=00007ffb2a7e0000 'C:\Program Files\Oracle\VirtualBox\VBoxRT.dll'
234c.1b7c: Detected loader lock ownership: rc=VINF_SUCCESS '\Device\HarddiskVolume3\Windows\System32\vcruntime140_1.dll'.
234c.1b7c: supR3HardenedWinVerifyCacheProcessWvtTodos: 0 (was 0) fWinVerifyTrust=0 for '\Device\HarddiskVolume3\Windows\System32\vcruntime140_1.dll' [rescheduled]
234c.1b7c: Detected loader lock ownership: rc=VINF_SUCCESS '\Device\HarddiskVolume3\Windows\System32\vcruntime140_1.dll'.
234c.1b7c: supR3HardenedWinVerifyCacheProcessWvtTodos: 0 (was 0) fWinVerifyTrust=0 for '\Device\HarddiskVolume3\Windows\System32\vcruntime140_1.dll' [rescheduled]
234c.1b7c: supR3HardenedMonitor_LdrLoadDll: returns rcNt=0x0 hMod=00007ffb2a7e0000 'C:\Program Files\Oracle\VirtualBox\VBoxRT.dll'
234c.1b7c: Detected loader lock ownership: rc=VINF_SUCCESS '\Device\HarddiskVolume3\Windows\System32\vcruntime140_1.dll'.
234c.1b7c: supR3HardenedWinVerifyCacheProcessWvtTodos: 0 (was 0) fWinVerifyTrust=0 for '\Device\HarddiskVolume3\Windows\System32\vcruntime140_1.dll' [rescheduled]
234c.1b7c: Detected loader lock ownership: rc=VINF_SUCCESS '\Device\HarddiskVolume3\Windows\System32\vcruntime140_1.dll'.
234c.1b7c: supR3HardenedWinVerifyCacheProcessWvtTodos: 0 (was 0) fWinVerifyTrust=0 for '\Device\HarddiskVolume3\Windows\System32\vcruntime140_1.dll' [rescheduled]
234c.1b7c: supR3HardenedMonitor_LdrLoadDll: returns rcNt=0x0 hMod=00007ffb2a7e0000 'C:\Program Files\Oracle\VirtualBox\VBoxRT.dll'
234c.1b7c: Detected loader lock ownership: rc=VINF_SUCCESS '\Device\HarddiskVolume3\Windows\System32\vcruntime140_1.dll'.
234c.1b7c: supR3HardenedWinVerifyCacheProcessWvtTodos: 0 (was 0) fWinVerifyTrust=0 for '\Device\HarddiskVolume3\Windows\System32\vcruntime140_1.dll' [rescheduled]
234c.1b7c: Detected loader lock ownership: rc=VINF_SUCCESS '\Device\HarddiskVolume3\Windows\System32\vcruntime140_1.dll'.
234c.1b7c: supR3HardenedWinVerifyCacheProcessWvtTodos: 0 (was 0) fWinVerifyTrust=0 for '\Device\HarddiskVolume3\Windows\System32\vcruntime140_1.dll' [rescheduled]
234c.1b7c: supR3HardenedMonitor_LdrLoadDll: returns rcNt=0x0 hMod=00007ffb2a7e0000 'C:\Program Files\Oracle\VirtualBox\VBoxRT.dll'
234c.1b7c: Detected loader lock ownership: rc=VINF_SUCCESS '\Device\HarddiskVolume3\Windows\System32\vcruntime140_1.dll'.
234c.1b7c: supR3HardenedWinVerifyCacheProcessWvtTodos: 0 (was 0) fWinVerifyTrust=0 for '\Device\HarddiskVolume3\Windows\System32\vcruntime140_1.dll' [rescheduled]
234c.1b7c: Detected loader lock ownership: rc=VINF_SUCCESS '\Device\HarddiskVolume3\Windows\System32\vcruntime140_1.dll'.
234c.1b7c: supR3HardenedWinVerifyCacheProcessWvtTodos: 0 (was 0) fWinVerifyTrust=0 for '\Device\HarddiskVolume3\Windows\System32\vcruntime140_1.dll' [rescheduled]
234c.1b7c: supR3HardenedMonitor_LdrLoadDll: returns rcNt=0x0 hMod=00007ffb2a7e0000 'C:\Program Files\Oracle\VirtualBox\VBoxRT.dll'
234c.1b7c: Detected loader lock ownership: rc=VINF_SUCCESS '\Device\HarddiskVolume3\Windows\System32\vcruntime140_1.dll'.
234c.1b7c: supR3HardenedWinVerifyCacheProcessWvtTodos: 0 (was 0) fWinVerifyTrust=0 for '\Device\HarddiskVolume3\Windows\System32\vcruntime140_1.dll' [rescheduled]
234c.1b7c: Detected loader lock ownership: rc=VINF_SUCCESS '\Device\HarddiskVolume3\Windows\System32\vcruntime140_1.dll'.
234c.1b7c: supR3HardenedWinVerifyCacheProcessWvtTodos: 0 (was 0) fWinVerifyTrust=0 for '\Device\HarddiskVolume3\Windows\System32\vcruntime140_1.dll' [rescheduled]
234c.1b7c: supR3HardenedMonitor_LdrLoadDll: returns rcNt=0x0 hMod=00007ffb2a7e0000 'C:\Program Files\Oracle\VirtualBox\VBoxRT.dll'
234c.1b7c: Detected loader lock ownership: rc=VINF_SUCCESS '\Device\HarddiskVolume3\Windows\System32\vcruntime140_1.dll'.
234c.1b7c: supR3HardenedWinVerifyCacheProcessWvtTodos: 0 (was 0) fWinVerifyTrust=0 for '\Device\HarddiskVolume3\Windows\System32\vcruntime140_1.dll' [rescheduled]
234c.1b7c: Detected loader lock ownership: rc=VINF_SUCCESS '\Device\HarddiskVolume3\Windows\System32\vcruntime140_1.dll'.
234c.1b7c: supR3HardenedWinVerifyCacheProcessWvtTodos: 0 (was 0) fWinVerifyTrust=0 for '\Device\HarddiskVolume3\Windows\System32\vcruntime140_1.dll' [rescheduled]
234c.1b7c: supR3HardenedMonitor_LdrLoadDll: returns rcNt=0x0 hMod=00007ffb2a7e0000 'C:\Program Files\Oracle\VirtualBox\VBoxRT.dll'
234c.1b7c: Detected loader lock ownership: rc=VINF_SUCCESS '\Device\HarddiskVolume3\Windows\System32\vcruntime140_1.dll'.
234c.1b7c: supR3HardenedWinVerifyCacheProcessWvtTodos: 0 (was 0) fWinVerifyTrust=0 for '\Device\HarddiskVolume3\Windows\System32\vcruntime140_1.dll' [rescheduled]
234c.1b7c: Detected loader lock ownership: rc=VINF_SUCCESS '\Device\HarddiskVolume3\Windows\System32\vcruntime140_1.dll'.
234c.1b7c: supR3HardenedWinVerifyCacheProcessWvtTodos: 0 (was 0) fWinVerifyTrust=0 for '\Device\HarddiskVolume3\Windows\System32\vcruntime140_1.dll' [rescheduled]
234c.1b7c: supR3HardenedMonitor_LdrLoadDll: returns rcNt=0x0 hMod=00007ffb2a7e0000 'C:\Program Files\Oracle\VirtualBox\VBoxRT.dll'
234c.1b7c: Detected loader lock ownership: rc=VINF_SUCCESS '\Device\HarddiskVolume3\Windows\System32\vcruntime140_1.dll'.
234c.1b7c: supR3HardenedWinVerifyCacheProcessWvtTodos: 0 (was 0) fWinVerifyTrust=0 for '\Device\HarddiskVolume3\Windows\System32\vcruntime140_1.dll' [rescheduled]
234c.1b7c: Detected loader lock ownership: rc=VINF_SUCCESS '\Device\HarddiskVolume3\Windows\System32\vcruntime140_1.dll'.
234c.1b7c: supR3HardenedWinVerifyCacheProcessWvtTodos: 0 (was 0) fWinVerifyTrust=0 for '\Device\HarddiskVolume3\Windows\System32\vcruntime140_1.dll' [rescheduled]
234c.1b7c: supR3HardenedMonitor_LdrLoadDll: returns rcNt=0x0 hMod=00007ffb2a7e0000 'C:\Program Files\Oracle\VirtualBox\VBoxRT.dll'
234c.1b7c: Detected loader lock ownership: rc=VINF_SUCCESS '\Device\HarddiskVolume3\Windows\System32\vcruntime140_1.dll'.
234c.1b7c: supR3HardenedWinVerifyCacheProcessWvtTodos: 0 (was 0) fWinVerifyTrust=0 for '\Device\HarddiskVolume3\Windows\System32\vcruntime140_1.dll' [rescheduled]
234c.1b7c: Detected loader lock ownership: rc=VINF_SUCCESS '\Device\HarddiskVolume3\Windows\System32\vcruntime140_1.dll'.
234c.1b7c: supR3HardenedWinVerifyCacheProcessWvtTodos: 0 (was 0) fWinVerifyTrust=0 for '\Device\HarddiskVolume3\Windows\System32\vcruntime140_1.dll' [rescheduled]
234c.1b7c: supR3HardenedMonitor_LdrLoadDll: returns rcNt=0x0 hMod=00007ffb2a7e0000 'C:\Program Files\Oracle\VirtualBox\VBoxRT.dll'
234c.1b7c: Detected loader lock ownership: rc=VINF_SUCCESS '\Device\HarddiskVolume3\Windows\System32\vcruntime140_1.dll'.
234c.1b7c: supR3HardenedWinVerifyCacheProcessWvtTodos: 0 (was 0) fWinVerifyTrust=0 for '\Device\HarddiskVolume3\Windows\System32\vcruntime140_1.dll' [rescheduled]
234c.1b7c: Detected loader lock ownership: rc=VINF_SUCCESS '\Device\HarddiskVolume3\Windows\System32\vcruntime140_1.dll'.
234c.1b7c: supR3HardenedWinVerifyCacheProcessWvtTodos: 0 (was 0) fWinVerifyTrust=0 for '\Device\HarddiskVolume3\Windows\System32\vcruntime140_1.dll' [rescheduled]
234c.1b7c: supR3HardenedScreenImage/LdrLoadDll: cache hit (VINF_SUCCESS) on \Device\HarddiskVolume3\Program Files\Oracle\VirtualBox\VBoxRT.dll
234c.1b7c: supR3HardenedMonitor_LdrLoadDll: pName=C:\Program Files\Oracle\VirtualBox\VBoxRT.dll (rcNtResolve=0xc0150008) *pfFlags=0x0 pwszSearchPath=0000000000000001:<flags> [calling]
234c.1b7c: supR3HardenedMonitor_LdrLoadDll: returns rcNt=0x0 hMod=00007ffb2a7e0000 'C:\Program Files\Oracle\VirtualBox\VBoxRT.dll'
234c.1b7c: Detected loader lock ownership: rc=VINF_SUCCESS '\Device\HarddiskVolume3\Windows\System32\vcruntime140_1.dll'.
234c.1b7c: supR3HardenedWinVerifyCacheProcessWvtTodos: 0 (was 0) fWinVerifyTrust=0 for '\Device\HarddiskVolume3\Windows\System32\vcruntime140_1.dll' [rescheduled]
234c.1b7c: Detected loader lock ownership: rc=VINF_SUCCESS '\Device\HarddiskVolume3\Windows\System32\vcruntime140_1.dll'.
234c.1b7c: supR3HardenedWinVerifyCacheProcessWvtTodos: 0 (was 0) fWinVerifyTrust=0 for '\Device\HarddiskVolume3\Windows\System32\vcruntime140_1.dll' [rescheduled]
234c.1b7c: supR3HardenedMonitor_LdrLoadDll: returns rcNt=0x0 hMod=00007ffb2a7e0000 'C:\Program Files\Oracle\VirtualBox\VBoxRT.dll'
234c.1b7c: Detected loader lock ownership: rc=VINF_SUCCESS '\Device\HarddiskVolume3\Windows\System32\vcruntime140_1.dll'.
234c.1b7c: supR3HardenedWinVerifyCacheProcessWvtTodos: 0 (was 0) fWinVerifyTrust=0 for '\Device\HarddiskVolume3\Windows\System32\vcruntime140_1.dll' [rescheduled]
234c.1b7c: Detected loader lock ownership: rc=VINF_SUCCESS '\Device\HarddiskVolume3\Windows\System32\vcruntime140_1.dll'.
234c.1b7c: supR3HardenedWinVerifyCacheProcessWvtTodos: 0 (was 0) fWinVerifyTrust=0 for '\Device\HarddiskVolume3\Windows\System32\vcruntime140_1.dll' [rescheduled]
234c.1b7c: supR3HardenedMonitor_LdrLoadDll: returns rcNt=0x0 hMod=00007ffb2a7e0000 'C:\Program Files\Oracle\VirtualBox\VBoxRT.dll'
234c.1b7c: Detected loader lock ownership: rc=VINF_SUCCESS '\Device\HarddiskVolume3\Windows\System32\vcruntime140_1.dll'.
234c.1b7c: supR3HardenedWinVerifyCacheProcessWvtTodos: 0 (was 0) fWinVerifyTrust=0 for '\Device\HarddiskVolume3\Windows\System32\vcruntime140_1.dll' [rescheduled]
234c.1b7c: supR3HardenedMonitor_LdrLoadDll: returns rcNt=0x0 hMod=00007ffb2a7e0000 'C:\Program Files\Oracle\VirtualBox\VBoxRT.dll'
234c.1b7c: supR3HardenedMonitor_LdrLoadDll: returns rcNt=0x0 hMod=00007ffbab9d0000 'C:\Windows\system32\rsaenh.dll'
234c.1b7c: supR3HardenedMonitor_LdrLoadDll: returns rcNt=0x0 hMod=00007ffbaca60000 'C:\Windows\System32\crypt32.dll'
234c.1b7c: supR3HardenedWinVerifyCacheProcessWvtTodos: 0 (was 0) fWinVerifyTrust=1 for '\Device\HarddiskVolume3\Windows\System32\vcruntime140_1.dll'
234c.1b7c: supR3HardenedScreenImage/LdrLoadDll: cache hit (VINF_SUCCESS) on \Device\HarddiskVolume3\Windows\System32\wintrust.dll
234c.1b7c: supR3HardenedMonitor_LdrLoadDll: pName=C:\Windows\system32\Wintrust.dll (rcNtResolve=0xc0150008) *pfFlags=0x0 pwszSearchPath=0000000000000801:<flags> [calling]
234c.1b7c: supR3HardenedMonitor_LdrLoadDll: returns rcNt=0x0 hMod=00007ffbacda0000 'C:\Windows\system32\Wintrust.dll'
234c.1b7c: supR3HardenedMonitor_LdrLoadDll: returns rcNt=0x0 hMod=00007ffbab9d0000 'C:\Windows\system32\rsaenh.dll'
234c.1b7c: supR3HardenedMonitor_LdrLoadDll: returns rcNt=0x0 hMod=00007ffbaca60000 'C:\Windows\System32\crypt32.dll'
234c.1b7c: supR3HardenedMonitor_LdrLoadDll: returns rcNt=0x0 hMod=00007ffbab9d0000 'C:\Windows\system32\rsaenh.dll'
234c.1b7c: supR3HardenedMonitor_LdrLoadDll: returns rcNt=0x0 hMod=00007ffbaca60000 'C:\Windows\System32\crypt32.dll'
234c.1b7c: supR3HardenedMonitor_LdrLoadDll: returns rcNt=0x0 hMod=00007ffbaca60000 'C:\Windows\system32\crypt32.dll'
234c.1b7c: SUPR3HardenedMain: Load TrustedMain...
234c.2f14: supR3HardenedIsApiSetDll: ApiSetQueryApiSetPresence(api-ms-win-appmodel-runtime-l1-1-2) -> 0x0, fPresent=1
234c.2f14: supR3HardenedMonitor_LdrLoadDll: pName=api-ms-win-appmodel-runtime-l1-1-2 (rcNtResolve=0x0) *pfFlags=0x0 pwszSearchPath=0000000000000801:<flags> [calling]
234c.2f14: supR3HardenedWinVerifyCacheScheduleImports: Import todo: #8 'msvcrt.dll'.
234c.2f14: supHardenedWinVerifyImageByHandle: -> 0 (\Device\HarddiskVolume3\Windows\System32\kernel.appcore.dll)
234c.2f14: supR3HardenedWinVerifyCacheInsert: \Device\HarddiskVolume3\Windows\System32\kernel.appcore.dll
234c.2f14: supR3HardenedDllNotificationCallback: load   00007ffbaba70000 LB 0x00018000 C:\Windows\SYSTEM32\kernel.appcore.dll [fFlags=0x0]
234c.2f14: supR3HardenedScreenImage/LdrLoadDll: cache hit (VINF_SUCCESS) on \Device\HarddiskVolume3\Windows\System32\kernel.appcore.dll [avoiding WinVerifyTrust]
234c.2f14: supR3HardenedMonitor_LdrLoadDll: returns rcNt=0x0 hMod=00007ffbaba70000 'api-ms-win-appmodel-runtime-l1-1-2'
234c.2f14: supR3HardenedWinVerifyCacheProcessImportTodos: Processing 'msvcrt.dll'...
234c.2f14: supR3HardenedWinVerifyCacheProcessImportTodos: 'msvcrt.dll' -> '\Device\HarddiskVolume3\Windows\System32\msvcrt.dll' [rcNtRedir=0xc0150008]
234c.2f14: supR3HardenedScreenImage/Imports: cache hit (VINF_SUCCESS) on \Device\HarddiskVolume3\Windows\System32\msvcrt.dll
234c.2f14: supR3HardenedMonitor_LdrLoadDll: returns rcNt=0x0 hMod=00007ffbab9d0000 'C:\Windows\system32\rsaenh.dll'
234c.2f14: supR3HardenedMonitor_LdrLoadDll: returns rcNt=0x0 hMod=00007ffbaca60000 'C:\Windows\System32\crypt32.dll'
234c.2f14: supR3HardenedWinVerifyCacheProcessWvtTodos: 0 (was 0) fWinVerifyTrust=1 for '\Device\HarddiskVolume3\Windows\System32\kernel.appcore.dll'
234c.1b7c: supR3HardenedMonitor_LdrLoadDll: returns rcNt=0x0 hMod=00007ffbab9d0000 'C:\Windows\system32\rsaenh.dll'
234c.1b7c: supR3HardenedMonitor_LdrLoadDll: returns rcNt=0x0 hMod=00007ffbaca60000 'C:\Windows\System32\crypt32.dll'
234c.1b7c: supR3HardenedWinVerifyCacheScheduleImports: Import todo: #0 'uicommon.dll'.
234c.1b7c: supR3HardenedWinVerifyCacheScheduleImports: Import todo: #1 'qt6corevbox.dll'.
234c.1b7c: supR3HardenedWinVerifyCacheScheduleImports: Import todo: #2 'qt6guivbox.dll'.
234c.1b7c: supR3HardenedWinVerifyCacheScheduleImports: Import todo: #3 'qt6widgetsvbox.dll'.
234c.1b7c: supR3HardenedWinVerifyCacheScheduleImports: Import todo: #5 'user32.dll'.
234c.1b7c: supR3HardenedWinVerifyCacheScheduleImports: Import todo: #6 'advapi32.dll'.
234c.1b7c: supR3HardenedWinVerifyCacheScheduleImports: Import todo: #7 'ole32.dll'.
234c.1b7c: supR3HardenedWinVerifyCacheScheduleImports: Import todo: #8 'oleaut32.dll'.
234c.1b7c: supR3HardenedWinVerifyCacheScheduleImports: Import todo: #9 'winmm.dll'.
234c.1b7c: supR3HardenedWinVerifyCacheScheduleImports: Import todo: #14 'vboxrt.dll'.
234c.1b7c: supR3HardenedWinVerifyCacheScheduleImports: Import todo: #15 'vcruntime140.dll'.
234c.1b7c: supR3HardenedWinVerifyCacheScheduleImports: Import todo: #16 'vcruntime140_1.dll'.
234c.1b7c: supR3HardenedWinVerifyCacheScheduleImports: Import todo: #17 'msvcp140.dll'.
234c.1b7c: supHardenedWinVerifyImageByHandle: -> 0 (\Device\HarddiskVolume3\Program Files\Oracle\VirtualBox\VirtualBoxVM.dll) WinVerifyTrust
234c.1b7c: supR3HardenedWinVerifyCacheInsert: \Device\HarddiskVolume3\Program Files\Oracle\VirtualBox\VirtualBoxVM.dll
234c.1b7c: supR3HardenedWinVerifyCacheProcessImportTodos: Processing 'msvcp140.dll'...
234c.1b7c: supR3HardenedWinVerifyCacheProcessImportTodos: 'msvcp140.dll' -> '\Device\HarddiskVolume3\Windows\System32\msvcp140.dll' [rcNtRedir=0xc0150008]
234c.1b7c: supR3HardenedScreenImage/Imports: cache hit (VINF_SUCCESS) on \Device\HarddiskVolume3\Windows\System32\msvcp140.dll
234c.1b7c: supR3HardenedWinVerifyCacheProcessImportTodos: Processing 'vcruntime140_1.dll'...
234c.1b7c: supR3HardenedWinVerifyCacheProcessImportTodos: 'vcruntime140_1.dll' -> '\Device\HarddiskVolume3\Windows\System32\vcruntime140_1.dll' [rcNtRedir=0xc0150008]
234c.1b7c: supR3HardenedScreenImage/Imports: cache hit (VINF_SUCCESS) on \Device\HarddiskVolume3\Windows\System32\vcruntime140_1.dll
234c.1b7c: supR3HardenedWinVerifyCacheProcessImportTodos: Processing 'vcruntime140.dll'...
234c.1b7c: supR3HardenedWinVerifyCacheProcessImportTodos: 'vcruntime140.dll' -> '\Device\HarddiskVolume3\Windows\System32\vcruntime140.dll' [rcNtRedir=0xc0150008]
234c.1b7c: supR3HardenedScreenImage/Imports: cache hit (VINF_SUCCESS) on \Device\HarddiskVolume3\Windows\System32\vcruntime140.dll
234c.1b7c: supR3HardenedWinVerifyCacheProcessImportTodos: Processing 'vboxrt.dll'...
234c.1b7c: supR3HardenedWinVerifyCacheProcessImportTodos: 'vboxrt.dll' -> '\Device\HarddiskVolume3\Program Files\Oracle\VirtualBox\vboxrt.dll' [rcNtRedir=0xc0150008]
234c.1b7c: supR3HardenedWinVerifyCacheProcessImportTodos: Processing 'winmm.dll'...
234c.1b7c: supR3HardenedWinVerifyCacheProcessImportTodos: 'winmm.dll' -> '\Device\HarddiskVolume3\Windows\System32\winmm.dll' [rcNtRedir=0xc0150008]
234c.1b7c: supR3HardenedMonitor_LdrLoadDll: returns rcNt=0x0 hMod=00007ffbab9d0000 'C:\Windows\system32\rsaenh.dll'
234c.1b7c: supR3HardenedMonitor_LdrLoadDll: returns rcNt=0x0 hMod=00007ffbaca60000 'C:\Windows\System32\crypt32.dll'
234c.1b7c: supHardenedWinVerifyImageByHandle: -> 0 (\Device\HarddiskVolume3\Windows\System32\winmm.dll) WinVerifyTrust
234c.1b7c: supR3HardenedWinVerifyCacheInsert: \Device\HarddiskVolume3\Windows\System32\winmm.dll
234c.1b7c: supR3HardenedWinVerifyCacheProcessImportTodos: Processing 'oleaut32.dll'...
234c.1b7c: supR3HardenedWinVerifyCacheProcessImportTodos: 'oleaut32.dll' -> '\Device\HarddiskVolume3\Windows\System32\oleaut32.dll' [rcNtRedir=0xc0150008]
234c.1b7c: supR3HardenedMonitor_LdrLoadDll: returns rcNt=0x0 hMod=00007ffbab9d0000 'C:\Windows\system32\rsaenh.dll'
234c.1b7c: supR3HardenedMonitor_LdrLoadDll: returns rcNt=0x0 hMod=00007ffbaca60000 'C:\Windows\System32\crypt32.dll'
234c.1b7c: supR3HardenedWinVerifyCacheScheduleImports: Import todo: #0 'msvcp_win.dll'.
234c.1b7c: supR3HardenedWinVerifyCacheScheduleImports: Import todo: #5 'combase.dll'.
234c.1b7c: supR3HardenedWinVerifyCacheScheduleImports: Import todo: #25 'rpcrt4.dll'.
234c.1b7c: supHardenedWinVerifyImageByHandle: -> 0 (\Device\HarddiskVolume3\Windows\System32\oleaut32.dll) WinVerifyTrust
234c.1b7c: supR3HardenedWinVerifyCacheInsert: \Device\HarddiskVolume3\Windows\System32\oleaut32.dll
234c.1b7c: supR3HardenedWinVerifyCacheProcessImportTodos: Processing 'ole32.dll'...
234c.1b7c: supR3HardenedWinVerifyCacheProcessImportTodos: 'ole32.dll' -> '\Device\HarddiskVolume3\Windows\System32\ole32.dll' [rcNtRedir=0xc0150008]
234c.1b7c: supR3HardenedWinVerifyCacheProcessImportTodos: Processing 'rpcrt4.dll'...
234c.1b7c: supR3HardenedWinVerifyCacheProcessImportTodos: 'rpcrt4.dll' -> '\Device\HarddiskVolume3\Windows\System32\rpcrt4.dll' [rcNtRedir=0xc0150008]
234c.1b7c: supR3HardenedScreenImage/Imports: cache hit (VINF_SUCCESS) on \Device\HarddiskVolume3\Windows\System32\rpcrt4.dll
234c.1b7c: supR3HardenedWinVerifyCacheProcessImportTodos: Processing 'combase.dll'...
234c.1b7c: supR3HardenedWinVerifyCacheProcessImportTodos: 'combase.dll' -> '\Device\HarddiskVolume3\Windows\System32\combase.dll' [rcNtRedir=0xc0150008]
234c.1b7c: Detected WinVerifyTrust recursion: rc=VINF_SUCCESS '\Device\HarddiskVolume3\Windows\System32\combase.dll'.
234c.1b7c: supR3HardenedWinVerifyCacheScheduleImports: Import todo: #3 'rpcrt4.dll'.
234c.1b7c: supHardenedWinVerifyImageByHandle: -> 0 (\Device\HarddiskVolume3\Windows\System32\combase.dll)
234c.1b7c: supR3HardenedWinVerifyCacheInsert: \Device\HarddiskVolume3\Windows\System32\combase.dll
234c.1b7c: supR3HardenedWinVerifyCacheProcessImportTodos: Processing 'msvcp_win.dll'...
234c.1b7c: supR3HardenedWinVerifyCacheProcessImportTodos: 'msvcp_win.dll' -> '\Device\HarddiskVolume3\Windows\System32\msvcp_win.dll' [rcNtRedir=0xc0150008]
234c.1b7c: Detected WinVerifyTrust recursion: rc=VINF_SUCCESS '\Device\HarddiskVolume3\Windows\System32\msvcp_win.dll'.
234c.1b7c: supHardenedWinVerifyImageByHandle: -> 0 (\Device\HarddiskVolume3\Windows\System32\msvcp_win.dll)
234c.1b7c: supR3HardenedWinVerifyCacheInsert: \Device\HarddiskVolume3\Windows\System32\msvcp_win.dll
234c.1b7c: supR3HardenedWinVerifyCacheProcessImportTodos: Processing 'rpcrt4.dll'...
234c.1b7c: supR3HardenedWinVerifyCacheProcessImportTodos: 'rpcrt4.dll' -> '\Device\HarddiskVolume3\Windows\System32\rpcrt4.dll' [rcNtRedir=0xc0150008]
234c.1b7c: supR3HardenedScreenImage/Imports: cache hit (VINF_SUCCESS) on \Device\HarddiskVolume3\Windows\System32\rpcrt4.dll
234c.1b7c: supR3HardenedMonitor_LdrLoadDll: returns rcNt=0x0 hMod=00007ffbab9d0000 'C:\Windows\system32\rsaenh.dll'
234c.1b7c: supR3HardenedMonitor_LdrLoadDll: returns rcNt=0x0 hMod=00007ffbaca60000 'C:\Windows\System32\crypt32.dll'
234c.1b7c: supR3HardenedWinVerifyCacheScheduleImports: Import todo: #0 'msvcp_win.dll'.
234c.1b7c: supR3HardenedWinVerifyCacheScheduleImports: Import todo: #44 'gdi32.dll'.
234c.1b7c: supR3HardenedWinVerifyCacheScheduleImports: Import todo: #45 'user32.dll'.
234c.1b7c: supR3HardenedWinVerifyCacheScheduleImports: Import todo: #46 'combase.dll'.
234c.1b7c: supHardenedWinVerifyImageByHandle: -> 0 (\Device\HarddiskVolume3\Windows\System32\ole32.dll) WinVerifyTrust
234c.1b7c: supR3HardenedWinVerifyCacheInsert: \Device\HarddiskVolume3\Windows\System32\ole32.dll
234c.1b7c: supR3HardenedWinVerifyCacheProcessImportTodos: Processing 'advapi32.dll'...
234c.1b7c: supR3HardenedWinVerifyCacheProcessImportTodos: 'advapi32.dll' -> '\Device\HarddiskVolume3\Windows\System32\advapi32.dll' [rcNtRedir=0xc0150008]
234c.1b7c: supR3HardenedScreenImage/Imports: cache hit (VINF_SUCCESS) on \Device\HarddiskVolume3\Windows\System32\advapi32.dll
234c.1b7c: supR3HardenedWinVerifyCacheProcessImportTodos: Processing 'user32.dll'...
234c.1b7c: supR3HardenedWinVerifyCacheProcessImportTodos: 'user32.dll' -> '\Device\HarddiskVolume3\Windows\System32\user32.dll' [rcNtRedir=0xc0150008]
234c.1b7c: supR3HardenedWinVerifyCacheProcessImportTodos: Processing 'combase.dll'...
234c.1b7c: supR3HardenedWinVerifyCacheProcessImportTodos: 'combase.dll' -> '\Device\HarddiskVolume3\Windows\System32\combase.dll' [rcNtRedir=0xc0150008]
234c.1b7c: supR3HardenedScreenImage/Imports: cache hit (VINF_SUCCESS) on \Device\HarddiskVolume3\Windows\System32\combase.dll [lacks WinVerifyTrust]
234c.1b7c: supR3HardenedWinVerifyCacheProcessImportTodos: Processing 'user32.dll'...
234c.1b7c: supR3HardenedWinVerifyCacheProcessImportTodos: 'user32.dll' -> '\Device\HarddiskVolume3\Windows\System32\user32.dll' [rcNtRedir=0xc0150008]
234c.1b7c: Detected WinVerifyTrust recursion: rc=VINF_SUCCESS '\Device\HarddiskVolume3\Windows\System32\user32.dll'.
234c.1b7c: supR3HardenedWinVerifyCacheScheduleImports: Import todo: #0 'win32u.dll'.
234c.1b7c: supR3HardenedWinVerifyCacheScheduleImports: Import todo: #38 'gdi32.dll'.
234c.1b7c: supHardenedWinVerifyImageByHandle: -> 0 (\Device\HarddiskVolume3\Windows\System32\user32.dll)
234c.1b7c: supR3HardenedWinVerifyCacheInsert: \Device\HarddiskVolume3\Windows\System32\user32.dll
234c.1b7c: supR3HardenedWinVerifyCacheProcessImportTodos: Processing 'gdi32.dll'...
234c.1b7c: supR3HardenedWinVerifyCacheProcessImportTodos: 'gdi32.dll' -> '\Device\HarddiskVolume3\Windows\System32\gdi32.dll' [rcNtRedir=0xc0150008]
234c.1b7c: Detected WinVerifyTrust recursion: rc=VINF_SUCCESS '\Device\HarddiskVolume3\Windows\System32\gdi32.dll'.
234c.1b7c: supR3HardenedWinVerifyCacheScheduleImports: Import todo: #9 'win32u.dll'.
234c.1b7c: supHardenedWinVerifyImageByHandle: -> 0 (\Device\HarddiskVolume3\Windows\System32\gdi32.dll)
234c.1b7c: supR3HardenedWinVerifyCacheInsert: \Device\HarddiskVolume3\Windows\System32\gdi32.dll
234c.1b7c: supR3HardenedWinVerifyCacheProcessImportTodos: Processing 'msvcp_win.dll'...
234c.1b7c: supR3HardenedWinVerifyCacheProcessImportTodos: 'msvcp_win.dll' -> '\Device\HarddiskVolume3\Windows\System32\msvcp_win.dll' [rcNtRedir=0xc0150008]
234c.1b7c: supR3HardenedScreenImage/Imports: cache hit (VINF_SUCCESS) on \Device\HarddiskVolume3\Windows\System32\msvcp_win.dll [lacks WinVerifyTrust]
234c.1b7c: supR3HardenedWinVerifyCacheProcessImportTodos: Processing 'win32u.dll'...
234c.1b7c: supR3HardenedWinVerifyCacheProcessImportTodos: 'win32u.dll' -> '\Device\HarddiskVolume3\Windows\System32\win32u.dll' [rcNtRedir=0xc0150008]
234c.1b7c: Detected WinVerifyTrust recursion: rc=VINF_SUCCESS '\Device\HarddiskVolume3\Windows\System32\win32u.dll'.
234c.1b7c: supHardenedWinVerifyImageByHandle: -> 0 (\Device\HarddiskVolume3\Windows\System32\win32u.dll)
234c.1b7c: supR3HardenedWinVerifyCacheInsert: \Device\HarddiskVolume3\Windows\System32\win32u.dll
234c.1b7c: supR3HardenedWinVerifyCacheProcessImportTodos: Processing 'gdi32.dll'...
234c.1b7c: supR3HardenedWinVerifyCacheProcessImportTodos: 'gdi32.dll' -> '\Device\HarddiskVolume3\Windows\System32\gdi32.dll' [rcNtRedir=0xc0150008]
234c.1b7c: supR3HardenedScreenImage/Imports: cache hit (VINF_SUCCESS) on \Device\HarddiskVolume3\Windows\System32\gdi32.dll [lacks WinVerifyTrust]
234c.1b7c: supR3HardenedWinVerifyCacheProcessImportTodos: Processing 'win32u.dll'...
234c.1b7c: supR3HardenedWinVerifyCacheProcessImportTodos: 'win32u.dll' -> '\Device\HarddiskVolume3\Windows\System32\win32u.dll' [rcNtRedir=0xc0150008]
234c.1b7c: supR3HardenedScreenImage/Imports: cache hit (VINF_SUCCESS) on \Device\HarddiskVolume3\Windows\System32\win32u.dll [lacks WinVerifyTrust]
234c.1b7c: supR3HardenedMonitor_LdrLoadDll: returns rcNt=0x0 hMod=00007ffbab9d0000 'C:\Windows\system32\rsaenh.dll'
234c.1b7c: supR3HardenedMonitor_LdrLoadDll: returns rcNt=0x0 hMod=00007ffbaca60000 'C:\Windows\System32\crypt32.dll'
234c.1b7c: supR3HardenedWinVerifyCacheScheduleImports: Import todo: #0 'win32u.dll'.
234c.1b7c: supR3HardenedWinVerifyCacheScheduleImports: Import todo: #38 'gdi32.dll'.
234c.1b7c: supHardenedWinVerifyImageByHandle: -> 0 (\Device\HarddiskVolume3\Windows\System32\user32.dll) WinVerifyTrust
234c.1b7c: supR3HardenedWinVerifyCacheProcessImportTodos: Processing 'qt6widgetsvbox.dll'...
234c.1b7c: supR3HardenedWinVerifyCacheProcessImportTodos: 'qt6widgetsvbox.dll' -> '\Device\HarddiskVolume3\Program Files\Oracle\VirtualBox\qt6widgetsvbox.dll' [rcNtRedir=0xc0150008]
234c.1b7c: supR3HardenedWinVerifyCacheProcessImportTodos: Processing 'gdi32.dll'...
234c.1b7c: supR3HardenedWinVerifyCacheProcessImportTodos: 'gdi32.dll' -> '\Device\HarddiskVolume3\Windows\System32\gdi32.dll' [rcNtRedir=0xc0150008]
234c.1b7c: supR3HardenedScreenImage/Imports: cache hit (VINF_SUCCESS) on \Device\HarddiskVolume3\Windows\System32\gdi32.dll [lacks WinVerifyTrust]
234c.1b7c: supR3HardenedWinVerifyCacheProcessImportTodos: Processing 'win32u.dll'...
234c.1b7c: supR3HardenedWinVerifyCacheProcessImportTodos: 'win32u.dll' -> '\Device\HarddiskVolume3\Windows\System32\win32u.dll' [rcNtRedir=0xc0150008]
234c.1b7c: supR3HardenedScreenImage/Imports: cache hit (VINF_SUCCESS) on \Device\HarddiskVolume3\Windows\System32\win32u.dll [lacks WinVerifyTrust]
234c.1b7c: supR3HardenedMonitor_LdrLoadDll: returns rcNt=0x0 hMod=00007ffbab9d0000 'C:\Windows\system32\rsaenh.dll'
234c.1b7c: supR3HardenedMonitor_LdrLoadDll: returns rcNt=0x0 hMod=00007ffbaca60000 'C:\Windows\System32\crypt32.dll'
234c.1b7c: supR3HardenedWinVerifyCacheScheduleImports: Import todo: #0 'dwmapi.dll'.
234c.1b7c: supR3HardenedWinVerifyCacheScheduleImports: Import todo: #1 'uxtheme.dll'.
234c.1b7c: supR3HardenedWinVerifyCacheScheduleImports: Import todo: #2 'qt6guivbox.dll'.
234c.1b7c: supR3HardenedWinVerifyCacheScheduleImports: Import todo: #3 'qt6corevbox.dll'.
234c.1b7c: supR3HardenedWinVerifyCacheScheduleImports: Import todo: #5 'user32.dll'.
234c.1b7c: supR3HardenedWinVerifyCacheScheduleImports: Import todo: #6 'gdi32.dll'.
234c.1b7c: supR3HardenedWinVerifyCacheScheduleImports: Import todo: #7 'msvcp140.dll'.
234c.1b7c: supR3HardenedWinVerifyCacheScheduleImports: Import todo: #8 'msvcp140_1.dll'.
234c.1b7c: supR3HardenedWinVerifyCacheScheduleImports: Import todo: #9 'vcruntime140.dll'.
234c.1b7c: supR3HardenedWinVerifyCacheScheduleImports: Import todo: #10 'vcruntime140_1.dll'.
234c.1b7c: supHardenedWinVerifyImageByHandle: -> 0 (\Device\HarddiskVolume3\Program Files\Oracle\VirtualBox\Qt6WidgetsVBox.dll) WinVerifyTrust
234c.1b7c: supR3HardenedWinVerifyCacheInsert: \Device\HarddiskVolume3\Program Files\Oracle\VirtualBox\Qt6WidgetsVBox.dll
234c.1b7c: supR3HardenedWinVerifyCacheProcessImportTodos: Processing 'qt6guivbox.dll'...
234c.1b7c: supR3HardenedWinVerifyCacheProcessImportTodos: 'qt6guivbox.dll' -> '\Device\HarddiskVolume3\Program Files\Oracle\VirtualBox\qt6guivbox.dll' [rcNtRedir=0xc0150008]
234c.1b7c: supR3HardenedWinVerifyCacheProcessImportTodos: Processing 'vcruntime140_1.dll'...
234c.1b7c: supR3HardenedWinVerifyCacheProcessImportTodos: 'vcruntime140_1.dll' -> '\Device\HarddiskVolume3\Windows\System32\vcruntime140_1.dll' [rcNtRedir=0xc0150008]
234c.1b7c: supR3HardenedScreenImage/Imports: cache hit (VINF_SUCCESS) on \Device\HarddiskVolume3\Windows\System32\vcruntime140_1.dll
234c.1b7c: supR3HardenedWinVerifyCacheProcessImportTodos: Processing 'vcruntime140.dll'...
234c.1b7c: supR3HardenedWinVerifyCacheProcessImportTodos: 'vcruntime140.dll' -> '\Device\HarddiskVolume3\Windows\System32\vcruntime140.dll' [rcNtRedir=0xc0150008]
234c.1b7c: supR3HardenedScreenImage/Imports: cache hit (VINF_SUCCESS) on \Device\HarddiskVolume3\Windows\System32\vcruntime140.dll
234c.1b7c: supR3HardenedWinVerifyCacheProcessImportTodos: Processing 'msvcp140_1.dll'...
234c.1b7c: supR3HardenedWinVerifyCacheProcessImportTodos: 'msvcp140_1.dll' -> '\Device\HarddiskVolume3\Windows\System32\msvcp140_1.dll' [rcNtRedir=0xc0150008]
234c.1b7c: Detected WinVerifyTrust recursion: rc=VINF_SUCCESS '\Device\HarddiskVolume3\Windows\System32\msvcp140_1.dll'.
234c.1b7c: supR3HardenedWinVerifyCacheScheduleImports: Import todo: #0 'msvcp140.dll'.
234c.1b7c: supR3HardenedWinVerifyCacheScheduleImports: Import todo: #1 'vcruntime140.dll'.
234c.1b7c: supHardenedWinVerifyImageByHandle: -> 0 (\Device\HarddiskVolume3\Windows\System32\msvcp140_1.dll)
234c.1b7c: supR3HardenedWinVerifyCacheInsert: \Device\HarddiskVolume3\Windows\System32\msvcp140_1.dll
234c.1b7c: supR3HardenedWinVerifyCacheProcessImportTodos: Processing 'msvcp140.dll'...
234c.1b7c: supR3HardenedWinVerifyCacheProcessImportTodos: 'msvcp140.dll' -> '\Device\HarddiskVolume3\Windows\System32\msvcp140.dll' [rcNtRedir=0xc0150008]
234c.1b7c: supR3HardenedScreenImage/Imports: cache hit (VINF_SUCCESS) on \Device\HarddiskVolume3\Windows\System32\msvcp140.dll
234c.1b7c: supR3HardenedWinVerifyCacheProcessImportTodos: Processing 'gdi32.dll'...
234c.1b7c: supR3HardenedWinVerifyCacheProcessImportTodos: 'gdi32.dll' -> '\Device\HarddiskVolume3\Windows\System32\gdi32.dll' [rcNtRedir=0xc0150008]
234c.1b7c: supR3HardenedScreenImage/Imports: cache hit (VINF_SUCCESS) on \Device\HarddiskVolume3\Windows\System32\gdi32.dll [lacks WinVerifyTrust]
234c.1b7c: supR3HardenedWinVerifyCacheProcessImportTodos: Processing 'user32.dll'...
234c.1b7c: supR3HardenedWinVerifyCacheProcessImportTodos: 'user32.dll' -> '\Device\HarddiskVolume3\Windows\System32\user32.dll' [rcNtRedir=0xc0150008]
234c.1b7c: supR3HardenedScreenImage/Imports: cache hit (VINF_SUCCESS) on \Device\HarddiskVolume3\Windows\System32\user32.dll [lacks WinVerifyTrust]
234c.1b7c: supR3HardenedWinVerifyCacheProcessImportTodos: Processing 'qt6corevbox.dll'...
234c.1b7c: supR3HardenedWinVerifyCacheProcessImportTodos: 'qt6corevbox.dll' -> '\Device\HarddiskVolume3\Program Files\Oracle\VirtualBox\qt6corevbox.dll' [rcNtRedir=0xc0150008]
234c.1b7c: Detected WinVerifyTrust recursion: rc=VINF_SUCCESS '\Device\HarddiskVolume3\Program Files\Oracle\VirtualBox\Qt6CoreVBox.dll'.
234c.1b7c: supR3HardenedWinVerifyCacheScheduleImports: Import todo: #1 'mpr.dll'.
234c.1b7c: supR3HardenedWinVerifyCacheScheduleImports: Import todo: #2 'userenv.dll'.
234c.1b7c: supR3HardenedWinVerifyCacheScheduleImports: Import todo: #3 'advapi32.dll'.
234c.1b7c: supR3HardenedWinVerifyCacheScheduleImports: Import todo: #4 'authz.dll'.
234c.1b7c: supR3HardenedWinVerifyCacheScheduleImports: Import todo: #6 'netapi32.dll'.
234c.1b7c: supR3HardenedWinVerifyCacheScheduleImports: Import todo: #7 'ole32.dll'.
234c.1b7c: supR3HardenedWinVerifyCacheScheduleImports: Import todo: #8 'shell32.dll'.
234c.1b7c: supR3HardenedWinVerifyCacheScheduleImports: Import todo: #9 'user32.dll'.
234c.1b7c: supR3HardenedWinVerifyCacheScheduleImports: Import todo: #10 'version.dll'.
234c.1b7c: supR3HardenedWinVerifyCacheScheduleImports: Import todo: #11 'winmm.dll'.
234c.1b7c: supR3HardenedWinVerifyCacheScheduleImports: Import todo: #12 'ws2_32.dll'.
234c.1b7c: supR3HardenedWinVerifyCacheScheduleImports: Import todo: #13 'msvcp140.dll'.
234c.1b7c: supR3HardenedWinVerifyCacheScheduleImports: Import todo: #14 'msvcp140_1.dll'.
234c.1b7c: supR3HardenedWinVerifyCacheScheduleImports: Import todo: #15 'vcruntime140_1.dll'.
234c.1b7c: supR3HardenedWinVerifyCacheScheduleImports: Import todo: #16 'vcruntime140.dll'.
234c.1b7c: supHardenedWinVerifyImageByHandle: -> 0 (\Device\HarddiskVolume3\Program Files\Oracle\VirtualBox\Qt6CoreVBox.dll)
234c.1b7c: supR3HardenedWinVerifyCacheInsert: \Device\HarddiskVolume3\Program Files\Oracle\VirtualBox\Qt6CoreVBox.dll
234c.1b7c: supR3HardenedWinVerifyCacheProcessImportTodos: Processing 'qt6guivbox.dll'...
234c.1b7c: supR3HardenedWinVerifyCacheProcessImportTodos: 'qt6guivbox.dll' -> '\Device\HarddiskVolume3\Program Files\Oracle\VirtualBox\qt6guivbox.dll' [rcNtRedir=0xc0150008]
234c.1b7c: Detected WinVerifyTrust recursion: rc=VINF_SUCCESS '\Device\HarddiskVolume3\Program Files\Oracle\VirtualBox\Qt6GuiVBox.dll'.
234c.1b7c: supR3HardenedWinVerifyCacheScheduleImports: Import todo: #0 'd3d11.dll'.
234c.1b7c: supR3HardenedWinVerifyCacheScheduleImports: Import todo: #1 'dxgi.dll'.
234c.1b7c: supR3HardenedWinVerifyCacheScheduleImports: Import todo: #2 'd3d12.dll'.
234c.1b7c: supR3HardenedWinVerifyCacheScheduleImports: Import todo: #3 'gdi32.dll'.
234c.1b7c: supR3HardenedWinVerifyCacheScheduleImports: Import todo: #4 'ole32.dll'.
234c.1b7c: supR3HardenedWinVerifyCacheScheduleImports: Import todo: #5 'shell32.dll'.
234c.1b7c: supR3HardenedWinVerifyCacheScheduleImports: Import todo: #6 'user32.dll'.
234c.1b7c: supR3HardenedWinVerifyCacheScheduleImports: Import todo: #7 'uxtheme.dll'.
234c.1b7c: supR3HardenedWinVerifyCacheScheduleImports: Import todo: #8 'dwrite.dll'.
234c.1b7c: supR3HardenedWinVerifyCacheScheduleImports: Import todo: #9 'qt6corevbox.dll'.
234c.1b7c: supR3HardenedWinVerifyCacheScheduleImports: Import todo: #11 'msvcp140.dll'.
234c.1b7c: supR3HardenedWinVerifyCacheScheduleImports: Import todo: #12 'msvcp140_1.dll'.
234c.1b7c: supR3HardenedWinVerifyCacheScheduleImports: Import todo: #13 'msvcp140_2.dll'.
234c.1b7c: supR3HardenedWinVerifyCacheScheduleImports: Import todo: #14 'vcruntime140.dll'.
234c.1b7c: supR3HardenedWinVerifyCacheScheduleImports: Import todo: #15 'vcruntime140_1.dll'.
234c.1b7c: supHardenedWinVerifyImageByHandle: -> 0 (\Device\HarddiskVolume3\Program Files\Oracle\VirtualBox\Qt6GuiVBox.dll)
234c.1b7c: supR3HardenedWinVerifyCacheInsert: \Device\HarddiskVolume3\Program Files\Oracle\VirtualBox\Qt6GuiVBox.dll
234c.1b7c: supR3HardenedWinVerifyCacheProcessImportTodos: Processing 'uxtheme.dll'...
234c.1b7c: supR3HardenedWinVerifyCacheProcessImportTodos: 'uxtheme.dll' -> '\Device\HarddiskVolume3\Windows\System32\uxtheme.dll' [rcNtRedir=0xc0150008]
234c.1b7c: Detected WinVerifyTrust recursion: rc=22900 '\Device\HarddiskVolume3\Windows\System32\uxtheme.dll'.
234c.1b7c: supR3HardenedWinVerifyCacheScheduleImports: Import todo: #39 'gdi32.dll'.
234c.1b7c: supR3HardenedWinVerifyCacheScheduleImports: Import todo: #40 'user32.dll'.
234c.1b7c: supHardenedWinVerifyImageByHandle: -> 22900 (\Device\HarddiskVolume3\Windows\System32\uxtheme.dll)
234c.1b7c: supR3HardenedWinVerifyCacheInsert: \Device\HarddiskVolume3\Windows\System32\uxtheme.dll
234c.1b7c: supR3HardenedWinVerifyCacheProcessImportTodos: Processing 'dwmapi.dll'...
234c.1b7c: supR3HardenedWinVerifyCacheProcessImportTodos: 'dwmapi.dll' -> '\Device\HarddiskVolume3\Windows\System32\dwmapi.dll' [rcNtRedir=0xc0150008]
234c.1b7c: Detected WinVerifyTrust recursion: rc=VINF_SUCCESS '\Device\HarddiskVolume3\Windows\System32\dwmapi.dll'.
234c.1b7c: supR3HardenedWinVerifyCacheScheduleImports: Import todo: #24 'win32u.dll'.
234c.1b7c: supR3HardenedWinVerifyCacheScheduleImports: Import todo: #25 'user32.dll'.
234c.1b7c: supR3HardenedWinVerifyCacheScheduleImports: Import todo: #26 'gdi32.dll'.
234c.1b7c: supHardenedWinVerifyImageByHandle: -> 0 (\Device\HarddiskVolume3\Windows\System32\dwmapi.dll)
234c.1b7c: supR3HardenedWinVerifyCacheInsert: \Device\HarddiskVolume3\Windows\System32\dwmapi.dll
234c.1b7c: supR3HardenedWinVerifyCacheProcessImportTodos: Processing 'gdi32.dll'...
234c.1b7c: supR3HardenedWinVerifyCacheProcessImportTodos: 'gdi32.dll' -> '\Device\HarddiskVolume3\Windows\System32\gdi32.dll' [rcNtRedir=0xc0150008]
234c.1b7c: supR3HardenedScreenImage/Imports: cache hit (VINF_SUCCESS) on \Device\HarddiskVolume3\Windows\System32\gdi32.dll [lacks WinVerifyTrust]
234c.1b7c: supR3HardenedWinVerifyCacheProcessImportTodos: Processing 'user32.dll'...
234c.1b7c: supR3HardenedWinVerifyCacheProcessImportTodos: 'user32.dll' -> '\Device\HarddiskVolume3\Windows\System32\user32.dll' [rcNtRedir=0xc0150008]
234c.1b7c: supR3HardenedScreenImage/Imports: cache hit (VINF_SUCCESS) on \Device\HarddiskVolume3\Windows\System32\user32.dll [lacks WinVerifyTrust]
234c.1b7c: supR3HardenedWinVerifyCacheProcessImportTodos: Processing 'win32u.dll'...
234c.1b7c: supR3HardenedWinVerifyCacheProcessImportTodos: 'win32u.dll' -> '\Device\HarddiskVolume3\Windows\System32\win32u.dll' [rcNtRedir=0xc0150008]
234c.1b7c: supR3HardenedScreenImage/Imports: cache hit (VINF_SUCCESS) on \Device\HarddiskVolume3\Windows\System32\win32u.dll [lacks WinVerifyTrust]
234c.1b7c: supR3HardenedWinVerifyCacheProcessImportTodos: Processing 'user32.dll'...
234c.1b7c: supR3HardenedWinVerifyCacheProcessImportTodos: 'user32.dll' -> '\Device\HarddiskVolume3\Windows\System32\user32.dll' [rcNtRedir=0xc0150008]
234c.1b7c: supR3HardenedScreenImage/Imports: cache hit (VINF_SUCCESS) on \Device\HarddiskVolume3\Windows\System32\user32.dll [lacks WinVerifyTrust]
234c.1b7c: supR3HardenedWinVerifyCacheProcessImportTodos: Processing 'gdi32.dll'...
234c.1b7c: supR3HardenedWinVerifyCacheProcessImportTodos: 'gdi32.dll' -> '\Device\HarddiskVolume3\Windows\System32\gdi32.dll' [rcNtRedir=0xc0150008]
234c.1b7c: supR3HardenedScreenImage/Imports: cache hit (VINF_SUCCESS) on \Device\HarddiskVolume3\Windows\System32\gdi32.dll [lacks WinVerifyTrust]
234c.1b7c: supR3HardenedWinVerifyCacheProcessImportTodos: Processing 'vcruntime140_1.dll'...
234c.1b7c: supR3HardenedWinVerifyCacheProcessImportTodos: 'vcruntime140_1.dll' -> '\Device\HarddiskVolume3\Windows\System32\vcruntime140_1.dll' [rcNtRedir=0xc0150008]
234c.1b7c: supR3HardenedScreenImage/Imports: cache hit (VINF_SUCCESS) on \Device\HarddiskVolume3\Windows\System32\vcruntime140_1.dll
234c.1b7c: supR3HardenedWinVerifyCacheProcessImportTodos: Processing 'vcruntime140.dll'...
234c.1b7c: supR3HardenedWinVerifyCacheProcessImportTodos: 'vcruntime140.dll' -> '\Device\HarddiskVolume3\Windows\System32\vcruntime140.dll' [rcNtRedir=0xc0150008]
234c.1b7c: supR3HardenedScreenImage/Imports: cache hit (VINF_SUCCESS) on \Device\HarddiskVolume3\Windows\System32\vcruntime140.dll
234c.1b7c: supR3HardenedWinVerifyCacheProcessImportTodos: Processing 'msvcp140_2.dll'...
234c.1b7c: supR3HardenedWinVerifyCacheProcessImportTodos: 'msvcp140_2.dll' -> '\Device\HarddiskVolume3\Windows\System32\msvcp140_2.dll' [rcNtRedir=0xc0150008]
234c.1b7c: Detected WinVerifyTrust recursion: rc=VINF_SUCCESS '\Device\HarddiskVolume3\Windows\System32\msvcp140_2.dll'.
234c.1b7c: supR3HardenedWinVerifyCacheScheduleImports: Import todo: #0 'msvcp140.dll'.
234c.1b7c: supR3HardenedWinVerifyCacheScheduleImports: Import todo: #1 'vcruntime140.dll'.
234c.1b7c: supR3HardenedWinVerifyCacheScheduleImports: Import todo: #2 'vcruntime140_1.dll'.
234c.1b7c: supHardenedWinVerifyImageByHandle: -> 0 (\Device\HarddiskVolume3\Windows\System32\msvcp140_2.dll)
234c.1b7c: supR3HardenedWinVerifyCacheInsert: \Device\HarddiskVolume3\Windows\System32\msvcp140_2.dll
234c.1b7c: supR3HardenedWinVerifyCacheProcessImportTodos: Processing 'msvcp140_1.dll'...
234c.1b7c: supR3HardenedWinVerifyCacheProcessImportTodos: 'msvcp140_1.dll' -> '\Device\HarddiskVolume3\Windows\System32\msvcp140_1.dll' [rcNtRedir=0xc0150008]
234c.1b7c: supR3HardenedScreenImage/Imports: cache hit (VINF_SUCCESS) on \Device\HarddiskVolume3\Windows\System32\msvcp140_1.dll [lacks WinVerifyTrust]
234c.1b7c: supR3HardenedWinVerifyCacheProcessImportTodos: Processing 'msvcp140.dll'...
234c.1b7c: supR3HardenedWinVerifyCacheProcessImportTodos: 'msvcp140.dll' -> '\Device\HarddiskVolume3\Windows\System32\msvcp140.dll' [rcNtRedir=0xc0150008]
234c.1b7c: supR3HardenedScreenImage/Imports: cache hit (VINF_SUCCESS) on \Device\HarddiskVolume3\Windows\System32\msvcp140.dll
234c.1b7c: supR3HardenedWinVerifyCacheProcessImportTodos: Processing 'qt6corevbox.dll'...
234c.1b7c: supR3HardenedWinVerifyCacheProcessImportTodos: 'qt6corevbox.dll' -> '\Device\HarddiskVolume3\Program Files\Oracle\VirtualBox\qt6corevbox.dll' [rcNtRedir=0xc0150008]
234c.1b7c: supR3HardenedScreenImage/Imports: cache hit (VINF_SUCCESS) on \Device\HarddiskVolume3\Program Files\Oracle\VirtualBox\Qt6CoreVBox.dll [lacks WinVerifyTrust]
234c.1b7c: supR3HardenedWinVerifyCacheProcessImportTodos: Processing 'dwrite.dll'...
234c.1b7c: supR3HardenedWinVerifyCacheProcessImportTodos: 'dwrite.dll' -> '\Device\HarddiskVolume3\Windows\System32\dwrite.dll' [rcNtRedir=0xc0150008]
234c.1b7c: Detected WinVerifyTrust recursion: rc=22900 '\Device\HarddiskVolume3\Windows\System32\DWrite.dll'.
234c.1b7c: supR3HardenedWinVerifyCacheScheduleImports: Import todo: #0 'msvcrt.dll'.
234c.1b7c: supR3HardenedWinVerifyCacheScheduleImports: Import todo: #17 'rpcrt4.dll'.
234c.1b7c: supHardenedWinVerifyImageByHandle: -> 22900 (\Device\HarddiskVolume3\Windows\System32\DWrite.dll)
234c.1b7c: supR3HardenedWinVerifyCacheInsert: \Device\HarddiskVolume3\Windows\System32\DWrite.dll
234c.1b7c: supR3HardenedWinVerifyCacheProcessImportTodos: Processing 'uxtheme.dll'...
234c.1b7c: supR3HardenedWinVerifyCacheProcessImportTodos: 'uxtheme.dll' -> '\Device\HarddiskVolume3\Windows\System32\uxtheme.dll' [rcNtRedir=0xc0150008]
234c.1b7c: supR3HardenedScreenImage/Imports: cache hit (22900) on \Device\HarddiskVolume3\Windows\System32\uxtheme.dll [lacks WinVerifyTrust]
234c.1b7c: supR3HardenedWinVerifyCacheProcessImportTodos: Processing 'user32.dll'...
234c.1b7c: supR3HardenedWinVerifyCacheProcessImportTodos: 'user32.dll' -> '\Device\HarddiskVolume3\Windows\System32\user32.dll' [rcNtRedir=0xc0150008]
234c.1b7c: supR3HardenedScreenImage/Imports: cache hit (VINF_SUCCESS) on \Device\HarddiskVolume3\Windows\System32\user32.dll [lacks WinVerifyTrust]
234c.1b7c: supR3HardenedWinVerifyCacheProcessImportTodos: Processing 'shell32.dll'...
234c.1b7c: supR3HardenedWinVerifyCacheProcessImportTodos: 'shell32.dll' -> '\Device\HarddiskVolume3\Windows\System32\shell32.dll' [rcNtRedir=0xc0150008]
234c.1b7c: Detected WinVerifyTrust recursion: rc=VINF_SUCCESS '\Device\HarddiskVolume3\Windows\System32\shell32.dll'.
234c.1b7c: supR3HardenedWinVerifyCacheScheduleImports: Import todo: #0 'msvcp_win.dll'.
234c.1b7c: supR3HardenedWinVerifyCacheScheduleImports: Import todo: #74 'user32.dll'.
234c.1b7c: supR3HardenedWinVerifyCacheScheduleImports: Import todo: #76 'gdi32.dll'.
234c.1b7c: supHardenedWinVerifyImageByHandle: -> 0 (\Device\HarddiskVolume3\Windows\System32\shell32.dll)
234c.1b7c: supR3HardenedWinVerifyCacheInsert: \Device\HarddiskVolume3\Windows\System32\shell32.dll
234c.1b7c: supR3HardenedWinVerifyCacheProcessImportTodos: Processing 'ole32.dll'...
234c.1b7c: supR3HardenedWinVerifyCacheProcessImportTodos: 'ole32.dll' -> '\Device\HarddiskVolume3\Windows\System32\ole32.dll' [rcNtRedir=0xc0150008]
234c.1b7c: supR3HardenedScreenImage/Imports: cache hit (VINF_SUCCESS) on \Device\HarddiskVolume3\Windows\System32\ole32.dll
234c.1b7c: supR3HardenedWinVerifyCacheProcessImportTodos: Processing 'gdi32.dll'...
234c.1b7c: supR3HardenedWinVerifyCacheProcessImportTodos: 'gdi32.dll' -> '\Device\HarddiskVolume3\Windows\System32\gdi32.dll' [rcNtRedir=0xc0150008]
234c.1b7c: supR3HardenedScreenImage/Imports: cache hit (VINF_SUCCESS) on \Device\HarddiskVolume3\Windows\System32\gdi32.dll [lacks WinVerifyTrust]
234c.1b7c: supR3HardenedWinVerifyCacheProcessImportTodos: Processing 'd3d12.dll'...
234c.1b7c: supR3HardenedWinVerifyCacheProcessImportTodos: 'd3d12.dll' -> '\Device\HarddiskVolume3\Windows\System32\d3d12.dll' [rcNtRedir=0xc0150008]
234c.1b7c: Detected WinVerifyTrust recursion: rc=VINF_SUCCESS '\Device\HarddiskVolume3\Windows\System32\D3D12.dll'.
234c.1b7c: supR3HardenedWinVerifyCacheScheduleImports: Import todo: #0 'msvcp_win.dll'.
234c.1b7c: supHardenedWinVerifyImageByHandle: -> 0 (\Device\HarddiskVolume3\Windows\System32\D3D12.dll)
234c.1b7c: supR3HardenedWinVerifyCacheInsert: \Device\HarddiskVolume3\Windows\System32\D3D12.dll
234c.1b7c: supR3HardenedWinVerifyCacheProcessImportTodos: Processing 'dxgi.dll'...
234c.1b7c: supR3HardenedWinVerifyCacheProcessImportTodos: 'dxgi.dll' -> '\Device\HarddiskVolume3\Windows\System32\dxgi.dll' [rcNtRedir=0xc0150008]
234c.1b7c: Detected WinVerifyTrust recursion: rc=VINF_SUCCESS '\Device\HarddiskVolume3\Windows\System32\dxgi.dll'.
234c.1b7c: supR3HardenedWinVerifyCacheScheduleImports: Import todo: #0 'msvcp_win.dll'.
234c.1b7c: supR3HardenedWinVerifyCacheScheduleImports: Import todo: #6 'win32u.dll'.
234c.1b7c: supHardenedWinVerifyImageByHandle: -> 0 (\Device\HarddiskVolume3\Windows\System32\dxgi.dll)
234c.1b7c: supR3HardenedWinVerifyCacheInsert: \Device\HarddiskVolume3\Windows\System32\dxgi.dll
234c.1b7c: supR3HardenedWinVerifyCacheProcessImportTodos: Processing 'd3d11.dll'...
234c.1b7c: supR3HardenedWinVerifyCacheProcessImportTodos: 'd3d11.dll' -> '\Device\HarddiskVolume3\Windows\System32\d3d11.dll' [rcNtRedir=0xc0150008]
234c.1b7c: Detected WinVerifyTrust recursion: rc=VINF_SUCCESS '\Device\HarddiskVolume3\Windows\System32\d3d11.dll'.
234c.1b7c: supR3HardenedWinVerifyCacheScheduleImports: Import todo: #0 'msvcp_win.dll'.
234c.1b7c: supR3HardenedWinVerifyCacheScheduleImports: Import todo: #28 'dxgi.dll'.
234c.1b7c: supR3HardenedWinVerifyCacheScheduleImports: Import todo: #30 'win32u.dll'.
234c.1b7c: supHardenedWinVerifyImageByHandle: -> 0 (\Device\HarddiskVolume3\Windows\System32\d3d11.dll)
234c.1b7c: supR3HardenedWinVerifyCacheInsert: \Device\HarddiskVolume3\Windows\System32\d3d11.dll
234c.1b7c: supR3HardenedWinVerifyCacheProcessImportTodos: Processing 'vcruntime140.dll'...
234c.1b7c: supR3HardenedWinVerifyCacheProcessImportTodos: 'vcruntime140.dll' -> '\Device\HarddiskVolume3\Windows\System32\vcruntime140.dll' [rcNtRedir=0xc0150008]
234c.1b7c: supR3HardenedWinVerifyCacheProcessImportTodos: Processing 'vcruntime140_1.dll'...
234c.1b7c: supR3HardenedWinVerifyCacheProcessImportTodos: 'vcruntime140_1.dll' -> '\Device\HarddiskVolume3\Windows\System32\vcruntime140_1.dll' [rcNtRedir=0xc0150008]
234c.1b7c: supR3HardenedScreenImage/Imports: cache hit (VINF_SUCCESS) on \Device\HarddiskVolume3\Windows\System32\vcruntime140_1.dll
234c.1b7c: supR3HardenedWinVerifyCacheProcessImportTodos: Processing 'msvcp140_1.dll'...
234c.1b7c: supR3HardenedWinVerifyCacheProcessImportTodos: 'msvcp140_1.dll' -> '\Device\HarddiskVolume3\Windows\System32\msvcp140_1.dll' [rcNtRedir=0xc0150008]
234c.1b7c: supR3HardenedScreenImage/Imports: cache hit (VINF_SUCCESS) on \Device\HarddiskVolume3\Windows\System32\msvcp140_1.dll [lacks WinVerifyTrust]
234c.1b7c: supR3HardenedWinVerifyCacheProcessImportTodos: Processing 'msvcp140.dll'...
234c.1b7c: supR3HardenedWinVerifyCacheProcessImportTodos: 'msvcp140.dll' -> '\Device\HarddiskVolume3\Windows\System32\msvcp140.dll' [rcNtRedir=0xc0150008]
234c.1b7c: supR3HardenedScreenImage/Imports: cache hit (VINF_SUCCESS) on \Device\HarddiskVolume3\Windows\System32\msvcp140.dll
234c.1b7c: supR3HardenedWinVerifyCacheProcessImportTodos: Processing 'ws2_32.dll'...
234c.1b7c: supR3HardenedWinVerifyCacheProcessImportTodos: 'ws2_32.dll' -> '\Device\HarddiskVolume3\Windows\System32\ws2_32.dll' [rcNtRedir=0xc0150008]
234c.1b7c: supR3HardenedScreenImage/Imports: cache hit (VINF_SUCCESS) on \Device\HarddiskVolume3\Windows\System32\ws2_32.dll
234c.1b7c: supR3HardenedWinVerifyCacheProcessImportTodos: Processing 'winmm.dll'...
234c.1b7c: supR3HardenedWinVerifyCacheProcessImportTodos: 'winmm.dll' -> '\Device\HarddiskVolume3\Windows\System32\winmm.dll' [rcNtRedir=0xc0150008]
234c.1b7c: supR3HardenedScreenImage/Imports: cache hit (VINF_SUCCESS) on \Device\HarddiskVolume3\Windows\System32\winmm.dll
234c.1b7c: supR3HardenedWinVerifyCacheProcessImportTodos: Processing 'version.dll'...
234c.1b7c: supR3HardenedWinVerifyCacheProcessImportTodos: 'version.dll' -> '\Device\HarddiskVolume3\Windows\System32\version.dll' [rcNtRedir=0xc0150008]
234c.1b7c: Detected WinVerifyTrust recursion: rc=VINF_SUCCESS '\Device\HarddiskVolume3\Windows\System32\version.dll'.
234c.1b7c: supR3HardenedWinVerifyCacheScheduleImports: Import todo: #0 'msvcrt.dll'.
234c.1b7c: supHardenedWinVerifyImageByHandle: -> 0 (\Device\HarddiskVolume3\Windows\System32\version.dll)
234c.1b7c: supR3HardenedWinVerifyCacheInsert: \Device\HarddiskVolume3\Windows\System32\version.dll
234c.1b7c: supR3HardenedWinVerifyCacheProcessImportTodos: Processing 'user32.dll'...
234c.1b7c: supR3HardenedWinVerifyCacheProcessImportTodos: 'user32.dll' -> '\Device\HarddiskVolume3\Windows\System32\user32.dll' [rcNtRedir=0xc0150008]
234c.1b7c: supR3HardenedScreenImage/Imports: cache hit (VINF_SUCCESS) on \Device\HarddiskVolume3\Windows\System32\user32.dll [lacks WinVerifyTrust]
234c.1b7c: supR3HardenedWinVerifyCacheProcessImportTodos: Processing 'shell32.dll'...
234c.1b7c: supR3HardenedWinVerifyCacheProcessImportTodos: 'shell32.dll' -> '\Device\HarddiskVolume3\Windows\System32\shell32.dll' [rcNtRedir=0xc0150008]
234c.1b7c: supR3HardenedScreenImage/Imports: cache hit (VINF_SUCCESS) on \Device\HarddiskVolume3\Windows\System32\shell32.dll [lacks WinVerifyTrust]
234c.1b7c: supR3HardenedWinVerifyCacheProcessImportTodos: Processing 'ole32.dll'...
234c.1b7c: supR3HardenedWinVerifyCacheProcessImportTodos: 'ole32.dll' -> '\Device\HarddiskVolume3\Windows\System32\ole32.dll' [rcNtRedir=0xc0150008]
234c.1b7c: supR3HardenedScreenImage/Imports: cache hit (VINF_SUCCESS) on \Device\HarddiskVolume3\Windows\System32\ole32.dll
234c.1b7c: supR3HardenedWinVerifyCacheProcessImportTodos: Processing 'netapi32.dll'...
234c.1b7c: supR3HardenedWinVerifyCacheProcessImportTodos: 'netapi32.dll' -> '\Device\HarddiskVolume3\Windows\System32\netapi32.dll' [rcNtRedir=0xc0150008]
234c.1b7c: Detected WinVerifyTrust recursion: rc=VINF_SUCCESS '\Device\HarddiskVolume3\Windows\System32\netapi32.dll'.
234c.1b7c: supR3HardenedWinVerifyCacheScheduleImports: Import todo: #0 'msvcrt.dll'.
234c.1b7c: supHardenedWinVerifyImageByHandle: -> 0 (\Device\HarddiskVolume3\Windows\System32\netapi32.dll)
234c.1b7c: supR3HardenedWinVerifyCacheInsert: \Device\HarddiskVolume3\Windows\System32\netapi32.dll
234c.1b7c: supR3HardenedWinVerifyCacheProcessImportTodos: Processing 'authz.dll'...
234c.1b7c: supR3HardenedWinVerifyCacheProcessImportTodos: 'authz.dll' -> '\Device\HarddiskVolume3\Windows\System32\authz.dll' [rcNtRedir=0xc0150008]
234c.1b7c: Detected WinVerifyTrust recursion: rc=22900 '\Device\HarddiskVolume3\Windows\System32\authz.dll'.
234c.1b7c: supHardenedWinVerifyImageByHandle: -> 22900 (\Device\HarddiskVolume3\Windows\System32\authz.dll)
234c.1b7c: supR3HardenedWinVerifyCacheInsert: \Device\HarddiskVolume3\Windows\System32\authz.dll
234c.1b7c: supR3HardenedWinVerifyCacheProcessImportTodos: Processing 'advapi32.dll'...
234c.1b7c: supR3HardenedWinVerifyCacheProcessImportTodos: 'advapi32.dll' -> '\Device\HarddiskVolume3\Windows\System32\advapi32.dll' [rcNtRedir=0xc0150008]
234c.1b7c: supR3HardenedScreenImage/Imports: cache hit (VINF_SUCCESS) on \Device\HarddiskVolume3\Windows\System32\advapi32.dll
234c.1b7c: supR3HardenedWinVerifyCacheProcessImportTodos: Processing 'userenv.dll'...
234c.1b7c: supR3HardenedWinVerifyCacheProcessImportTodos: 'userenv.dll' -> '\Device\HarddiskVolume3\Windows\System32\userenv.dll' [rcNtRedir=0xc0150008]
234c.1b7c: Detected WinVerifyTrust recursion: rc=VINF_SUCCESS '\Device\HarddiskVolume3\Windows\System32\userenv.dll'.
234c.1b7c: supR3HardenedWinVerifyCacheScheduleImports: Import todo: #15 'rpcrt4.dll'.
234c.1b7c: supHardenedWinVerifyImageByHandle: -> 0 (\Device\HarddiskVolume3\Windows\System32\userenv.dll)
234c.1b7c: supR3HardenedWinVerifyCacheInsert: \Device\HarddiskVolume3\Windows\System32\userenv.dll
234c.1b7c: supR3HardenedWinVerifyCacheProcessImportTodos: Processing 'mpr.dll'...
234c.1b7c: supR3HardenedWinVerifyCacheProcessImportTodos: 'mpr.dll' -> '\Device\HarddiskVolume3\Windows\System32\mpr.dll' [rcNtRedir=0xc0150008]
234c.1b7c: supR3HardenedScreenImage/Imports: cache hit (VINF_SUCCESS) on \Device\HarddiskVolume3\Windows\System32\mpr.dll
234c.1b7c: supR3HardenedWinVerifyCacheProcessImportTodos: Processing 'vcruntime140.dll'...
234c.1b7c: supR3HardenedWinVerifyCacheProcessImportTodos: 'vcruntime140.dll' -> '\Device\HarddiskVolume3\Windows\System32\vcruntime140.dll' [rcNtRedir=0xc0150008]
234c.1b7c: supR3HardenedWinVerifyCacheProcessImportTodos: Processing 'msvcp140.dll'...
234c.1b7c: supR3HardenedWinVerifyCacheProcessImportTodos: 'msvcp140.dll' -> '\Device\HarddiskVolume3\Windows\System32\msvcp140.dll' [rcNtRedir=0xc0150008]
234c.1b7c: supR3HardenedScreenImage/Imports: cache hit (VINF_SUCCESS) on \Device\HarddiskVolume3\Windows\System32\msvcp140.dll
234c.1b7c: supR3HardenedWinVerifyCacheProcessImportTodos: Processing 'rpcrt4.dll'...
234c.1b7c: supR3HardenedWinVerifyCacheProcessImportTodos: 'rpcrt4.dll' -> '\Device\HarddiskVolume3\Windows\System32\rpcrt4.dll' [rcNtRedir=0xc0150008]
234c.1b7c: supR3HardenedWinVerifyCacheProcessImportTodos: Processing 'msvcrt.dll'...
234c.1b7c: supR3HardenedWinVerifyCacheProcessImportTodos: 'msvcrt.dll' -> '\Device\HarddiskVolume3\Windows\System32\msvcrt.dll' [rcNtRedir=0xc0150008]
234c.1b7c: supR3HardenedScreenImage/Imports: cache hit (VINF_SUCCESS) on \Device\HarddiskVolume3\Windows\System32\msvcrt.dll
234c.1b7c: supR3HardenedWinVerifyCacheProcessImportTodos: Processing 'msvcrt.dll'...
234c.1b7c: supR3HardenedWinVerifyCacheProcessImportTodos: 'msvcrt.dll' -> '\Device\HarddiskVolume3\Windows\System32\msvcrt.dll' [rcNtRedir=0xc0150008]
234c.1b7c: supR3HardenedScreenImage/Imports: cache hit (VINF_SUCCESS) on \Device\HarddiskVolume3\Windows\System32\msvcrt.dll
234c.1b7c: supR3HardenedWinVerifyCacheProcessImportTodos: Processing 'win32u.dll'...
234c.1b7c: supR3HardenedWinVerifyCacheProcessImportTodos: 'win32u.dll' -> '\Device\HarddiskVolume3\Windows\System32\win32u.dll' [rcNtRedir=0xc0150008]
234c.1b7c: supR3HardenedScreenImage/Imports: cache hit (VINF_SUCCESS) on \Device\HarddiskVolume3\Windows\System32\win32u.dll [lacks WinVerifyTrust]
234c.1b7c: supR3HardenedWinVerifyCacheProcessImportTodos: Processing 'dxgi.dll'...
234c.1b7c: supR3HardenedWinVerifyCacheProcessImportTodos: 'dxgi.dll' -> '\Device\HarddiskVolume3\Windows\System32\dxgi.dll' [rcNtRedir=0xc0150008]
234c.1b7c: supR3HardenedScreenImage/Imports: cache hit (VINF_SUCCESS) on \Device\HarddiskVolume3\Windows\System32\dxgi.dll [lacks WinVerifyTrust]
234c.1b7c: supR3HardenedWinVerifyCacheProcessImportTodos: Processing 'msvcp_win.dll'...
234c.1b7c: supR3HardenedWinVerifyCacheProcessImportTodos: 'msvcp_win.dll' -> '\Device\HarddiskVolume3\Windows\System32\msvcp_win.dll' [rcNtRedir=0xc0150008]
234c.1b7c: supR3HardenedScreenImage/Imports: cache hit (VINF_SUCCESS) on \Device\HarddiskVolume3\Windows\System32\msvcp_win.dll [lacks WinVerifyTrust]
234c.1b7c: supR3HardenedWinVerifyCacheProcessImportTodos: Processing 'win32u.dll'...
234c.1b7c: supR3HardenedWinVerifyCacheProcessImportTodos: 'win32u.dll' -> '\Device\HarddiskVolume3\Windows\System32\win32u.dll' [rcNtRedir=0xc0150008]
234c.1b7c: supR3HardenedScreenImage/Imports: cache hit (VINF_SUCCESS) on \Device\HarddiskVolume3\Windows\System32\win32u.dll [lacks WinVerifyTrust]
234c.1b7c: supR3HardenedWinVerifyCacheProcessImportTodos: Processing 'msvcp_win.dll'...
234c.1b7c: supR3HardenedWinVerifyCacheProcessImportTodos: 'msvcp_win.dll' -> '\Device\HarddiskVolume3\Windows\System32\msvcp_win.dll' [rcNtRedir=0xc0150008]
234c.1b7c: supR3HardenedScreenImage/Imports: cache hit (VINF_SUCCESS) on \Device\HarddiskVolume3\Windows\System32\msvcp_win.dll [lacks WinVerifyTrust]
234c.1b7c: supR3HardenedWinVerifyCacheProcessImportTodos: Processing 'msvcp_win.dll'...
234c.1b7c: supR3HardenedWinVerifyCacheProcessImportTodos: 'msvcp_win.dll' -> '\Device\HarddiskVolume3\Windows\System32\msvcp_win.dll' [rcNtRedir=0xc0150008]
234c.1b7c: supR3HardenedScreenImage/Imports: cache hit (VINF_SUCCESS) on \Device\HarddiskVolume3\Windows\System32\msvcp_win.dll [lacks WinVerifyTrust]
234c.1b7c: supR3HardenedWinVerifyCacheProcessImportTodos: Processing 'gdi32.dll'...
234c.1b7c: supR3HardenedWinVerifyCacheProcessImportTodos: 'gdi32.dll' -> '\Device\HarddiskVolume3\Windows\System32\gdi32.dll' [rcNtRedir=0xc0150008]
234c.1b7c: supR3HardenedScreenImage/Imports: cache hit (VINF_SUCCESS) on \Device\HarddiskVolume3\Windows\System32\gdi32.dll [lacks WinVerifyTrust]
234c.1b7c: supR3HardenedWinVerifyCacheProcessImportTodos: Processing 'user32.dll'...
234c.1b7c: supR3HardenedWinVerifyCacheProcessImportTodos: 'user32.dll' -> '\Device\HarddiskVolume3\Windows\System32\user32.dll' [rcNtRedir=0xc0150008]
234c.1b7c: supR3HardenedScreenImage/Imports: cache hit (VINF_SUCCESS) on \Device\HarddiskVolume3\Windows\System32\user32.dll [lacks WinVerifyTrust]
234c.1b7c: supR3HardenedWinVerifyCacheProcessImportTodos: Processing 'msvcp_win.dll'...
234c.1b7c: supR3HardenedWinVerifyCacheProcessImportTodos: 'msvcp_win.dll' -> '\Device\HarddiskVolume3\Windows\System32\msvcp_win.dll' [rcNtRedir=0xc0150008]
234c.1b7c: supR3HardenedScreenImage/Imports: cache hit (VINF_SUCCESS) on \Device\HarddiskVolume3\Windows\System32\msvcp_win.dll [lacks WinVerifyTrust]
234c.1b7c: supR3HardenedWinVerifyCacheProcessImportTodos: Processing 'rpcrt4.dll'...
234c.1b7c: supR3HardenedWinVerifyCacheProcessImportTodos: 'rpcrt4.dll' -> '\Device\HarddiskVolume3\Windows\System32\rpcrt4.dll' [rcNtRedir=0xc0150008]
234c.1b7c: supR3HardenedWinVerifyCacheProcessImportTodos: Processing 'msvcrt.dll'...
234c.1b7c: supR3HardenedWinVerifyCacheProcessImportTodos: 'msvcrt.dll' -> '\Device\HarddiskVolume3\Windows\System32\msvcrt.dll' [rcNtRedir=0xc0150008]
234c.1b7c: supR3HardenedScreenImage/Imports: cache hit (VINF_SUCCESS) on \Device\HarddiskVolume3\Windows\System32\msvcrt.dll
234c.1b7c: supR3HardenedWinVerifyCacheProcessImportTodos: Processing 'vcruntime140_1.dll'...
234c.1b7c: supR3HardenedWinVerifyCacheProcessImportTodos: 'vcruntime140_1.dll' -> '\Device\HarddiskVolume3\Windows\System32\vcruntime140_1.dll' [rcNtRedir=0xc0150008]
234c.1b7c: supR3HardenedScreenImage/Imports: cache hit (VINF_SUCCESS) on \Device\HarddiskVolume3\Windows\System32\vcruntime140_1.dll
234c.1b7c: supR3HardenedWinVerifyCacheProcessImportTodos: Processing 'vcruntime140.dll'...
234c.1b7c: supR3HardenedWinVerifyCacheProcessImportTodos: 'vcruntime140.dll' -> '\Device\HarddiskVolume3\Windows\System32\vcruntime140.dll' [rcNtRedir=0xc0150008]
234c.1b7c: supR3HardenedWinVerifyCacheProcessImportTodos: Processing 'msvcp140.dll'...
234c.1b7c: supR3HardenedWinVerifyCacheProcessImportTodos: 'msvcp140.dll' -> '\Device\HarddiskVolume3\Windows\System32\msvcp140.dll' [rcNtRedir=0xc0150008]
234c.1b7c: supR3HardenedScreenImage/Imports: cache hit (VINF_SUCCESS) on \Device\HarddiskVolume3\Windows\System32\msvcp140.dll
234c.1b7c: supR3HardenedMonitor_LdrLoadDll: returns rcNt=0x0 hMod=00007ffbab9d0000 'C:\Windows\system32\rsaenh.dll'
234c.1b7c: supR3HardenedMonitor_LdrLoadDll: returns rcNt=0x0 hMod=00007ffbaca60000 'C:\Windows\System32\crypt32.dll'
234c.1b7c: supR3HardenedWinVerifyCacheScheduleImports: Import todo: #0 'd3d11.dll'.
234c.1b7c: supR3HardenedWinVerifyCacheScheduleImports: Import todo: #1 'dxgi.dll'.
234c.1b7c: supR3HardenedWinVerifyCacheScheduleImports: Import todo: #2 'd3d12.dll'.
234c.1b7c: supR3HardenedWinVerifyCacheScheduleImports: Import todo: #3 'gdi32.dll'.
234c.1b7c: supR3HardenedWinVerifyCacheScheduleImports: Import todo: #4 'ole32.dll'.
234c.1b7c: supR3HardenedWinVerifyCacheScheduleImports: Import todo: #5 'shell32.dll'.
234c.1b7c: supR3HardenedWinVerifyCacheScheduleImports: Import todo: #6 'user32.dll'.
234c.1b7c: supR3HardenedWinVerifyCacheScheduleImports: Import todo: #7 'uxtheme.dll'.
234c.1b7c: supR3HardenedWinVerifyCacheScheduleImports: Import todo: #8 'dwrite.dll'.
234c.1b7c: supR3HardenedWinVerifyCacheScheduleImports: Import todo: #9 'qt6corevbox.dll'.
234c.1b7c: supR3HardenedWinVerifyCacheScheduleImports: Import todo: #11 'msvcp140.dll'.
234c.1b7c: supR3HardenedWinVerifyCacheScheduleImports: Import todo: #12 'msvcp140_1.dll'.
234c.1b7c: supR3HardenedWinVerifyCacheScheduleImports: Import todo: #13 'msvcp140_2.dll'.
234c.1b7c: supR3HardenedWinVerifyCacheScheduleImports: Import todo: #14 'vcruntime140.dll'.
234c.1b7c: supR3HardenedWinVerifyCacheScheduleImports: Import todo: #15 'vcruntime140_1.dll'.
234c.1b7c: supHardenedWinVerifyImageByHandle: -> 0 (\Device\HarddiskVolume3\Program Files\Oracle\VirtualBox\Qt6GuiVBox.dll) WinVerifyTrust
234c.1b7c: supR3HardenedWinVerifyCacheProcessImportTodos: Processing 'qt6corevbox.dll'...
234c.1b7c: supR3HardenedWinVerifyCacheProcessImportTodos: 'qt6corevbox.dll' -> '\Device\HarddiskVolume3\Program Files\Oracle\VirtualBox\qt6corevbox.dll' [rcNtRedir=0xc0150008]
234c.1b7c: supR3HardenedScreenImage/Imports: cache hit (VINF_SUCCESS) on \Device\HarddiskVolume3\Program Files\Oracle\VirtualBox\Qt6CoreVBox.dll [redoing WinVerifyTrust]
234c.1b7c: supR3HardenedWinVerifyCacheProcessImportTodos: Processing 'vcruntime140_1.dll'...
234c.1b7c: supR3HardenedWinVerifyCacheProcessImportTodos: 'vcruntime140_1.dll' -> '\Device\HarddiskVolume3\Windows\System32\vcruntime140_1.dll' [rcNtRedir=0xc0150008]
234c.1b7c: supR3HardenedScreenImage/Imports: cache hit (VINF_SUCCESS) on \Device\HarddiskVolume3\Windows\System32\vcruntime140_1.dll
234c.1b7c: supR3HardenedWinVerifyCacheProcessImportTodos: Processing 'vcruntime140.dll'...
234c.1b7c: supR3HardenedWinVerifyCacheProcessImportTodos: 'vcruntime140.dll' -> '\Device\HarddiskVolume3\Windows\System32\vcruntime140.dll' [rcNtRedir=0xc0150008]
234c.1b7c: supR3HardenedWinVerifyCacheProcessImportTodos: Processing 'msvcp140_2.dll'...
234c.1b7c: supR3HardenedWinVerifyCacheProcessImportTodos: 'msvcp140_2.dll' -> '\Device\HarddiskVolume3\Windows\System32\msvcp140_2.dll' [rcNtRedir=0xc0150008]
234c.1b7c: supR3HardenedScreenImage/Imports: cache hit (VINF_SUCCESS) on \Device\HarddiskVolume3\Windows\System32\msvcp140_2.dll [lacks WinVerifyTrust]
234c.1b7c: supR3HardenedWinVerifyCacheProcessImportTodos: Processing 'msvcp140_1.dll'...
234c.1b7c: supR3HardenedWinVerifyCacheProcessImportTodos: 'msvcp140_1.dll' -> '\Device\HarddiskVolume3\Windows\System32\msvcp140_1.dll' [rcNtRedir=0xc0150008]
234c.1b7c: supR3HardenedScreenImage/Imports: cache hit (VINF_SUCCESS) on \Device\HarddiskVolume3\Windows\System32\msvcp140_1.dll [lacks WinVerifyTrust]
234c.1b7c: supR3HardenedWinVerifyCacheProcessImportTodos: Processing 'msvcp140.dll'...
234c.1b7c: supR3HardenedWinVerifyCacheProcessImportTodos: 'msvcp140.dll' -> '\Device\HarddiskVolume3\Windows\System32\msvcp140.dll' [rcNtRedir=0xc0150008]
234c.1b7c: supR3HardenedWinVerifyCacheProcessImportTodos: Processing 'qt6corevbox.dll'...
234c.1b7c: supR3HardenedWinVerifyCacheProcessImportTodos: 'qt6corevbox.dll' -> '\Device\HarddiskVolume3\Program Files\Oracle\VirtualBox\qt6corevbox.dll' [rcNtRedir=0xc0150008]
234c.1b7c: supR3HardenedScreenImage/Imports: cache hit (VINF_SUCCESS) on \Device\HarddiskVolume3\Program Files\Oracle\VirtualBox\Qt6CoreVBox.dll [lacks WinVerifyTrust]
234c.1b7c: supR3HardenedWinVerifyCacheProcessImportTodos: Processing 'dwrite.dll'...
234c.1b7c: supR3HardenedWinVerifyCacheProcessImportTodos: 'dwrite.dll' -> '\Device\HarddiskVolume3\Windows\System32\dwrite.dll' [rcNtRedir=0xc0150008]
234c.1b7c: supR3HardenedScreenImage/Imports: cache hit (22900) on \Device\HarddiskVolume3\Windows\System32\DWrite.dll [lacks WinVerifyTrust]
234c.1b7c: supR3HardenedWinVerifyCacheProcessImportTodos: Processing 'uxtheme.dll'...
234c.1b7c: supR3HardenedWinVerifyCacheProcessImportTodos: 'uxtheme.dll' -> '\Device\HarddiskVolume3\Windows\System32\uxtheme.dll' [rcNtRedir=0xc0150008]
234c.1b7c: supR3HardenedScreenImage/Imports: cache hit (22900) on \Device\HarddiskVolume3\Windows\System32\uxtheme.dll [lacks WinVerifyTrust]
234c.1b7c: supR3HardenedWinVerifyCacheProcessImportTodos: Processing 'user32.dll'...
234c.1b7c: supR3HardenedWinVerifyCacheProcessImportTodos: 'user32.dll' -> '\Device\HarddiskVolume3\Windows\System32\user32.dll' [rcNtRedir=0xc0150008]
234c.1b7c: supR3HardenedScreenImage/Imports: cache hit (VINF_SUCCESS) on \Device\HarddiskVolume3\Windows\System32\user32.dll [lacks WinVerifyTrust]
234c.1b7c: supR3HardenedWinVerifyCacheProcessImportTodos: Processing 'shell32.dll'...
234c.1b7c: supR3HardenedWinVerifyCacheProcessImportTodos: 'shell32.dll' -> '\Device\HarddiskVolume3\Windows\System32\shell32.dll' [rcNtRedir=0xc0150008]
234c.1b7c: supR3HardenedScreenImage/Imports: cache hit (VINF_SUCCESS) on \Device\HarddiskVolume3\Windows\System32\shell32.dll [lacks WinVerifyTrust]
234c.1b7c: supR3HardenedWinVerifyCacheProcessImportTodos: Processing 'ole32.dll'...
234c.1b7c: supR3HardenedWinVerifyCacheProcessImportTodos: 'ole32.dll' -> '\Device\HarddiskVolume3\Windows\System32\ole32.dll' [rcNtRedir=0xc0150008]
234c.1b7c: supR3HardenedScreenImage/Imports: cache hit (VINF_SUCCESS) on \Device\HarddiskVolume3\Windows\System32\ole32.dll
234c.1b7c: supR3HardenedWinVerifyCacheProcessImportTodos: Processing 'gdi32.dll'...
234c.1b7c: supR3HardenedWinVerifyCacheProcessImportTodos: 'gdi32.dll' -> '\Device\HarddiskVolume3\Windows\System32\gdi32.dll' [rcNtRedir=0xc0150008]
234c.1b7c: supR3HardenedScreenImage/Imports: cache hit (VINF_SUCCESS) on \Device\HarddiskVolume3\Windows\System32\gdi32.dll [lacks WinVerifyTrust]
234c.1b7c: supR3HardenedWinVerifyCacheProcessImportTodos: Processing 'd3d12.dll'...
234c.1b7c: supR3HardenedWinVerifyCacheProcessImportTodos: 'd3d12.dll' -> '\Device\HarddiskVolume3\Windows\System32\d3d12.dll' [rcNtRedir=0xc0150008]
234c.1b7c: supR3HardenedScreenImage/Imports: cache hit (VINF_SUCCESS) on \Device\HarddiskVolume3\Windows\System32\D3D12.dll [lacks WinVerifyTrust]
234c.1b7c: supR3HardenedWinVerifyCacheProcessImportTodos: Processing 'dxgi.dll'...
234c.1b7c: supR3HardenedWinVerifyCacheProcessImportTodos: 'dxgi.dll' -> '\Device\HarddiskVolume3\Windows\System32\dxgi.dll' [rcNtRedir=0xc0150008]
234c.1b7c: supR3HardenedScreenImage/Imports: cache hit (VINF_SUCCESS) on \Device\HarddiskVolume3\Windows\System32\dxgi.dll [lacks WinVerifyTrust]
234c.1b7c: supR3HardenedWinVerifyCacheProcessImportTodos: Processing 'd3d11.dll'...
234c.1b7c: supR3HardenedWinVerifyCacheProcessImportTodos: 'd3d11.dll' -> '\Device\HarddiskVolume3\Windows\System32\d3d11.dll' [rcNtRedir=0xc0150008]
234c.1b7c: supR3HardenedScreenImage/Imports: cache hit (VINF_SUCCESS) on \Device\HarddiskVolume3\Windows\System32\d3d11.dll [lacks WinVerifyTrust]
234c.1b7c: supR3HardenedMonitor_LdrLoadDll: returns rcNt=0x0 hMod=00007ffbab9d0000 'C:\Windows\system32\rsaenh.dll'
234c.1b7c: supR3HardenedMonitor_LdrLoadDll: returns rcNt=0x0 hMod=00007ffbaca60000 'C:\Windows\System32\crypt32.dll'
234c.1b7c: supR3HardenedScreenImage/Imports: 0 (was 0) fWinVerifyTrust=1 for '\Device\HarddiskVolume3\Program Files\Oracle\VirtualBox\Qt6CoreVBox.dll'
234c.1b7c: supR3HardenedWinVerifyCacheProcessImportTodos: Processing 'uicommon.dll'...
234c.1b7c: supR3HardenedWinVerifyCacheProcessImportTodos: 'uicommon.dll' -> '\Device\HarddiskVolume3\Program Files\Oracle\VirtualBox\uicommon.dll' [rcNtRedir=0xc0150008]
234c.1b7c: supR3HardenedMonitor_LdrLoadDll: returns rcNt=0x0 hMod=00007ffbab9d0000 'C:\Windows\system32\rsaenh.dll'
234c.1b7c: supR3HardenedMonitor_LdrLoadDll: returns rcNt=0x0 hMod=00007ffbaca60000 'C:\Windows\System32\crypt32.dll'
234c.1b7c: supR3HardenedWinVerifyCacheScheduleImports: Import todo: #0 'qt6corevbox.dll'.
234c.1b7c: supR3HardenedWinVerifyCacheScheduleImports: Import todo: #1 'qt6guivbox.dll'.
234c.1b7c: supR3HardenedWinVerifyCacheScheduleImports: Import todo: #2 'qt6widgetsvbox.dll'.
234c.1b7c: supR3HardenedWinVerifyCacheScheduleImports: Import todo: #3 'qt6helpvbox.dll'.
234c.1b7c: supR3HardenedWinVerifyCacheScheduleImports: Import todo: #4 'qt6statemachinevbox.dll'.
234c.1b7c: supR3HardenedWinVerifyCacheScheduleImports: Import todo: #11 'user32.dll'.
234c.1b7c: supR3HardenedWinVerifyCacheScheduleImports: Import todo: #12 'ole32.dll'.
234c.1b7c: supR3HardenedWinVerifyCacheScheduleImports: Import todo: #13 'oleaut32.dll'.
234c.1b7c: supR3HardenedWinVerifyCacheScheduleImports: Import todo: #14 'vboxrt.dll'.
234c.1b7c: supR3HardenedWinVerifyCacheScheduleImports: Import todo: #15 'vcruntime140.dll'.
234c.1b7c: supR3HardenedWinVerifyCacheScheduleImports: Import todo: #16 'vcruntime140_1.dll'.
234c.1b7c: supR3HardenedWinVerifyCacheScheduleImports: Import todo: #17 'msvcp140.dll'.
234c.1b7c: supR3HardenedWinVerifyCacheScheduleImports: Import todo: #18 'advapi32.dll'.
234c.1b7c: supR3HardenedWinVerifyCacheScheduleImports: Import todo: #19 'rpcrt4.dll'.
234c.1b7c: supHardenedWinVerifyImageByHandle: -> 0 (\Device\HarddiskVolume3\Program Files\Oracle\VirtualBox\UICommon.dll) WinVerifyTrust
234c.1b7c: supR3HardenedWinVerifyCacheInsert: \Device\HarddiskVolume3\Program Files\Oracle\VirtualBox\UICommon.dll
234c.1b7c: supR3HardenedWinVerifyCacheProcessImportTodos: Processing 'rpcrt4.dll'...
234c.1b7c: supR3HardenedWinVerifyCacheProcessImportTodos: 'rpcrt4.dll' -> '\Device\HarddiskVolume3\Windows\System32\rpcrt4.dll' [rcNtRedir=0xc0150008]
234c.1b7c: supR3HardenedWinVerifyCacheProcessImportTodos: Processing 'advapi32.dll'...
234c.1b7c: supR3HardenedWinVerifyCacheProcessImportTodos: 'advapi32.dll' -> '\Device\HarddiskVolume3\Windows\System32\advapi32.dll' [rcNtRedir=0xc0150008]
234c.1b7c: supR3HardenedScreenImage/Imports: cache hit (VINF_SUCCESS) on \Device\HarddiskVolume3\Windows\System32\advapi32.dll
234c.1b7c: supR3HardenedWinVerifyCacheProcessImportTodos: Processing 'msvcp140.dll'...
234c.1b7c: supR3HardenedWinVerifyCacheProcessImportTodos: 'msvcp140.dll' -> '\Device\HarddiskVolume3\Windows\System32\msvcp140.dll' [rcNtRedir=0xc0150008]
234c.1b7c: supR3HardenedWinVerifyCacheProcessImportTodos: Processing 'vcruntime140_1.dll'...
234c.1b7c: supR3HardenedWinVerifyCacheProcessImportTodos: 'vcruntime140_1.dll' -> '\Device\HarddiskVolume3\Windows\System32\vcruntime140_1.dll' [rcNtRedir=0xc0150008]
234c.1b7c: supR3HardenedWinVerifyCacheProcessImportTodos: Processing 'vcruntime140.dll'...
234c.1b7c: supR3HardenedWinVerifyCacheProcessImportTodos: 'vcruntime140.dll' -> '\Device\HarddiskVolume3\Windows\System32\vcruntime140.dll' [rcNtRedir=0xc0150008]
234c.1b7c: supR3HardenedWinVerifyCacheProcessImportTodos: Processing 'vboxrt.dll'...
234c.1b7c: supR3HardenedWinVerifyCacheProcessImportTodos: 'vboxrt.dll' -> '\Device\HarddiskVolume3\Program Files\Oracle\VirtualBox\vboxrt.dll' [rcNtRedir=0xc0150008]
234c.1b7c: supR3HardenedWinVerifyCacheProcessImportTodos: Processing 'oleaut32.dll'...
234c.1b7c: supR3HardenedWinVerifyCacheProcessImportTodos: 'oleaut32.dll' -> '\Device\HarddiskVolume3\Windows\System32\oleaut32.dll' [rcNtRedir=0xc0150008]
234c.1b7c: supR3HardenedScreenImage/Imports: cache hit (VINF_SUCCESS) on \Device\HarddiskVolume3\Windows\System32\oleaut32.dll
234c.1b7c: supR3HardenedWinVerifyCacheProcessImportTodos: Processing 'ole32.dll'...
234c.1b7c: supR3HardenedWinVerifyCacheProcessImportTodos: 'ole32.dll' -> '\Device\HarddiskVolume3\Windows\System32\ole32.dll' [rcNtRedir=0xc0150008]
234c.1b7c: supR3HardenedScreenImage/Imports: cache hit (VINF_SUCCESS) on \Device\HarddiskVolume3\Windows\System32\ole32.dll
234c.1b7c: supR3HardenedWinVerifyCacheProcessImportTodos: Processing 'user32.dll'...
234c.1b7c: supR3HardenedWinVerifyCacheProcessImportTodos: 'user32.dll' -> '\Device\HarddiskVolume3\Windows\System32\user32.dll' [rcNtRedir=0xc0150008]
234c.1b7c: supR3HardenedScreenImage/Imports: cache hit (VINF_SUCCESS) on \Device\HarddiskVolume3\Windows\System32\user32.dll [redoing WinVerifyTrust]
234c.1b7c: supR3HardenedMonitor_LdrLoadDll: returns rcNt=0x0 hMod=00007ffbab9d0000 'C:\Windows\system32\rsaenh.dll'
234c.1b7c: supR3HardenedMonitor_LdrLoadDll: returns rcNt=0x0 hMod=00007ffbaca60000 'C:\Windows\System32\crypt32.dll'
234c.1b7c: supR3HardenedScreenImage/Imports: 0 (was 0) fWinVerifyTrust=1 for '\Device\HarddiskVolume3\Windows\System32\user32.dll'
234c.1b7c: supR3HardenedWinVerifyCacheProcessImportTodos: Processing 'qt6statemachinevbox.dll'...
234c.1b7c: supR3HardenedWinVerifyCacheProcessImportTodos: 'qt6statemachinevbox.dll' -> '\Device\HarddiskVolume3\Program Files\Oracle\VirtualBox\qt6statemachinevbox.dll' [rcNtRedir=0xc0150008]
234c.1b7c: supR3HardenedMonitor_LdrLoadDll: returns rcNt=0x0 hMod=00007ffbab9d0000 'C:\Windows\system32\rsaenh.dll'
234c.1b7c: supR3HardenedMonitor_LdrLoadDll: returns rcNt=0x0 hMod=00007ffbaca60000 'C:\Windows\System32\crypt32.dll'
234c.1b7c: supR3HardenedWinVerifyCacheScheduleImports: Import todo: #0 'qt6guivbox.dll'.
234c.1b7c: supR3HardenedWinVerifyCacheScheduleImports: Import todo: #1 'qt6corevbox.dll'.
234c.1b7c: supR3HardenedWinVerifyCacheScheduleImports: Import todo: #2 'vcruntime140.dll'.
234c.1b7c: supHardenedWinVerifyImageByHandle: -> 0 (\Device\HarddiskVolume3\Program Files\Oracle\VirtualBox\Qt6StateMachineVBox.dll) WinVerifyTrust
234c.1b7c: supR3HardenedWinVerifyCacheInsert: \Device\HarddiskVolume3\Program Files\Oracle\VirtualBox\Qt6StateMachineVBox.dll
234c.1b7c: supR3HardenedWinVerifyCacheProcessImportTodos: Processing 'qt6helpvbox.dll'...
234c.1b7c: supR3HardenedWinVerifyCacheProcessImportTodos: 'qt6helpvbox.dll' -> '\Device\HarddiskVolume3\Program Files\Oracle\VirtualBox\qt6helpvbox.dll' [rcNtRedir=0xc0150008]
234c.1b7c: supR3HardenedWinVerifyCacheProcessImportTodos: Processing 'vcruntime140.dll'...
234c.1b7c: supR3HardenedWinVerifyCacheProcessImportTodos: 'vcruntime140.dll' -> '\Device\HarddiskVolume3\Windows\System32\vcruntime140.dll' [rcNtRedir=0xc0150008]
234c.1b7c: supR3HardenedWinVerifyCacheProcessImportTodos: Processing 'qt6corevbox.dll'...
234c.1b7c: supR3HardenedWinVerifyCacheProcessImportTodos: 'qt6corevbox.dll' -> '\Device\HarddiskVolume3\Program Files\Oracle\VirtualBox\qt6corevbox.dll' [rcNtRedir=0xc0150008]
234c.1b7c: supR3HardenedScreenImage/Imports: cache hit (VINF_SUCCESS) on \Device\HarddiskVolume3\Program Files\Oracle\VirtualBox\Qt6CoreVBox.dll
234c.1b7c: supR3HardenedWinVerifyCacheProcessImportTodos: Processing 'qt6guivbox.dll'...
234c.1b7c: supR3HardenedWinVerifyCacheProcessImportTodos: 'qt6guivbox.dll' -> '\Device\HarddiskVolume3\Program Files\Oracle\VirtualBox\qt6guivbox.dll' [rcNtRedir=0xc0150008]
234c.1b7c: supR3HardenedScreenImage/Imports: cache hit (VINF_SUCCESS) on \Device\HarddiskVolume3\Program Files\Oracle\VirtualBox\Qt6GuiVBox.dll [lacks WinVerifyTrust]
234c.1b7c: supR3HardenedMonitor_LdrLoadDll: returns rcNt=0x0 hMod=00007ffbab9d0000 'C:\Windows\system32\rsaenh.dll'
234c.1b7c: supR3HardenedMonitor_LdrLoadDll: returns rcNt=0x0 hMod=00007ffbaca60000 'C:\Windows\System32\crypt32.dll'
234c.1b7c: supR3HardenedWinVerifyCacheScheduleImports: Import todo: #0 'qt6sqlvbox.dll'.
234c.1b7c: supR3HardenedWinVerifyCacheScheduleImports: Import todo: #1 'qt6widgetsvbox.dll'.
234c.1b7c: supR3HardenedWinVerifyCacheScheduleImports: Import todo: #2 'qt6guivbox.dll'.
234c.1b7c: supR3HardenedWinVerifyCacheScheduleImports: Import todo: #3 'qt6corevbox.dll'.
234c.1b7c: supR3HardenedWinVerifyCacheScheduleImports: Import todo: #4 'msvcp140.dll'.
234c.1b7c: supR3HardenedWinVerifyCacheScheduleImports: Import todo: #5 'vcruntime140.dll'.
234c.1b7c: supR3HardenedWinVerifyCacheScheduleImports: Import todo: #6 'vcruntime140_1.dll'.
234c.1b7c: supHardenedWinVerifyImageByHandle: -> 0 (\Device\HarddiskVolume3\Program Files\Oracle\VirtualBox\Qt6HelpVBox.dll) WinVerifyTrust
234c.1b7c: supR3HardenedWinVerifyCacheInsert: \Device\HarddiskVolume3\Program Files\Oracle\VirtualBox\Qt6HelpVBox.dll
234c.1b7c: supR3HardenedWinVerifyCacheProcessImportTodos: Processing 'qt6widgetsvbox.dll'...
234c.1b7c: supR3HardenedWinVerifyCacheProcessImportTodos: 'qt6widgetsvbox.dll' -> '\Device\HarddiskVolume3\Program Files\Oracle\VirtualBox\qt6widgetsvbox.dll' [rcNtRedir=0xc0150008]
234c.1b7c: supR3HardenedScreenImage/Imports: cache hit (VINF_SUCCESS) on \Device\HarddiskVolume3\Program Files\Oracle\VirtualBox\Qt6WidgetsVBox.dll
234c.1b7c: supR3HardenedWinVerifyCacheProcessImportTodos: Processing 'qt6guivbox.dll'...
234c.1b7c: supR3HardenedWinVerifyCacheProcessImportTodos: 'qt6guivbox.dll' -> '\Device\HarddiskVolume3\Program Files\Oracle\VirtualBox\qt6guivbox.dll' [rcNtRedir=0xc0150008]
234c.1b7c: supR3HardenedScreenImage/Imports: cache hit (VINF_SUCCESS) on \Device\HarddiskVolume3\Program Files\Oracle\VirtualBox\Qt6GuiVBox.dll [redoing WinVerifyTrust]
234c.1b7c: supR3HardenedWinVerifyCacheProcessImportTodos: Processing 'vcruntime140_1.dll'...
234c.1b7c: supR3HardenedWinVerifyCacheProcessImportTodos: 'vcruntime140_1.dll' -> '\Device\HarddiskVolume3\Windows\System32\vcruntime140_1.dll' [rcNtRedir=0xc0150008]
234c.1b7c: supR3HardenedWinVerifyCacheProcessImportTodos: Processing 'vcruntime140.dll'...
234c.1b7c: supR3HardenedWinVerifyCacheProcessImportTodos: 'vcruntime140.dll' -> '\Device\HarddiskVolume3\Windows\System32\vcruntime140.dll' [rcNtRedir=0xc0150008]
234c.1b7c: supR3HardenedWinVerifyCacheProcessImportTodos: Processing 'msvcp140.dll'...
234c.1b7c: supR3HardenedWinVerifyCacheProcessImportTodos: 'msvcp140.dll' -> '\Device\HarddiskVolume3\Windows\System32\msvcp140.dll' [rcNtRedir=0xc0150008]
234c.1b7c: supR3HardenedWinVerifyCacheProcessImportTodos: Processing 'qt6corevbox.dll'...
234c.1b7c: supR3HardenedWinVerifyCacheProcessImportTodos: 'qt6corevbox.dll' -> '\Device\HarddiskVolume3\Program Files\Oracle\VirtualBox\qt6corevbox.dll' [rcNtRedir=0xc0150008]
234c.1b7c: supR3HardenedScreenImage/Imports: cache hit (VINF_SUCCESS) on \Device\HarddiskVolume3\Program Files\Oracle\VirtualBox\Qt6CoreVBox.dll
234c.1b7c: supR3HardenedWinVerifyCacheProcessImportTodos: Processing 'qt6guivbox.dll'...
234c.1b7c: supR3HardenedWinVerifyCacheProcessImportTodos: 'qt6guivbox.dll' -> '\Device\HarddiskVolume3\Program Files\Oracle\VirtualBox\qt6guivbox.dll' [rcNtRedir=0xc0150008]
234c.1b7c: supR3HardenedScreenImage/Imports: cache hit (VINF_SUCCESS) on \Device\HarddiskVolume3\Program Files\Oracle\VirtualBox\Qt6GuiVBox.dll [lacks WinVerifyTrust]
234c.1b7c: supR3HardenedWinVerifyCacheProcessImportTodos: Processing 'qt6widgetsvbox.dll'...
234c.1b7c: supR3HardenedWinVerifyCacheProcessImportTodos: 'qt6widgetsvbox.dll' -> '\Device\HarddiskVolume3\Program Files\Oracle\VirtualBox\qt6widgetsvbox.dll' [rcNtRedir=0xc0150008]
234c.1b7c: supR3HardenedScreenImage/Imports: cache hit (VINF_SUCCESS) on \Device\HarddiskVolume3\Program Files\Oracle\VirtualBox\Qt6WidgetsVBox.dll
234c.1b7c: supR3HardenedWinVerifyCacheProcessImportTodos: Processing 'qt6sqlvbox.dll'...
234c.1b7c: supR3HardenedWinVerifyCacheProcessImportTodos: 'qt6sqlvbox.dll' -> '\Device\HarddiskVolume3\Program Files\Oracle\VirtualBox\qt6sqlvbox.dll' [rcNtRedir=0xc0150008]
234c.1b7c: Detected WinVerifyTrust recursion: rc=VINF_SUCCESS '\Device\HarddiskVolume3\Program Files\Oracle\VirtualBox\Qt6SqlVBox.dll'.
234c.1b7c: supR3HardenedWinVerifyCacheScheduleImports: Import todo: #0 'qt6corevbox.dll'.
234c.1b7c: supR3HardenedWinVerifyCacheScheduleImports: Import todo: #1 'msvcp140.dll'.
234c.1b7c: supR3HardenedWinVerifyCacheScheduleImports: Import todo: #2 'vcruntime140.dll'.
234c.1b7c: supR3HardenedWinVerifyCacheScheduleImports: Import todo: #3 'vcruntime140_1.dll'.
234c.1b7c: supHardenedWinVerifyImageByHandle: -> 0 (\Device\HarddiskVolume3\Program Files\Oracle\VirtualBox\Qt6SqlVBox.dll)
234c.1b7c: supR3HardenedWinVerifyCacheInsert: \Device\HarddiskVolume3\Program Files\Oracle\VirtualBox\Qt6SqlVBox.dll
234c.1b7c: supR3HardenedWinVerifyCacheProcessImportTodos: Processing 'vcruntime140_1.dll'...
234c.1b7c: supR3HardenedWinVerifyCacheProcessImportTodos: 'vcruntime140_1.dll' -> '\Device\HarddiskVolume3\Windows\System32\vcruntime140_1.dll' [rcNtRedir=0xc0150008]
234c.1b7c: supR3HardenedWinVerifyCacheProcessImportTodos: Processing 'vcruntime140.dll'...
234c.1b7c: supR3HardenedWinVerifyCacheProcessImportTodos: 'vcruntime140.dll' -> '\Device\HarddiskVolume3\Windows\System32\vcruntime140.dll' [rcNtRedir=0xc0150008]
234c.1b7c: supR3HardenedScreenImage/Imports: cache hit (VINF_SUCCESS) on \Device\HarddiskVolume3\Windows\System32\vcruntime140.dll
234c.1b7c: supR3HardenedWinVerifyCacheProcessImportTodos: Processing 'msvcp140.dll'...
234c.1b7c: supR3HardenedWinVerifyCacheProcessImportTodos: 'msvcp140.dll' -> '\Device\HarddiskVolume3\Windows\System32\msvcp140.dll' [rcNtRedir=0xc0150008]
234c.1b7c: supR3HardenedWinVerifyCacheProcessImportTodos: Processing 'qt6corevbox.dll'...
234c.1b7c: supR3HardenedWinVerifyCacheProcessImportTodos: 'qt6corevbox.dll' -> '\Device\HarddiskVolume3\Program Files\Oracle\VirtualBox\qt6corevbox.dll' [rcNtRedir=0xc0150008]
234c.1b7c: supR3HardenedScreenImage/Imports: cache hit (VINF_SUCCESS) on \Device\HarddiskVolume3\Program Files\Oracle\VirtualBox\Qt6CoreVBox.dll
234c.1b7c: supR3HardenedMonitor_LdrLoadDll: returns rcNt=0x0 hMod=00007ffbab9d0000 'C:\Windows\system32\rsaenh.dll'
234c.1b7c: supR3HardenedMonitor_LdrLoadDll: returns rcNt=0x0 hMod=00007ffbaca60000 'C:\Windows\System32\crypt32.dll'
234c.1b7c: supR3HardenedScreenImage/Imports: 0 (was 0) fWinVerifyTrust=1 for '\Device\HarddiskVolume3\Program Files\Oracle\VirtualBox\Qt6GuiVBox.dll'
234c.1b7c: supR3HardenedWinVerifyCacheProcessImportTodos: Processing 'qt6corevbox.dll'...
234c.1b7c: supR3HardenedWinVerifyCacheProcessImportTodos: 'qt6corevbox.dll' -> '\Device\HarddiskVolume3\Program Files\Oracle\VirtualBox\qt6corevbox.dll' [rcNtRedir=0xc0150008]
234c.1b7c: supR3HardenedScreenImage/Imports: cache hit (VINF_SUCCESS) on \Device\HarddiskVolume3\Program Files\Oracle\VirtualBox\Qt6CoreVBox.dll
234c.1b7c: supR3HardenedMonitor_LdrLoadDll: pName=C:\Program Files\Oracle\VirtualBox\VirtualBoxVM.dll (rcNtResolve=0xc0150008) *pfFlags=0x0 pwszSearchPath=0000000000000a01:<flags> [calling]
234c.1b7c: supR3HardenedScreenImage/NtCreateSection: cache hit (VINF_SUCCESS) on \Device\HarddiskVolume3\Program Files\Oracle\VirtualBox\VirtualBoxVM.dll
234c.1b7c: supR3HardenedScreenImage/NtCreateSection: cache hit (VINF_SUCCESS) on \Device\HarddiskVolume3\Program Files\Oracle\VirtualBox\UICommon.dll
234c.1b7c: supR3HardenedScreenImage/NtCreateSection: cache hit (VINF_SUCCESS) on \Device\HarddiskVolume3\Program Files\Oracle\VirtualBox\Qt6CoreVBox.dll
234c.1b7c: supR3HardenedScreenImage/NtCreateSection: cache hit (VINF_SUCCESS) on \Device\HarddiskVolume3\Program Files\Oracle\VirtualBox\Qt6GuiVBox.dll
234c.1b7c: supR3HardenedScreenImage/NtCreateSection: cache hit (VINF_SUCCESS) on \Device\HarddiskVolume3\Program Files\Oracle\VirtualBox\Qt6WidgetsVBox.dll
234c.1b7c: supR3HardenedScreenImage/NtCreateSection: cache hit (VINF_SUCCESS) on \Device\HarddiskVolume3\Windows\System32\winmm.dll
234c.1b7c: supR3HardenedScreenImage/NtCreateSection: cache hit (VINF_SUCCESS) on \Device\HarddiskVolume3\Program Files\Oracle\VirtualBox\Qt6HelpVBox.dll
234c.1b7c: supR3HardenedScreenImage/NtCreateSection: cache hit (VINF_SUCCESS) on \Device\HarddiskVolume3\Program Files\Oracle\VirtualBox\Qt6StateMachineVBox.dll
234c.1b7c: supR3HardenedScreenImage/NtCreateSection: cache hit (VINF_SUCCESS) on \Device\HarddiskVolume3\Windows\System32\userenv.dll [avoiding WinVerifyTrust]
234c.1b7c: supR3HardenedScreenImage/NtCreateSection: cache hit (22900) on \Device\HarddiskVolume3\Windows\System32\authz.dll [avoiding WinVerifyTrust]
234c.1b7c: supR3HardenedScreenImage/NtCreateSection: cache hit (VINF_SUCCESS) on \Device\HarddiskVolume3\Windows\System32\netapi32.dll [avoiding WinVerifyTrust]
234c.1b7c: supR3HardenedScreenImage/NtCreateSection: cache hit (VINF_SUCCESS) on \Device\HarddiskVolume3\Windows\System32\version.dll [avoiding WinVerifyTrust]
234c.1b7c: supR3HardenedScreenImage/NtCreateSection: cache hit (VINF_SUCCESS) on \Device\HarddiskVolume3\Windows\System32\msvcp140_1.dll [avoiding WinVerifyTrust]
234c.1b7c: supR3HardenedScreenImage/NtCreateSection: cache hit (VINF_SUCCESS) on \Device\HarddiskVolume3\Windows\System32\d3d11.dll [avoiding WinVerifyTrust]
234c.1b7c: supR3HardenedScreenImage/NtCreateSection: cache hit (VINF_SUCCESS) on \Device\HarddiskVolume3\Windows\System32\dxgi.dll [avoiding WinVerifyTrust]
234c.1b7c: supR3HardenedScreenImage/NtCreateSection: cache hit (VINF_SUCCESS) on \Device\HarddiskVolume3\Windows\System32\D3D12.dll [avoiding WinVerifyTrust]
234c.1b7c: supR3HardenedScreenImage/NtCreateSection: cache hit (22900) on \Device\HarddiskVolume3\Windows\System32\uxtheme.dll [avoiding WinVerifyTrust]
234c.1b7c: supR3HardenedScreenImage/NtCreateSection: cache hit (22900) on \Device\HarddiskVolume3\Windows\System32\DWrite.dll [avoiding WinVerifyTrust]
234c.1b7c: supR3HardenedScreenImage/NtCreateSection: cache hit (VINF_SUCCESS) on \Device\HarddiskVolume3\Windows\System32\msvcp140_2.dll [avoiding WinVerifyTrust]
234c.1b7c: supR3HardenedScreenImage/NtCreateSection: cache hit (VINF_SUCCESS) on \Device\HarddiskVolume3\Windows\System32\dwmapi.dll [avoiding WinVerifyTrust]
234c.1b7c: supR3HardenedScreenImage/NtCreateSection: cache hit (VINF_SUCCESS) on \Device\HarddiskVolume3\Program Files\Oracle\VirtualBox\Qt6SqlVBox.dll [avoiding WinVerifyTrust]
234c.1b7c: supR3HardenedWinVerifyCacheScheduleImports: Import todo: #3 'rpcrt4.dll'.
234c.1b7c: supHardenedWinVerifyImageByHandle: -> 0 (\Device\HarddiskVolume3\Windows\System32\srvcli.dll)
234c.1b7c: supR3HardenedWinVerifyCacheInsert: \Device\HarddiskVolume3\Windows\System32\srvcli.dll
234c.1b7c: supHardenedWinVerifyImageByHandle: -> 0 (\Device\HarddiskVolume3\Windows\System32\netutils.dll)
234c.1b7c: supR3HardenedWinVerifyCacheInsert: \Device\HarddiskVolume3\Windows\System32\netutils.dll
234c.1b7c: supR3HardenedDllNotificationCallback: load   00007ffbabf70000 LB 0x00028000 C:\Windows\SYSTEM32\USERENV.dll [fFlags=0x0]
234c.1b7c: supR3HardenedScreenImage/LdrLoadDll: cache hit (VINF_SUCCESS) on \Device\HarddiskVolume3\Windows\System32\userenv.dll [avoiding WinVerifyTrust]
234c.1b7c: supR3HardenedDllNotificationCallback: load   00007ffbab660000 LB 0x0004e000 C:\Windows\SYSTEM32\AUTHZ.dll [fFlags=0x0]
234c.1b7c: supR3HardenedScreenImage/LdrLoadDll: cache hit (22900) on \Device\HarddiskVolume3\Windows\System32\authz.dll [avoiding WinVerifyTrust]
234c.1b7c: supR3HardenedDllNotificationCallback: load   00007ffb99040000 LB 0x00019000 C:\Windows\SYSTEM32\NETAPI32.dll [fFlags=0x0]
234c.1b7c: supR3HardenedScreenImage/LdrLoadDll: cache hit (VINF_SUCCESS) on \Device\HarddiskVolume3\Windows\System32\netapi32.dll [avoiding WinVerifyTrust]
234c.1b7c: supR3HardenedDllNotificationCallback: load   00007ffbad1d0000 LB 0x0009a000 C:\Windows\System32\msvcp_win.dll [fFlags=0x0]
234c.1b7c: supR3HardenedScreenImage/LdrLoadDll: cache hit (VINF_SUCCESS) on \Device\HarddiskVolume3\Windows\System32\msvcp_win.dll [avoiding WinVerifyTrust]
234c.1b7c: supR3HardenedDllNotificationCallback: load   00007ffbad450000 LB 0x00026000 C:\Windows\System32\win32u.dll [fFlags=0x0]
234c.1b7c: supR3HardenedScreenImage/LdrLoadDll: cache hit (VINF_SUCCESS) on \Device\HarddiskVolume3\Windows\System32\win32u.dll [avoiding WinVerifyTrust]
234c.1b7c: supR3HardenedDllNotificationCallback: load   00007ffbaef70000 LB 0x001af000 C:\Windows\System32\USER32.dll [fFlags=0x0]
234c.1b7c: supR3HardenedDllNotificationCallback: load   00007ffbad330000 LB 0x00118000 C:\Windows\System32\gdi32full.dll [fFlags=0x0]
234c.1b7c: supR3HardenedWinVerifyCacheScheduleImports: Import todo: #0 'msvcp_win.dll'.
234c.1b7c: supR3HardenedWinVerifyCacheScheduleImports: Import todo: #39 'gdi32.dll'.
234c.1b7c: supR3HardenedWinVerifyCacheScheduleImports: Import todo: #42 'user32.dll'.
234c.1b7c: supR3HardenedWinVerifyCacheScheduleImports: Import todo: #43 'win32u.dll'.
234c.1b7c: supHardenedWinVerifyImageByHandle: -> 0 (\Device\HarddiskVolume3\Windows\System32\gdi32full.dll)
234c.1b7c: supR3HardenedWinVerifyCacheInsert: \Device\HarddiskVolume3\Windows\System32\gdi32full.dll
234c.1b7c: supR3HardenedDllNotificationCallback: load   00007ffbae3f0000 LB 0x00029000 C:\Windows\System32\GDI32.dll [fFlags=0x0]
234c.1b7c: supR3HardenedScreenImage/LdrLoadDll: cache hit (VINF_SUCCESS) on \Device\HarddiskVolume3\Windows\System32\gdi32.dll [avoiding WinVerifyTrust]
234c.1b7c: supR3HardenedDllNotificationCallback: load   00007ffbae060000 LB 0x0038e000 C:\Windows\System32\combase.dll [fFlags=0x0]
234c.1b7c: supR3HardenedScreenImage/LdrLoadDll: cache hit (VINF_SUCCESS) on \Device\HarddiskVolume3\Windows\System32\combase.dll [avoiding WinVerifyTrust]
234c.1b7c: supR3HardenedDllNotificationCallback: load   00007ffbaf560000 LB 0x001a5000 C:\Windows\System32\ole32.dll [fFlags=0x0]
234c.1b7c: supR3HardenedScreenImage/LdrLoadDll: cache hit (VINF_SUCCESS) on \Device\HarddiskVolume3\Windows\System32\ole32.dll
234c.1b7c: supR3HardenedDllNotificationCallback: load   00007ffbae700000 LB 0x00869000 C:\Windows\System32\SHELL32.dll [fFlags=0x0]
234c.1b7c: supR3HardenedScreenImage/LdrLoadDll: cache hit (VINF_SUCCESS) on \Device\HarddiskVolume3\Windows\System32\shell32.dll [avoiding WinVerifyTrust]
234c.1b7c: supR3HardenedDllNotificationCallback: load   00007ffba66c0000 LB 0x0000a000 C:\Windows\SYSTEM32\VERSION.dll [fFlags=0x0]
234c.1b7c: supR3HardenedScreenImage/LdrLoadDll: cache hit (VINF_SUCCESS) on \Device\HarddiskVolume3\Windows\System32\version.dll [avoiding WinVerifyTrust]
234c.1b7c: supR3HardenedDllNotificationCallback: load   00007ffba6b10000 LB 0x00034000 C:\Windows\SYSTEM32\WINMM.dll [fFlags=0x0]
234c.1b7c: supR3HardenedScreenImage/LdrLoadDll: cache hit (VINF_SUCCESS) on \Device\HarddiskVolume3\Windows\System32\winmm.dll
234c.1b7c: supR3HardenedDllNotificationCallback: load   00007ffb8d390000 LB 0x00009000 C:\Windows\SYSTEM32\MSVCP140_1.dll [fFlags=0x0]
234c.1b7c: supR3HardenedScreenImage/LdrLoadDll: cache hit (VINF_SUCCESS) on \Device\HarddiskVolume3\Windows\System32\msvcp140_1.dll [avoiding WinVerifyTrust]
234c.1b7c: supR3HardenedDllNotificationCallback: load   00007ffb945d0000 LB 0x00028000 C:\Windows\SYSTEM32\SRVCLI.DLL [fFlags=0x0]
234c.1b7c: supR3HardenedScreenImage/LdrLoadDll: cache hit (VINF_SUCCESS) on \Device\HarddiskVolume3\Windows\System32\srvcli.dll [avoiding WinVerifyTrust]
234c.1b7c: supR3HardenedDllNotificationCallback: load   00007ffbab4d0000 LB 0x0000c000 C:\Windows\SYSTEM32\NETUTILS.DLL [fFlags=0x0]
234c.1b7c: supR3HardenedScreenImage/LdrLoadDll: cache hit (VINF_SUCCESS) on \Device\HarddiskVolume3\Windows\System32\netutils.dll [avoiding WinVerifyTrust]
234c.1b7c: supR3HardenedDllNotificationCallback: load   00007ffb552b0000 LB 0x005c3000 C:\Program Files\Oracle\VirtualBox\Qt6CoreVBox.dll [fFlags=0x0]
234c.1b7c: supR3HardenedDllNotificationCallback: load   00007ffba9ce0000 LB 0x000f7000 C:\Windows\SYSTEM32\dxgi.dll [fFlags=0x0]
234c.1b7c: supR3HardenedScreenImage/LdrLoadDll: cache hit (VINF_SUCCESS) on \Device\HarddiskVolume3\Windows\System32\dxgi.dll [avoiding WinVerifyTrust]
234c.1b7c: supR3HardenedDllNotificationCallback: load   00007ffba8000000 LB 0x00257000 C:\Windows\SYSTEM32\d3d11.dll [fFlags=0x0]
234c.1b7c: supR3HardenedScreenImage/LdrLoadDll: cache hit (VINF_SUCCESS) on \Device\HarddiskVolume3\Windows\System32\d3d11.dll [avoiding WinVerifyTrust]
234c.1b7c: supR3HardenedDllNotificationCallback: load   00007ffb7ad90000 LB 0x00026000 C:\Windows\SYSTEM32\d3d12.dll [fFlags=0x0]
234c.1b7c: supR3HardenedScreenImage/LdrLoadDll: cache hit (VINF_SUCCESS) on \Device\HarddiskVolume3\Windows\System32\D3D12.dll [avoiding WinVerifyTrust]
234c.1b7c: supR3HardenedDllNotificationCallback: load   00007ffba9bb0000 LB 0x000b1000 C:\Windows\SYSTEM32\UxTheme.dll [fFlags=0x0]
234c.1b7c: supR3HardenedScreenImage/LdrLoadDll: cache hit (22900) on \Device\HarddiskVolume3\Windows\System32\uxtheme.dll [avoiding WinVerifyTrust]
234c.1b7c: supR3HardenedDllNotificationCallback: load   00007ffba7d80000 LB 0x00273000 C:\Windows\SYSTEM32\DWrite.dll [fFlags=0x0]
234c.1b7c: supR3HardenedScreenImage/LdrLoadDll: cache hit (22900) on \Device\HarddiskVolume3\Windows\System32\DWrite.dll [avoiding WinVerifyTrust]
234c.1b7c: supR3HardenedDllNotificationCallback: load   00007ffb78820000 LB 0x00041000 C:\Windows\SYSTEM32\MSVCP140_2.dll [fFlags=0x0]
234c.1b7c: supR3HardenedScreenImage/LdrLoadDll: cache hit (VINF_SUCCESS) on \Device\HarddiskVolume3\Windows\System32\msvcp140_2.dll [avoiding WinVerifyTrust]
234c.1b7c: supR3HardenedDllNotificationCallback: load   00007ffb2d9f0000 LB 0x0088e000 C:\Program Files\Oracle\VirtualBox\Qt6GuiVBox.dll [fFlags=0x0]
234c.1b7c: supR3HardenedScreenImage/LdrLoadDll: cache hit (VINF_SUCCESS) on \Device\HarddiskVolume3\Program Files\Oracle\VirtualBox\Qt6GuiVBox.dll
234c.1b7c: supR3HardenedDllNotificationCallback: load   00007ffba9df0000 LB 0x0002b000 C:\Windows\SYSTEM32\dwmapi.dll [fFlags=0x0]
234c.1b7c: supR3HardenedScreenImage/LdrLoadDll: cache hit (VINF_SUCCESS) on \Device\HarddiskVolume3\Windows\System32\dwmapi.dll [avoiding WinVerifyTrust]
234c.1b7c: supR3HardenedDllNotificationCallback: load   00007ffb2d3c0000 LB 0x0062a000 C:\Program Files\Oracle\VirtualBox\Qt6WidgetsVBox.dll [fFlags=0x0]
234c.1b7c: supR3HardenedScreenImage/LdrLoadDll: cache hit (VINF_SUCCESS) on \Device\HarddiskVolume3\Program Files\Oracle\VirtualBox\Qt6WidgetsVBox.dll
234c.1b7c: supR3HardenedDllNotificationCallback: load   00007ffb58720000 LB 0x0004d000 C:\Program Files\Oracle\VirtualBox\Qt6SqlVBox.dll [fFlags=0x0]
234c.1b7c: supR3HardenedScreenImage/LdrLoadDll: cache hit (VINF_SUCCESS) on \Device\HarddiskVolume3\Program Files\Oracle\VirtualBox\Qt6SqlVBox.dll [avoiding WinVerifyTrust]
234c.1b7c: supR3HardenedDllNotificationCallback: load   00007ffb598d0000 LB 0x00092000 C:\Program Files\Oracle\VirtualBox\Qt6HelpVBox.dll [fFlags=0x0]
234c.1b7c: supR3HardenedScreenImage/LdrLoadDll: cache hit (VINF_SUCCESS) on \Device\HarddiskVolume3\Program Files\Oracle\VirtualBox\Qt6HelpVBox.dll
234c.1b7c: supR3HardenedDllNotificationCallback: load   00007ffb62690000 LB 0x00055000 C:\Program Files\Oracle\VirtualBox\Qt6StateMachineVBox.dll [fFlags=0x0]
234c.1b7c: supR3HardenedScreenImage/LdrLoadDll: cache hit (VINF_SUCCESS) on \Device\HarddiskVolume3\Program Files\Oracle\VirtualBox\Qt6StateMachineVBox.dll
234c.1b7c: supR3HardenedDllNotificationCallback: load   00007ffbae590000 LB 0x000d7000 C:\Windows\System32\OLEAUT32.dll [fFlags=0x0]
234c.1b7c: supR3HardenedScreenImage/LdrLoadDll: cache hit (VINF_SUCCESS) on \Device\HarddiskVolume3\Windows\System32\oleaut32.dll
234c.1b7c: supR3HardenedDllNotificationCallback: load   00007ffb07190000 LB 0x01b58000 C:\Program Files\Oracle\VirtualBox\UICommon.dll [fFlags=0x0]
234c.1b7c: supR3HardenedScreenImage/LdrLoadDll: cache hit (VINF_SUCCESS) on \Device\HarddiskVolume3\Program Files\Oracle\VirtualBox\UICommon.dll
234c.1b7c: supR3HardenedDllNotificationCallback: load   00007ffb78a60000 LB 0x0014e000 C:\Program Files\Oracle\VirtualBox\VirtualBoxVM.dll [fFlags=0x0]
234c.1b7c: supR3HardenedScreenImage/LdrLoadDll: cache hit (VINF_SUCCESS) on \Device\HarddiskVolume3\Program Files\Oracle\VirtualBox\VirtualBoxVM.dll
234c.1b7c: supR3HardenedWinVerifyCacheScheduleImports: Import todo: #26 'win32u.dll'.
234c.1b7c: supHardenedWinVerifyImageByHandle: -> 0 (\Device\HarddiskVolume3\Windows\System32\imm32.dll)
234c.1b7c: supR3HardenedWinVerifyCacheInsert: \Device\HarddiskVolume3\Windows\System32\imm32.dll
234c.1b7c: supR3HardenedMonitor_NtCreateSection: NtMapViewOfSection failed on 0000000000000488 (hFile=0000000000000574) with 0xc0000022 -> STATUS_TRUST_FAILURE
234c.1b7c: Detected loader lock ownership: rc=VINF_SUCCESS '\Device\HarddiskVolume3\Windows\System32\imm32.dll'.
234c.1b7c: supR3HardenedWinVerifyCacheProcessWvtTodos: 0 (was 0) fWinVerifyTrust=0 for '\Device\HarddiskVolume3\Windows\System32\imm32.dll' [rescheduled]
234c.1b7c: Detected loader lock ownership: rc=VINF_SUCCESS '\Device\HarddiskVolume3\Windows\System32\gdi32full.dll'.
234c.1b7c: supR3HardenedWinVerifyCacheProcessWvtTodos: 0 (was 0) fWinVerifyTrust=0 for '\Device\HarddiskVolume3\Windows\System32\gdi32full.dll' [rescheduled]
234c.1b7c: Detected loader lock ownership: rc=VINF_SUCCESS '\Device\HarddiskVolume3\Windows\System32\netutils.dll'.
234c.1b7c: supR3HardenedWinVerifyCacheProcessWvtTodos: 0 (was 0) fWinVerifyTrust=0 for '\Device\HarddiskVolume3\Windows\System32\netutils.dll' [rescheduled]
234c.1b7c: Detected loader lock ownership: rc=VINF_SUCCESS '\Device\HarddiskVolume3\Windows\System32\srvcli.dll'.
234c.1b7c: supR3HardenedWinVerifyCacheProcessWvtTodos: 0 (was 0) fWinVerifyTrust=0 for '\Device\HarddiskVolume3\Windows\System32\srvcli.dll' [rescheduled]
234c.1b7c: Detected loader lock ownership: rc=VINF_SUCCESS '\Device\HarddiskVolume3\Program Files\Oracle\VirtualBox\Qt6SqlVBox.dll'.
234c.1b7c: supR3HardenedWinVerifyCacheProcessWvtTodos: 0 (was 0) fWinVerifyTrust=0 for '\Device\HarddiskVolume3\Program Files\Oracle\VirtualBox\Qt6SqlVBox.dll' [rescheduled]
234c.1b7c: Detected loader lock ownership: rc=VINF_SUCCESS '\Device\HarddiskVolume3\Windows\System32\userenv.dll'.
234c.1b7c: supR3HardenedWinVerifyCacheProcessWvtTodos: 0 (was 0) fWinVerifyTrust=0 for '\Device\HarddiskVolume3\Windows\System32\userenv.dll' [rescheduled]
234c.1b7c: Detected loader lock ownership: rc=22900 '\Device\HarddiskVolume3\Windows\System32\authz.dll'.
234c.1b7c: supR3HardenedWinVerifyCacheProcessWvtTodos: 22900 (was 22900) fWinVerifyTrust=0 for '\Device\HarddiskVolume3\Windows\System32\authz.dll' [rescheduled]
234c.1b7c: Detected loader lock ownership: rc=VINF_SUCCESS '\Device\HarddiskVolume3\Windows\System32\netapi32.dll'.
234c.1b7c: supR3HardenedWinVerifyCacheProcessWvtTodos: 0 (was 0) fWinVerifyTrust=0 for '\Device\HarddiskVolume3\Windows\System32\netapi32.dll' [rescheduled]
234c.1b7c: Detected loader lock ownership: rc=VINF_SUCCESS '\Device\HarddiskVolume3\Windows\System32\version.dll'.
234c.1b7c: supR3HardenedWinVerifyCacheProcessWvtTodos: 0 (was 0) fWinVerifyTrust=0 for '\Device\HarddiskVolume3\Windows\System32\version.dll' [rescheduled]
234c.1b7c: Detected loader lock ownership: rc=VINF_SUCCESS '\Device\HarddiskVolume3\Windows\System32\d3d11.dll'.
234c.1b7c: supR3HardenedWinVerifyCacheProcessWvtTodos: 0 (was 0) fWinVerifyTrust=0 for '\Device\HarddiskVolume3\Windows\System32\d3d11.dll' [rescheduled]
234c.1b7c: Detected loader lock ownership: rc=VINF_SUCCESS '\Device\HarddiskVolume3\Windows\System32\dxgi.dll'.
234c.1b7c: supR3HardenedWinVerifyCacheProcessWvtTodos: 0 (was 0) fWinVerifyTrust=0 for '\Device\HarddiskVolume3\Windows\System32\dxgi.dll' [rescheduled]
234c.1b7c: Detected loader lock ownership: rc=VINF_SUCCESS '\Device\HarddiskVolume3\Windows\System32\D3D12.dll'.
234c.1b7c: supR3HardenedWinVerifyCacheProcessWvtTodos: 0 (was 0) fWinVerifyTrust=0 for '\Device\HarddiskVolume3\Windows\System32\D3D12.dll' [rescheduled]
234c.1b7c: Detected loader lock ownership: rc=VINF_SUCCESS '\Device\HarddiskVolume3\Windows\System32\shell32.dll'.
234c.1b7c: supR3HardenedWinVerifyCacheProcessWvtTodos: 0 (was 0) fWinVerifyTrust=0 for '\Device\HarddiskVolume3\Windows\System32\shell32.dll' [rescheduled]
234c.1b7c: Detected loader lock ownership: rc=22900 '\Device\HarddiskVolume3\Windows\System32\DWrite.dll'.
234c.1b7c: supR3HardenedWinVerifyCacheProcessWvtTodos: 22900 (was 22900) fWinVerifyTrust=0 for '\Device\HarddiskVolume3\Windows\System32\DWrite.dll' [rescheduled]
234c.1b7c: Detected loader lock ownership: rc=VINF_SUCCESS '\Device\HarddiskVolume3\Windows\System32\msvcp140_2.dll'.
234c.1b7c: supR3HardenedWinVerifyCacheProcessWvtTodos: 0 (was 0) fWinVerifyTrust=0 for '\Device\HarddiskVolume3\Windows\System32\msvcp140_2.dll' [rescheduled]
234c.1b7c: Detected loader lock ownership: rc=VINF_SUCCESS '\Device\HarddiskVolume3\Windows\System32\dwmapi.dll'.
234c.1b7c: supR3HardenedWinVerifyCacheProcessWvtTodos: 0 (was 0) fWinVerifyTrust=0 for '\Device\HarddiskVolume3\Windows\System32\dwmapi.dll' [rescheduled]
234c.1b7c: Detected loader lock ownership: rc=22900 '\Device\HarddiskVolume3\Windows\System32\uxtheme.dll'.
234c.1b7c: supR3HardenedWinVerifyCacheProcessWvtTodos: 22900 (was 22900) fWinVerifyTrust=0 for '\Device\HarddiskVolume3\Windows\System32\uxtheme.dll' [rescheduled]
234c.1b7c: Detected loader lock ownership: rc=VINF_SUCCESS '\Device\HarddiskVolume3\Windows\System32\msvcp140_1.dll'.
234c.1b7c: supR3HardenedWinVerifyCacheProcessWvtTodos: 0 (was 0) fWinVerifyTrust=0 for '\Device\HarddiskVolume3\Windows\System32\msvcp140_1.dll' [rescheduled]
234c.1b7c: Detected loader lock ownership: rc=VINF_SUCCESS '\Device\HarddiskVolume3\Windows\System32\win32u.dll'.
234c.1b7c: supR3HardenedWinVerifyCacheProcessWvtTodos: 0 (was 0) fWinVerifyTrust=0 for '\Device\HarddiskVolume3\Windows\System32\win32u.dll' [rescheduled]
234c.1b7c: Detected loader lock ownership: rc=VINF_SUCCESS '\Device\HarddiskVolume3\Windows\System32\gdi32.dll'.
234c.1b7c: supR3HardenedWinVerifyCacheProcessWvtTodos: 0 (was 0) fWinVerifyTrust=0 for '\Device\HarddiskVolume3\Windows\System32\gdi32.dll' [rescheduled]
234c.1b7c: Detected loader lock ownership: rc=VINF_SUCCESS '\Device\HarddiskVolume3\Windows\System32\msvcp_win.dll'.
234c.1b7c: supR3HardenedWinVerifyCacheProcessWvtTodos: 0 (was 0) fWinVerifyTrust=0 for '\Device\HarddiskVolume3\Windows\System32\msvcp_win.dll' [rescheduled]
234c.1b7c: Detected loader lock ownership: rc=VINF_SUCCESS '\Device\HarddiskVolume3\Windows\System32\combase.dll'.
234c.1b7c: supR3HardenedWinVerifyCacheProcessWvtTodos: 0 (was 0) fWinVerifyTrust=0 for '\Device\HarddiskVolume3\Windows\System32\combase.dll' [rescheduled]
234c.1b7c: supR3HardenedScreenImage/LdrLoadDll: cache hit (VINF_SUCCESS) on \Device\HarddiskVolume3\Windows\System32\imm32.dll [redoing WinVerifyTrust]
234c.1b7c: Detected loader lock ownership: rc=VINF_SUCCESS '\Device\HarddiskVolume3\Windows\System32\imm32.dll'.
234c.1b7c: supR3HardenedScreenImage/LdrLoadDll: WinVerifyTrust not available, rescheduling \Device\HarddiskVolume3\Windows\System32\imm32.dll
234c.1b7c: supR3HardenedWinVerifyCacheProcessImportTodos: Processing 'win32u.dll'...
234c.1b7c: supR3HardenedWinVerifyCacheProcessImportTodos: 'win32u.dll' -> '\Device\HarddiskVolume3\Windows\System32\win32u.dll' [rcNtRedir=0xc0150008]
234c.1b7c: supR3HardenedScreenImage/Imports: cache hit (VINF_SUCCESS) on \Device\HarddiskVolume3\Windows\System32\win32u.dll [redoing WinVerifyTrust]
234c.1b7c: Detected loader lock ownership: rc=VINF_SUCCESS '\Device\HarddiskVolume3\Windows\System32\win32u.dll'.
234c.1b7c: supR3HardenedScreenImage/Imports: WinVerifyTrust not available, rescheduling \Device\HarddiskVolume3\Windows\System32\win32u.dll
234c.1b7c: supR3HardenedWinVerifyCacheProcessImportTodos: Processing 'win32u.dll'...
234c.1b7c: supR3HardenedWinVerifyCacheProcessImportTodos: 'win32u.dll' -> '\Device\HarddiskVolume3\Windows\System32\win32u.dll' [rcNtRedir=0xc0150008]
234c.1b7c: supR3HardenedScreenImage/Imports: cache hit (VINF_SUCCESS) on \Device\HarddiskVolume3\Windows\System32\win32u.dll [redoing WinVerifyTrust]
234c.1b7c: Detected loader lock ownership: rc=VINF_SUCCESS '\Device\HarddiskVolume3\Windows\System32\win32u.dll'.
234c.1b7c: supR3HardenedScreenImage/Imports: WinVerifyTrust not available, rescheduling \Device\HarddiskVolume3\Windows\System32\win32u.dll
234c.1b7c: supR3HardenedWinVerifyCacheProcessImportTodos: Processing 'user32.dll'...
234c.1b7c: supR3HardenedWinVerifyCacheProcessImportTodos: 'user32.dll' -> '\Device\HarddiskVolume3\Windows\System32\user32.dll' [rcNtRedir=0xc0150008]
234c.1b7c: supR3HardenedWinVerifyCacheProcessImportTodos: Processing 'gdi32.dll'...
234c.1b7c: supR3HardenedWinVerifyCacheProcessImportTodos: 'gdi32.dll' -> '\Device\HarddiskVolume3\Windows\System32\gdi32.dll' [rcNtRedir=0xc0150008]
234c.1b7c: supR3HardenedScreenImage/Imports: cache hit (VINF_SUCCESS) on \Device\HarddiskVolume3\Windows\System32\gdi32.dll [redoing WinVerifyTrust]
234c.1b7c: Detected loader lock ownership: rc=VINF_SUCCESS '\Device\HarddiskVolume3\Windows\System32\gdi32.dll'.
234c.1b7c: supR3HardenedScreenImage/Imports: WinVerifyTrust not available, rescheduling \Device\HarddiskVolume3\Windows\System32\gdi32.dll
234c.1b7c: supR3HardenedWinVerifyCacheProcessImportTodos: Processing 'msvcp_win.dll'...
234c.1b7c: supR3HardenedWinVerifyCacheProcessImportTodos: 'msvcp_win.dll' -> '\Device\HarddiskVolume3\Windows\System32\msvcp_win.dll' [rcNtRedir=0xc0150008]
234c.1b7c: supR3HardenedScreenImage/Imports: cache hit (VINF_SUCCESS) on \Device\HarddiskVolume3\Windows\System32\msvcp_win.dll [redoing WinVerifyTrust]
234c.1b7c: Detected loader lock ownership: rc=VINF_SUCCESS '\Device\HarddiskVolume3\Windows\System32\msvcp_win.dll'.
234c.1b7c: supR3HardenedScreenImage/Imports: WinVerifyTrust not available, rescheduling \Device\HarddiskVolume3\Windows\System32\msvcp_win.dll
234c.1b7c: supR3HardenedWinVerifyCacheProcessImportTodos: Processing 'rpcrt4.dll'...
234c.1b7c: supR3HardenedWinVerifyCacheProcessImportTodos: 'rpcrt4.dll' -> '\Device\HarddiskVolume3\Windows\System32\rpcrt4.dll' [rcNtRedir=0xc0150008]
234c.1b7c: supR3HardenedMonitor_LdrLoadDll: pName=C:\Windows\system32\IMM32.DLL (rcNtResolve=0xc0150008) *pfFlags=0x0 pwszSearchPath=0000000000000009:<flags> [calling]
234c.1b7c: supR3HardenedDllNotificationCallback: load   00007ffbad9f0000 LB 0x00031000 C:\Windows\System32\IMM32.DLL [fFlags=0x0]
234c.1b7c: supR3HardenedScreenImage/LdrLoadDll: cache hit (VINF_SUCCESS) on \Device\HarddiskVolume3\Windows\System32\imm32.dll [avoiding WinVerifyTrust]
234c.1b7c: supR3HardenedMonitor_LdrLoadDll: returns rcNt=0x0 hMod=00007ffbad9f0000 'C:\Windows\system32\IMM32.DLL'
234c.1b7c: Detected loader lock ownership: rc=VINF_SUCCESS '\Device\HarddiskVolume3\Windows\System32\imm32.dll'.
234c.1b7c: supR3HardenedWinVerifyCacheProcessWvtTodos: 0 (was 0) fWinVerifyTrust=0 for '\Device\HarddiskVolume3\Windows\System32\imm32.dll' [rescheduled]
234c.1b7c: Detected loader lock ownership: rc=VINF_SUCCESS '\Device\HarddiskVolume3\Windows\System32\gdi32full.dll'.
234c.1b7c: supR3HardenedWinVerifyCacheProcessWvtTodos: 0 (was 0) fWinVerifyTrust=0 for '\Device\HarddiskVolume3\Windows\System32\gdi32full.dll' [rescheduled]
234c.1b7c: Detected loader lock ownership: rc=VINF_SUCCESS '\Device\HarddiskVolume3\Windows\System32\netutils.dll'.
234c.1b7c: supR3HardenedWinVerifyCacheProcessWvtTodos: 0 (was 0) fWinVerifyTrust=0 for '\Device\HarddiskVolume3\Windows\System32\netutils.dll' [rescheduled]
234c.1b7c: Detected loader lock ownership: rc=VINF_SUCCESS '\Device\HarddiskVolume3\Windows\System32\srvcli.dll'.
234c.1b7c: supR3HardenedWinVerifyCacheProcessWvtTodos: 0 (was 0) fWinVerifyTrust=0 for '\Device\HarddiskVolume3\Windows\System32\srvcli.dll' [rescheduled]
234c.1b7c: Detected loader lock ownership: rc=VINF_SUCCESS '\Device\HarddiskVolume3\Program Files\Oracle\VirtualBox\Qt6SqlVBox.dll'.
234c.1b7c: supR3HardenedWinVerifyCacheProcessWvtTodos: 0 (was 0) fWinVerifyTrust=0 for '\Device\HarddiskVolume3\Program Files\Oracle\VirtualBox\Qt6SqlVBox.dll' [rescheduled]
234c.1b7c: Detected loader lock ownership: rc=VINF_SUCCESS '\Device\HarddiskVolume3\Windows\System32\userenv.dll'.
234c.1b7c: supR3HardenedWinVerifyCacheProcessWvtTodos: 0 (was 0) fWinVerifyTrust=0 for '\Device\HarddiskVolume3\Windows\System32\userenv.dll' [rescheduled]
234c.1b7c: Detected loader lock ownership: rc=22900 '\Device\HarddiskVolume3\Windows\System32\authz.dll'.
234c.1b7c: supR3HardenedWinVerifyCacheProcessWvtTodos: 22900 (was 22900) fWinVerifyTrust=0 for '\Device\HarddiskVolume3\Windows\System32\authz.dll' [rescheduled]
234c.1b7c: Detected loader lock ownership: rc=VINF_SUCCESS '\Device\HarddiskVolume3\Windows\System32\netapi32.dll'.
234c.1b7c: supR3HardenedWinVerifyCacheProcessWvtTodos: 0 (was 0) fWinVerifyTrust=0 for '\Device\HarddiskVolume3\Windows\System32\netapi32.dll' [rescheduled]
234c.1b7c: Detected loader lock ownership: rc=VINF_SUCCESS '\Device\HarddiskVolume3\Windows\System32\version.dll'.
234c.1b7c: supR3HardenedWinVerifyCacheProcessWvtTodos: 0 (was 0) fWinVerifyTrust=0 for '\Device\HarddiskVolume3\Windows\System32\version.dll' [rescheduled]
234c.1b7c: Detected loader lock ownership: rc=VINF_SUCCESS '\Device\HarddiskVolume3\Windows\System32\d3d11.dll'.
234c.1b7c: supR3HardenedWinVerifyCacheProcessWvtTodos: 0 (was 0) fWinVerifyTrust=0 for '\Device\HarddiskVolume3\Windows\System32\d3d11.dll' [rescheduled]
234c.1b7c: Detected loader lock ownership: rc=VINF_SUCCESS '\Device\HarddiskVolume3\Windows\System32\dxgi.dll'.
234c.1b7c: supR3HardenedWinVerifyCacheProcessWvtTodos: 0 (was 0) fWinVerifyTrust=0 for '\Device\HarddiskVolume3\Windows\System32\dxgi.dll' [rescheduled]
234c.1b7c: Detected loader lock ownership: rc=VINF_SUCCESS '\Device\HarddiskVolume3\Windows\System32\D3D12.dll'.
234c.1b7c: supR3HardenedWinVerifyCacheProcessWvtTodos: 0 (was 0) fWinVerifyTrust=0 for '\Device\HarddiskVolume3\Windows\System32\D3D12.dll' [rescheduled]
234c.1b7c: Detected loader lock ownership: rc=VINF_SUCCESS '\Device\HarddiskVolume3\Windows\System32\shell32.dll'.
234c.1b7c: supR3HardenedWinVerifyCacheProcessWvtTodos: 0 (was 0) fWinVerifyTrust=0 for '\Device\HarddiskVolume3\Windows\System32\shell32.dll' [rescheduled]
234c.1b7c: Detected loader lock ownership: rc=22900 '\Device\HarddiskVolume3\Windows\System32\DWrite.dll'.
234c.1b7c: supR3HardenedWinVerifyCacheProcessWvtTodos: 22900 (was 22900) fWinVerifyTrust=0 for '\Device\HarddiskVolume3\Windows\System32\DWrite.dll' [rescheduled]
234c.1b7c: Detected loader lock ownership: rc=VINF_SUCCESS '\Device\HarddiskVolume3\Windows\System32\msvcp140_2.dll'.
234c.1b7c: supR3HardenedWinVerifyCacheProcessWvtTodos: 0 (was 0) fWinVerifyTrust=0 for '\Device\HarddiskVolume3\Windows\System32\msvcp140_2.dll' [rescheduled]
234c.1b7c: Detected loader lock ownership: rc=VINF_SUCCESS '\Device\HarddiskVolume3\Windows\System32\dwmapi.dll'.
234c.1b7c: supR3HardenedWinVerifyCacheProcessWvtTodos: 0 (was 0) fWinVerifyTrust=0 for '\Device\HarddiskVolume3\Windows\System32\dwmapi.dll' [rescheduled]
234c.1b7c: Detected loader lock ownership: rc=22900 '\Device\HarddiskVolume3\Windows\System32\uxtheme.dll'.
234c.1b7c: supR3HardenedWinVerifyCacheProcessWvtTodos: 22900 (was 22900) fWinVerifyTrust=0 for '\Device\HarddiskVolume3\Windows\System32\uxtheme.dll' [rescheduled]
234c.1b7c: Detected loader lock ownership: rc=VINF_SUCCESS '\Device\HarddiskVolume3\Windows\System32\msvcp140_1.dll'.
234c.1b7c: supR3HardenedWinVerifyCacheProcessWvtTodos: 0 (was 0) fWinVerifyTrust=0 for '\Device\HarddiskVolume3\Windows\System32\msvcp140_1.dll' [rescheduled]
234c.1b7c: Detected loader lock ownership: rc=VINF_SUCCESS '\Device\HarddiskVolume3\Windows\System32\win32u.dll'.
234c.1b7c: supR3HardenedWinVerifyCacheProcessWvtTodos: 0 (was 0) fWinVerifyTrust=0 for '\Device\HarddiskVolume3\Windows\System32\win32u.dll' [rescheduled]
234c.1b7c: Detected loader lock ownership: rc=VINF_SUCCESS '\Device\HarddiskVolume3\Windows\System32\gdi32.dll'.
234c.1b7c: supR3HardenedWinVerifyCacheProcessWvtTodos: 0 (was 0) fWinVerifyTrust=0 for '\Device\HarddiskVolume3\Windows\System32\gdi32.dll' [rescheduled]
234c.1b7c: Detected loader lock ownership: rc=VINF_SUCCESS '\Device\HarddiskVolume3\Windows\System32\msvcp_win.dll'.
234c.1b7c: supR3HardenedWinVerifyCacheProcessWvtTodos: 0 (was 0) fWinVerifyTrust=0 for '\Device\HarddiskVolume3\Windows\System32\msvcp_win.dll' [rescheduled]
234c.1b7c: Detected loader lock ownership: rc=VINF_SUCCESS '\Device\HarddiskVolume3\Windows\System32\combase.dll'.
234c.1b7c: supR3HardenedWinVerifyCacheProcessWvtTodos: 0 (was 0) fWinVerifyTrust=0 for '\Device\HarddiskVolume3\Windows\System32\combase.dll' [rescheduled]
234c.1b7c: Detected loader lock ownership: rc=VINF_SUCCESS '\Device\HarddiskVolume3\Windows\System32\imm32.dll'.
234c.1b7c: supR3HardenedWinVerifyCacheProcessWvtTodos: 0 (was 0) fWinVerifyTrust=0 for '\Device\HarddiskVolume3\Windows\System32\imm32.dll' [rescheduled]
234c.1b7c: Detected loader lock ownership: rc=VINF_SUCCESS '\Device\HarddiskVolume3\Windows\System32\gdi32full.dll'.
234c.1b7c: supR3HardenedWinVerifyCacheProcessWvtTodos: 0 (was 0) fWinVerifyTrust=0 for '\Device\HarddiskVolume3\Windows\System32\gdi32full.dll' [rescheduled]
234c.1b7c: Detected loader lock ownership: rc=VINF_SUCCESS '\Device\HarddiskVolume3\Windows\System32\netutils.dll'.
234c.1b7c: supR3HardenedWinVerifyCacheProcessWvtTodos: 0 (was 0) fWinVerifyTrust=0 for '\Device\HarddiskVolume3\Windows\System32\netutils.dll' [rescheduled]
234c.1b7c: Detected loader lock ownership: rc=VINF_SUCCESS '\Device\HarddiskVolume3\Windows\System32\srvcli.dll'.
234c.1b7c: supR3HardenedWinVerifyCacheProcessWvtTodos: 0 (was 0) fWinVerifyTrust=0 for '\Device\HarddiskVolume3\Windows\System32\srvcli.dll' [rescheduled]
234c.1b7c: Detected loader lock ownership: rc=VINF_SUCCESS '\Device\HarddiskVolume3\Program Files\Oracle\VirtualBox\Qt6SqlVBox.dll'.
234c.1b7c: supR3HardenedWinVerifyCacheProcessWvtTodos: 0 (was 0) fWinVerifyTrust=0 for '\Device\HarddiskVolume3\Program Files\Oracle\VirtualBox\Qt6SqlVBox.dll' [rescheduled]
234c.1b7c: Detected loader lock ownership: rc=VINF_SUCCESS '\Device\HarddiskVolume3\Windows\System32\userenv.dll'.
234c.1b7c: supR3HardenedWinVerifyCacheProcessWvtTodos: 0 (was 0) fWinVerifyTrust=0 for '\Device\HarddiskVolume3\Windows\System32\userenv.dll' [rescheduled]
234c.1b7c: Detected loader lock ownership: rc=22900 '\Device\HarddiskVolume3\Windows\System32\authz.dll'.
234c.1b7c: supR3HardenedWinVerifyCacheProcessWvtTodos: 22900 (was 22900) fWinVerifyTrust=0 for '\Device\HarddiskVolume3\Windows\System32\authz.dll' [rescheduled]
234c.1b7c: Detected loader lock ownership: rc=VINF_SUCCESS '\Device\HarddiskVolume3\Windows\System32\netapi32.dll'.
234c.1b7c: supR3HardenedWinVerifyCacheProcessWvtTodos: 0 (was 0) fWinVerifyTrust=0 for '\Device\HarddiskVolume3\Windows\System32\netapi32.dll' [rescheduled]
234c.1b7c: Detected loader lock ownership: rc=VINF_SUCCESS '\Device\HarddiskVolume3\Windows\System32\version.dll'.
234c.1b7c: supR3HardenedWinVerifyCacheProcessWvtTodos: 0 (was 0) fWinVerifyTrust=0 for '\Device\HarddiskVolume3\Windows\System32\version.dll' [rescheduled]
234c.1b7c: Detected loader lock ownership: rc=VINF_SUCCESS '\Device\HarddiskVolume3\Windows\System32\d3d11.dll'.
234c.1b7c: supR3HardenedWinVerifyCacheProcessWvtTodos: 0 (was 0) fWinVerifyTrust=0 for '\Device\HarddiskVolume3\Windows\System32\d3d11.dll' [rescheduled]
234c.1b7c: Detected loader lock ownership: rc=VINF_SUCCESS '\Device\HarddiskVolume3\Windows\System32\dxgi.dll'.
234c.1b7c: supR3HardenedWinVerifyCacheProcessWvtTodos: 0 (was 0) fWinVerifyTrust=0 for '\Device\HarddiskVolume3\Windows\System32\dxgi.dll' [rescheduled]
234c.1b7c: Detected loader lock ownership: rc=VINF_SUCCESS '\Device\HarddiskVolume3\Windows\System32\D3D12.dll'.
234c.1b7c: supR3HardenedWinVerifyCacheProcessWvtTodos: 0 (was 0) fWinVerifyTrust=0 for '\Device\HarddiskVolume3\Windows\System32\D3D12.dll' [rescheduled]
234c.1b7c: Detected loader lock ownership: rc=VINF_SUCCESS '\Device\HarddiskVolume3\Windows\System32\shell32.dll'.
234c.1b7c: supR3HardenedWinVerifyCacheProcessWvtTodos: 0 (was 0) fWinVerifyTrust=0 for '\Device\HarddiskVolume3\Windows\System32\shell32.dll' [rescheduled]
234c.1b7c: Detected loader lock ownership: rc=22900 '\Device\HarddiskVolume3\Windows\System32\DWrite.dll'.
234c.1b7c: supR3HardenedWinVerifyCacheProcessWvtTodos: 22900 (was 22900) fWinVerifyTrust=0 for '\Device\HarddiskVolume3\Windows\System32\DWrite.dll' [rescheduled]
234c.1b7c: Detected loader lock ownership: rc=VINF_SUCCESS '\Device\HarddiskVolume3\Windows\System32\msvcp140_2.dll'.
234c.1b7c: supR3HardenedWinVerifyCacheProcessWvtTodos: 0 (was 0) fWinVerifyTrust=0 for '\Device\HarddiskVolume3\Windows\System32\msvcp140_2.dll' [rescheduled]
234c.1b7c: Detected loader lock ownership: rc=VINF_SUCCESS '\Device\HarddiskVolume3\Windows\System32\dwmapi.dll'.
234c.1b7c: supR3HardenedWinVerifyCacheProcessWvtTodos: 0 (was 0) fWinVerifyTrust=0 for '\Device\HarddiskVolume3\Windows\System32\dwmapi.dll' [rescheduled]
234c.1b7c: Detected loader lock ownership: rc=22900 '\Device\HarddiskVolume3\Windows\System32\uxtheme.dll'.
234c.1b7c: supR3HardenedWinVerifyCacheProcessWvtTodos: 22900 (was 22900) fWinVerifyTrust=0 for '\Device\HarddiskVolume3\Windows\System32\uxtheme.dll' [rescheduled]
234c.1b7c: Detected loader lock ownership: rc=VINF_SUCCESS '\Device\HarddiskVolume3\Windows\System32\msvcp140_1.dll'.
234c.1b7c: supR3HardenedWinVerifyCacheProcessWvtTodos: 0 (was 0) fWinVerifyTrust=0 for '\Device\HarddiskVolume3\Windows\System32\msvcp140_1.dll' [rescheduled]
234c.1b7c: Detected loader lock ownership: rc=VINF_SUCCESS '\Device\HarddiskVolume3\Windows\System32\win32u.dll'.
234c.1b7c: supR3HardenedWinVerifyCacheProcessWvtTodos: 0 (was 0) fWinVerifyTrust=0 for '\Device\HarddiskVolume3\Windows\System32\win32u.dll' [rescheduled]
234c.1b7c: Detected loader lock ownership: rc=VINF_SUCCESS '\Device\HarddiskVolume3\Windows\System32\gdi32.dll'.
234c.1b7c: supR3HardenedWinVerifyCacheProcessWvtTodos: 0 (was 0) fWinVerifyTrust=0 for '\Device\HarddiskVolume3\Windows\System32\gdi32.dll' [rescheduled]
234c.1b7c: Detected loader lock ownership: rc=VINF_SUCCESS '\Device\HarddiskVolume3\Windows\System32\msvcp_win.dll'.
234c.1b7c: supR3HardenedWinVerifyCacheProcessWvtTodos: 0 (was 0) fWinVerifyTrust=0 for '\Device\HarddiskVolume3\Windows\System32\msvcp_win.dll' [rescheduled]
234c.1b7c: Detected loader lock ownership: rc=VINF_SUCCESS '\Device\HarddiskVolume3\Windows\System32\combase.dll'.
234c.1b7c: supR3HardenedWinVerifyCacheProcessWvtTodos: 0 (was 0) fWinVerifyTrust=0 for '\Device\HarddiskVolume3\Windows\System32\combase.dll' [rescheduled]
234c.1b7c: supR3HardenedScreenImage/LdrLoadDll: cache hit (VINF_SUCCESS) on \Device\HarddiskVolume3\Windows\System32\gdi32.dll [redoing WinVerifyTrust]
234c.1b7c: Detected loader lock ownership: rc=VINF_SUCCESS '\Device\HarddiskVolume3\Windows\System32\gdi32.dll'.
234c.1b7c: supR3HardenedScreenImage/LdrLoadDll: WinVerifyTrust not available, rescheduling \Device\HarddiskVolume3\Windows\System32\gdi32.dll
234c.1b7c: supR3HardenedMonitor_LdrLoadDll: returns rcNt=0x0 hMod=00007ffbae3f0000 'C:\Windows\System32\gdi32.dll'
234c.1b7c: Detected loader lock ownership: rc=VINF_SUCCESS '\Device\HarddiskVolume3\Windows\System32\imm32.dll'.
234c.1b7c: supR3HardenedWinVerifyCacheProcessWvtTodos: 0 (was 0) fWinVerifyTrust=0 for '\Device\HarddiskVolume3\Windows\System32\imm32.dll' [rescheduled]
234c.1b7c: Detected loader lock ownership: rc=VINF_SUCCESS '\Device\HarddiskVolume3\Windows\System32\gdi32full.dll'.
234c.1b7c: supR3HardenedWinVerifyCacheProcessWvtTodos: 0 (was 0) fWinVerifyTrust=0 for '\Device\HarddiskVolume3\Windows\System32\gdi32full.dll' [rescheduled]
234c.1b7c: Detected loader lock ownership: rc=VINF_SUCCESS '\Device\HarddiskVolume3\Windows\System32\netutils.dll'.
234c.1b7c: supR3HardenedWinVerifyCacheProcessWvtTodos: 0 (was 0) fWinVerifyTrust=0 for '\Device\HarddiskVolume3\Windows\System32\netutils.dll' [rescheduled]
234c.1b7c: Detected loader lock ownership: rc=VINF_SUCCESS '\Device\HarddiskVolume3\Windows\System32\srvcli.dll'.
234c.1b7c: supR3HardenedWinVerifyCacheProcessWvtTodos: 0 (was 0) fWinVerifyTrust=0 for '\Device\HarddiskVolume3\Windows\System32\srvcli.dll' [rescheduled]
234c.1b7c: Detected loader lock ownership: rc=VINF_SUCCESS '\Device\HarddiskVolume3\Program Files\Oracle\VirtualBox\Qt6SqlVBox.dll'.
234c.1b7c: supR3HardenedWinVerifyCacheProcessWvtTodos: 0 (was 0) fWinVerifyTrust=0 for '\Device\HarddiskVolume3\Program Files\Oracle\VirtualBox\Qt6SqlVBox.dll' [rescheduled]
234c.1b7c: Detected loader lock ownership: rc=VINF_SUCCESS '\Device\HarddiskVolume3\Windows\System32\userenv.dll'.
234c.1b7c: supR3HardenedWinVerifyCacheProcessWvtTodos: 0 (was 0) fWinVerifyTrust=0 for '\Device\HarddiskVolume3\Windows\System32\userenv.dll' [rescheduled]
234c.1b7c: Detected loader lock ownership: rc=22900 '\Device\HarddiskVolume3\Windows\System32\authz.dll'.
234c.1b7c: supR3HardenedWinVerifyCacheProcessWvtTodos: 22900 (was 22900) fWinVerifyTrust=0 for '\Device\HarddiskVolume3\Windows\System32\authz.dll' [rescheduled]
234c.1b7c: Detected loader lock ownership: rc=VINF_SUCCESS '\Device\HarddiskVolume3\Windows\System32\netapi32.dll'.
234c.1b7c: supR3HardenedWinVerifyCacheProcessWvtTodos: 0 (was 0) fWinVerifyTrust=0 for '\Device\HarddiskVolume3\Windows\System32\netapi32.dll' [rescheduled]
234c.1b7c: Detected loader lock ownership: rc=VINF_SUCCESS '\Device\HarddiskVolume3\Windows\System32\version.dll'.
234c.1b7c: supR3HardenedWinVerifyCacheProcessWvtTodos: 0 (was 0) fWinVerifyTrust=0 for '\Device\HarddiskVolume3\Windows\System32\version.dll' [rescheduled]
234c.1b7c: Detected loader lock ownership: rc=VINF_SUCCESS '\Device\HarddiskVolume3\Windows\System32\d3d11.dll'.
234c.1b7c: supR3HardenedWinVerifyCacheProcessWvtTodos: 0 (was 0) fWinVerifyTrust=0 for '\Device\HarddiskVolume3\Windows\System32\d3d11.dll' [rescheduled]
234c.1b7c: Detected loader lock ownership: rc=VINF_SUCCESS '\Device\HarddiskVolume3\Windows\System32\dxgi.dll'.
234c.1b7c: supR3HardenedWinVerifyCacheProcessWvtTodos: 0 (was 0) fWinVerifyTrust=0 for '\Device\HarddiskVolume3\Windows\System32\dxgi.dll' [rescheduled]
234c.1b7c: Detected loader lock ownership: rc=VINF_SUCCESS '\Device\HarddiskVolume3\Windows\System32\D3D12.dll'.
234c.1b7c: supR3HardenedWinVerifyCacheProcessWvtTodos: 0 (was 0) fWinVerifyTrust=0 for '\Device\HarddiskVolume3\Windows\System32\D3D12.dll' [rescheduled]
234c.1b7c: Detected loader lock ownership: rc=VINF_SUCCESS '\Device\HarddiskVolume3\Windows\System32\shell32.dll'.
234c.1b7c: supR3HardenedWinVerifyCacheProcessWvtTodos: 0 (was 0) fWinVerifyTrust=0 for '\Device\HarddiskVolume3\Windows\System32\shell32.dll' [rescheduled]
234c.1b7c: Detected loader lock ownership: rc=22900 '\Device\HarddiskVolume3\Windows\System32\DWrite.dll'.
234c.1b7c: supR3HardenedWinVerifyCacheProcessWvtTodos: 22900 (was 22900) fWinVerifyTrust=0 for '\Device\HarddiskVolume3\Windows\System32\DWrite.dll' [rescheduled]
234c.1b7c: Detected loader lock ownership: rc=VINF_SUCCESS '\Device\HarddiskVolume3\Windows\System32\msvcp140_2.dll'.
234c.1b7c: supR3HardenedWinVerifyCacheProcessWvtTodos: 0 (was 0) fWinVerifyTrust=0 for '\Device\HarddiskVolume3\Windows\System32\msvcp140_2.dll' [rescheduled]
234c.1b7c: Detected loader lock ownership: rc=VINF_SUCCESS '\Device\HarddiskVolume3\Windows\System32\dwmapi.dll'.
234c.1b7c: supR3HardenedWinVerifyCacheProcessWvtTodos: 0 (was 0) fWinVerifyTrust=0 for '\Device\HarddiskVolume3\Windows\System32\dwmapi.dll' [rescheduled]
234c.1b7c: Detected loader lock ownership: rc=22900 '\Device\HarddiskVolume3\Windows\System32\uxtheme.dll'.
234c.1b7c: supR3HardenedWinVerifyCacheProcessWvtTodos: 22900 (was 22900) fWinVerifyTrust=0 for '\Device\HarddiskVolume3\Windows\System32\uxtheme.dll' [rescheduled]
234c.1b7c: Detected loader lock ownership: rc=VINF_SUCCESS '\Device\HarddiskVolume3\Windows\System32\msvcp140_1.dll'.
234c.1b7c: supR3HardenedWinVerifyCacheProcessWvtTodos: 0 (was 0) fWinVerifyTrust=0 for '\Device\HarddiskVolume3\Windows\System32\msvcp140_1.dll' [rescheduled]
234c.1b7c: Detected loader lock ownership: rc=VINF_SUCCESS '\Device\HarddiskVolume3\Windows\System32\win32u.dll'.
234c.1b7c: supR3HardenedWinVerifyCacheProcessWvtTodos: 0 (was 0) fWinVerifyTrust=0 for '\Device\HarddiskVolume3\Windows\System32\win32u.dll' [rescheduled]
234c.1b7c: Detected loader lock ownership: rc=VINF_SUCCESS '\Device\HarddiskVolume3\Windows\System32\gdi32.dll'.
234c.1b7c: supR3HardenedWinVerifyCacheProcessWvtTodos: 0 (was 0) fWinVerifyTrust=0 for '\Device\HarddiskVolume3\Windows\System32\gdi32.dll' [rescheduled]
234c.1b7c: Detected loader lock ownership: rc=VINF_SUCCESS '\Device\HarddiskVolume3\Windows\System32\msvcp_win.dll'.
234c.1b7c: supR3HardenedWinVerifyCacheProcessWvtTodos: 0 (was 0) fWinVerifyTrust=0 for '\Device\HarddiskVolume3\Windows\System32\msvcp_win.dll' [rescheduled]
234c.1b7c: Detected loader lock ownership: rc=VINF_SUCCESS '\Device\HarddiskVolume3\Windows\System32\combase.dll'.
234c.1b7c: supR3HardenedWinVerifyCacheProcessWvtTodos: 0 (was 0) fWinVerifyTrust=0 for '\Device\HarddiskVolume3\Windows\System32\combase.dll' [rescheduled]
234c.1b7c: supR3HardenedMonitor_LdrLoadDll: returns rcNt=0x0 hMod=00007ffb78a60000 'C:\Program Files\Oracle\VirtualBox\VirtualBoxVM.dll'
234c.1b7c: supR3HardenedMonitor_LdrLoadDll: returns rcNt=0x0 hMod=00007ffbab9d0000 'C:\Windows\system32\rsaenh.dll'
234c.1b7c: supR3HardenedMonitor_LdrLoadDll: returns rcNt=0x0 hMod=00007ffbaca60000 'C:\Windows\System32\crypt32.dll'
234c.1b7c: supR3HardenedWinVerifyCacheProcessWvtTodos: 0 (was 0) fWinVerifyTrust=1 for '\Device\HarddiskVolume3\Windows\System32\imm32.dll'
234c.1b7c: supR3HardenedMonitor_LdrLoadDll: returns rcNt=0x0 hMod=00007ffbab9d0000 'C:\Windows\system32\rsaenh.dll'
234c.1b7c: supR3HardenedMonitor_LdrLoadDll: returns rcNt=0x0 hMod=00007ffbaca60000 'C:\Windows\System32\crypt32.dll'
234c.1b7c: supR3HardenedWinVerifyCacheProcessWvtTodos: 0 (was 0) fWinVerifyTrust=1 for '\Device\HarddiskVolume3\Windows\System32\gdi32full.dll'
234c.1b7c: supR3HardenedMonitor_LdrLoadDll: returns rcNt=0x0 hMod=00007ffbab9d0000 'C:\Windows\system32\rsaenh.dll'
234c.1b7c: supR3HardenedMonitor_LdrLoadDll: returns rcNt=0x0 hMod=00007ffbaca60000 'C:\Windows\System32\crypt32.dll'
234c.1b7c: supR3HardenedWinVerifyCacheProcessWvtTodos: 0 (was 0) fWinVerifyTrust=1 for '\Device\HarddiskVolume3\Windows\System32\netutils.dll'
234c.1b7c: supR3HardenedMonitor_LdrLoadDll: returns rcNt=0x0 hMod=00007ffbab9d0000 'C:\Windows\system32\rsaenh.dll'
234c.1b7c: supR3HardenedMonitor_LdrLoadDll: returns rcNt=0x0 hMod=00007ffbaca60000 'C:\Windows\System32\crypt32.dll'
234c.1b7c: supR3HardenedWinVerifyCacheProcessWvtTodos: 0 (was 0) fWinVerifyTrust=1 for '\Device\HarddiskVolume3\Windows\System32\srvcli.dll'
234c.1b7c: supR3HardenedMonitor_LdrLoadDll: returns rcNt=0x0 hMod=00007ffbab9d0000 'C:\Windows\system32\rsaenh.dll'
234c.1b7c: supR3HardenedMonitor_LdrLoadDll: returns rcNt=0x0 hMod=00007ffbaca60000 'C:\Windows\System32\crypt32.dll'
234c.1b7c: supR3HardenedWinVerifyCacheProcessWvtTodos: 0 (was 0) fWinVerifyTrust=1 for '\Device\HarddiskVolume3\Program Files\Oracle\VirtualBox\Qt6SqlVBox.dll'
234c.1b7c: supR3HardenedMonitor_LdrLoadDll: returns rcNt=0x0 hMod=00007ffbab9d0000 'C:\Windows\system32\rsaenh.dll'
234c.1b7c: supR3HardenedMonitor_LdrLoadDll: returns rcNt=0x0 hMod=00007ffbaca60000 'C:\Windows\System32\crypt32.dll'
234c.1b7c: supR3HardenedWinVerifyCacheProcessWvtTodos: 0 (was 0) fWinVerifyTrust=1 for '\Device\HarddiskVolume3\Windows\System32\userenv.dll'
234c.1b7c: supR3HardNtViCallWinVerifyTrustCatFile: hFile=000000000000020c pwszName=\Device\HarddiskVolume3\Windows\System32\authz.dll
234c.1b7c: supR3HardNtViCallWinVerifyTrustCatFile: Cached context 000001e52ca9f790
234c.1b7c: supR3HardNtViCallWinVerifyTrustCatFile: hCatAdmin=000001e52ca9f790
234c.1b7c: supR3HardNtViCallWinVerifyTrustCatFile: cbHash=20 wszDigest=DE089C57ECE02212E41F5989440B0AF16C402F4C
234c.1b7c: supR3HardenedMonitor_LdrLoadDll: returns rcNt=0x0 hMod=00007ffbab9d0000 'C:\Windows\system32\rsaenh.dll'
234c.1b7c: supR3HardenedMonitor_LdrLoadDll: returns rcNt=0x0 hMod=00007ffbaca60000 'C:\Windows\System32\crypt32.dll'
234c.1b7c: supR3HardNtViCallWinVerifyTrustCatFile: WinVerifyTrust => 0x0; cat='C:\Windows\system32\CatRoot\{F750E6C3-38EE-11D1-85E5-00C04FC295EE}\Microsoft-Windows-Client-Desktop-Required-Package05142030~31bf3856ad364e35~amd64~~10.0.22621.4317.cat'; file='\Device\HarddiskVolume3\Windows\System32\authz.dll'
234c.1b7c: supR3HardNtViCallWinVerifyTrustCatFile -> 0 (org 22900)
234c.1b7c: supR3HardenedWinVerifyCacheProcessWvtTodos: 0 (was 22900) fWinVerifyTrust=1 for '\Device\HarddiskVolume3\Windows\System32\authz.dll'
234c.1b7c: supR3HardenedMonitor_LdrLoadDll: returns rcNt=0x0 hMod=00007ffbab9d0000 'C:\Windows\system32\rsaenh.dll'
234c.1b7c: supR3HardenedMonitor_LdrLoadDll: returns rcNt=0x0 hMod=00007ffbaca60000 'C:\Windows\System32\crypt32.dll'
234c.1b7c: supR3HardenedWinVerifyCacheProcessWvtTodos: 0 (was 0) fWinVerifyTrust=1 for '\Device\HarddiskVolume3\Windows\System32\netapi32.dll'
234c.1b7c: supR3HardenedMonitor_LdrLoadDll: returns rcNt=0x0 hMod=00007ffbab9d0000 'C:\Windows\system32\rsaenh.dll'
234c.1b7c: supR3HardenedMonitor_LdrLoadDll: returns rcNt=0x0 hMod=00007ffbaca60000 'C:\Windows\System32\crypt32.dll'
234c.1b7c: supR3HardenedWinVerifyCacheProcessWvtTodos: 0 (was 0) fWinVerifyTrust=1 for '\Device\HarddiskVolume3\Windows\System32\version.dll'
234c.1b7c: supR3HardenedMonitor_LdrLoadDll: returns rcNt=0x0 hMod=00007ffbab9d0000 'C:\Windows\system32\rsaenh.dll'
234c.1b7c: supR3HardenedMonitor_LdrLoadDll: returns rcNt=0x0 hMod=00007ffbaca60000 'C:\Windows\System32\crypt32.dll'
234c.1b7c: supR3HardenedWinVerifyCacheProcessWvtTodos: 0 (was 0) fWinVerifyTrust=1 for '\Device\HarddiskVolume3\Windows\System32\d3d11.dll'
234c.1b7c: supR3HardenedMonitor_LdrLoadDll: returns rcNt=0x0 hMod=00007ffbab9d0000 'C:\Windows\system32\rsaenh.dll'
234c.1b7c: supR3HardenedMonitor_LdrLoadDll: returns rcNt=0x0 hMod=00007ffbaca60000 'C:\Windows\System32\crypt32.dll'
234c.1b7c: supR3HardenedWinVerifyCacheProcessWvtTodos: 0 (was 0) fWinVerifyTrust=1 for '\Device\HarddiskVolume3\Windows\System32\dxgi.dll'
234c.1b7c: supR3HardenedMonitor_LdrLoadDll: returns rcNt=0x0 hMod=00007ffbab9d0000 'C:\Windows\system32\rsaenh.dll'
234c.1b7c: supR3HardenedScreenImage/LdrLoadDll: cache hit (VINF_SUCCESS) on \Device\HarddiskVolume3\Windows\System32\crypt32.dll
234c.1b7c: supR3HardenedMonitor_LdrLoadDll: pName=C:\Windows\System32\crypt32.dll (Input=crypt32.dll, rcNtResolve=0xc0150008) *pfFlags=0x0 pwszSearchPath=0000000000000001:<flags> [calling]
234c.1b7c: supR3HardenedMonitor_LdrLoadDll: returns rcNt=0x0 hMod=00007ffbaca60000 'C:\Windows\System32\crypt32.dll'
234c.1b7c: supR3HardenedWinVerifyCacheProcessWvtTodos: 0 (was 0) fWinVerifyTrust=1 for '\Device\HarddiskVolume3\Windows\System32\D3D12.dll'
234c.1b7c: supR3HardenedMonitor_LdrLoadDll: returns rcNt=0x0 hMod=00007ffbab9d0000 'C:\Windows\system32\rsaenh.dll'
234c.1b7c: supR3HardenedMonitor_LdrLoadDll: returns rcNt=0x0 hMod=00007ffbaca60000 'C:\Windows\System32\crypt32.dll'
234c.1b7c: supR3HardenedWinVerifyCacheProcessWvtTodos: 0 (was 0) fWinVerifyTrust=1 for '\Device\HarddiskVolume3\Windows\System32\shell32.dll'
234c.1b7c: supR3HardNtViCallWinVerifyTrustCatFile: hFile=000000000000052c pwszName=\Device\HarddiskVolume3\Windows\System32\DWrite.dll
234c.1b7c: supR3HardNtViCallWinVerifyTrustCatFile: Cached context 000001e52ca9f790
234c.1b7c: supR3HardNtViCallWinVerifyTrustCatFile: hCatAdmin=000001e52ca9f790
234c.1b7c: supR3HardNtViCallWinVerifyTrustCatFile: cbHash=20 wszDigest=62987A7F9925472DA959970854B829B78B7AEE84
234c.1b7c: supR3HardenedMonitor_LdrLoadDll: returns rcNt=0x0 hMod=00007ffbab9d0000 'C:\Windows\system32\rsaenh.dll'
234c.1b7c: supR3HardenedMonitor_LdrLoadDll: returns rcNt=0x0 hMod=00007ffbaca60000 'C:\Windows\System32\crypt32.dll'
234c.1b7c: supR3HardNtViCallWinVerifyTrustCatFile: WinVerifyTrust => 0x0; cat='C:\Windows\system32\CatRoot\{F750E6C3-38EE-11D1-85E5-00C04FC295EE}\Microsoft-Windows-Client-Desktop-Required-Package051021~31bf3856ad364e35~amd64~~10.0.22621.4317.cat'; file='\Device\HarddiskVolume3\Windows\System32\DWrite.dll'
234c.1b7c: supR3HardNtViCallWinVerifyTrustCatFile -> 0 (org 22900)
234c.1b7c: supR3HardenedWinVerifyCacheProcessWvtTodos: 0 (was 22900) fWinVerifyTrust=1 for '\Device\HarddiskVolume3\Windows\System32\DWrite.dll'
234c.1b7c: supR3HardenedScreenImage/LdrLoadDll: cache hit (VINF_SUCCESS) on \Device\HarddiskVolume3\Windows\System32\rsaenh.dll
234c.1b7c: supR3HardenedMonitor_LdrLoadDll: pName=C:\Windows\system32\rsaenh.dll (rcNtResolve=0xc0150008) *pfFlags=0x0 pwszSearchPath=0000000000000001:<flags> [calling]
234c.1b7c: supR3HardenedMonitor_LdrLoadDll: returns rcNt=0x0 hMod=00007ffbab9d0000 'C:\Windows\system32\rsaenh.dll'
234c.1b7c: supR3HardenedMonitor_LdrLoadDll: returns rcNt=0x0 hMod=00007ffbaca60000 'C:\Windows\System32\crypt32.dll'
234c.1b7c: supR3HardenedWinVerifyCacheProcessWvtTodos: 0 (was 0) fWinVerifyTrust=1 for '\Device\HarddiskVolume3\Windows\System32\msvcp140_2.dll'
234c.1b7c: supR3HardenedMonitor_LdrLoadDll: returns rcNt=0x0 hMod=00007ffbab9d0000 'C:\Windows\system32\rsaenh.dll'
234c.1b7c: supR3HardenedMonitor_LdrLoadDll: returns rcNt=0x0 hMod=00007ffbaca60000 'C:\Windows\System32\crypt32.dll'
234c.1b7c: supR3HardenedWinVerifyCacheProcessWvtTodos: 0 (was 0) fWinVerifyTrust=1 for '\Device\HarddiskVolume3\Windows\System32\dwmapi.dll'
234c.1b7c: supR3HardNtViCallWinVerifyTrustCatFile: hFile=0000000000000510 pwszName=\Device\HarddiskVolume3\Windows\System32\uxtheme.dll
234c.1b7c: supR3HardNtViCallWinVerifyTrustCatFile: Cached context 000001e52ca9f790
234c.1b7c: supR3HardNtViCallWinVerifyTrustCatFile: hCatAdmin=000001e52ca9f790
234c.1b7c: supR3HardNtViCallWinVerifyTrustCatFile: cbHash=20 wszDigest=DA70DD2CC774EF1F0FAB230285C360AB287142D8
234c.1b7c: supR3HardenedMonitor_LdrLoadDll: returns rcNt=0x0 hMod=00007ffbab9d0000 'C:\Windows\system32\rsaenh.dll'
234c.1b7c: supR3HardenedMonitor_LdrLoadDll: returns rcNt=0x0 hMod=00007ffbaca60000 'C:\Windows\System32\crypt32.dll'
234c.1b7c: supR3HardNtViCallWinVerifyTrustCatFile: WinVerifyTrust => 0x0; cat='C:\Windows\system32\CatRoot\{F750E6C3-38EE-11D1-85E5-00C04FC295EE}\Microsoft-Windows-Client-Desktop-Required-Package05~31bf3856ad364e35~amd64~~10.0.22621.4317.cat'; file='\Device\HarddiskVolume3\Windows\System32\uxtheme.dll'
234c.1b7c: supR3HardNtViCallWinVerifyTrustCatFile -> 0 (org 22900)
234c.1b7c: supR3HardenedWinVerifyCacheProcessWvtTodos: 0 (was 22900) fWinVerifyTrust=1 for '\Device\HarddiskVolume3\Windows\System32\uxtheme.dll'
234c.1b7c: supR3HardenedMonitor_LdrLoadDll: returns rcNt=0x0 hMod=00007ffbab9d0000 'C:\Windows\system32\rsaenh.dll'
234c.1b7c: supR3HardenedMonitor_LdrLoadDll: returns rcNt=0x0 hMod=00007ffbaca60000 'C:\Windows\System32\crypt32.dll'
234c.1b7c: supR3HardenedWinVerifyCacheProcessWvtTodos: 0 (was 0) fWinVerifyTrust=1 for '\Device\HarddiskVolume3\Windows\System32\msvcp140_1.dll'
234c.1b7c: supR3HardenedMonitor_LdrLoadDll: returns rcNt=0x0 hMod=00007ffbab9d0000 'C:\Windows\system32\rsaenh.dll'
234c.1b7c: supR3HardenedMonitor_LdrLoadDll: returns rcNt=0x0 hMod=00007ffbaca60000 'C:\Windows\System32\crypt32.dll'
234c.1b7c: supR3HardenedWinVerifyCacheProcessWvtTodos: 0 (was 0) fWinVerifyTrust=1 for '\Device\HarddiskVolume3\Windows\System32\win32u.dll'
234c.1b7c: supR3HardenedMonitor_LdrLoadDll: returns rcNt=0x0 hMod=00007ffbab9d0000 'C:\Windows\system32\rsaenh.dll'
234c.1b7c: supR3HardenedMonitor_LdrLoadDll: returns rcNt=0x0 hMod=00007ffbaca60000 'C:\Windows\System32\crypt32.dll'
234c.1b7c: supR3HardenedWinVerifyCacheProcessWvtTodos: 0 (was 0) fWinVerifyTrust=1 for '\Device\HarddiskVolume3\Windows\System32\gdi32.dll'
234c.1b7c: supR3HardenedMonitor_LdrLoadDll: returns rcNt=0x0 hMod=00007ffbab9d0000 'C:\Windows\system32\rsaenh.dll'
234c.1b7c: supR3HardenedMonitor_LdrLoadDll: returns rcNt=0x0 hMod=00007ffbaca60000 'C:\Windows\System32\crypt32.dll'
234c.1b7c: supR3HardenedWinVerifyCacheProcessWvtTodos: 0 (was 0) fWinVerifyTrust=1 for '\Device\HarddiskVolume3\Windows\System32\msvcp_win.dll'
234c.1b7c: supR3HardenedMonitor_LdrLoadDll: returns rcNt=0x0 hMod=00007ffbab9d0000 'C:\Windows\system32\rsaenh.dll'
234c.1b7c: supR3HardenedMonitor_LdrLoadDll: returns rcNt=0x0 hMod=00007ffbaca60000 'C:\Windows\System32\crypt32.dll'
234c.1b7c: supR3HardenedWinVerifyCacheProcessWvtTodos: 0 (was 0) fWinVerifyTrust=1 for '\Device\HarddiskVolume3\Windows\System32\combase.dll'
234c.1b7c: SUPR3HardenedMain: Calling TrustedMain (00007ffb78a619c0)...
234c.1b7c: supR3HardenedWinVerifyCacheScheduleImports: Import todo: #31 'combase.dll'.
234c.1b7c: supR3HardenedWinVerifyCacheScheduleImports: Import todo: #32 'msvcp_win.dll'.
234c.1b7c: supHardenedWinVerifyImageByHandle: -> 0 (\Device\HarddiskVolume3\Windows\System32\windows.storage.dll)
234c.1b7c: supR3HardenedWinVerifyCacheInsert: \Device\HarddiskVolume3\Windows\System32\windows.storage.dll
234c.1b7c: supR3HardenedWinVerifyCacheScheduleImports: Import todo: #3 'combase.dll'.
234c.1b7c: supHardenedWinVerifyImageByHandle: -> 0 (\Device\HarddiskVolume3\Windows\System32\WinTypes.dll)
234c.1b7c: supR3HardenedWinVerifyCacheInsert: \Device\HarddiskVolume3\Windows\System32\WinTypes.dll
234c.1b7c: supR3HardenedDllNotificationCallback: load   00007ffbaa840000 LB 0x0013f000 C:\Windows\SYSTEM32\wintypes.dll [fFlags=0x0]
234c.1b7c: supR3HardenedScreenImage/LdrLoadDll: cache hit (VINF_SUCCESS) on \Device\HarddiskVolume3\Windows\System32\WinTypes.dll [avoiding WinVerifyTrust]
234c.1b7c: supR3HardenedDllNotificationCallback: load   00007ffbaa980000 LB 0x008ff000 C:\Windows\SYSTEM32\windows.storage.dll [fFlags=0x0]
234c.1b7c: supR3HardenedScreenImage/LdrLoadDll: cache hit (VINF_SUCCESS) on \Device\HarddiskVolume3\Windows\System32\windows.storage.dll [avoiding WinVerifyTrust]
234c.1b7c: supR3HardenedDllNotificationCallback: load   00007ffbade40000 LB 0x000f9000 C:\Windows\System32\SHCORE.dll [fFlags=0x0]
234c.1b7c: supR3HardenedWinVerifyCacheScheduleImports: Import todo: #0 'msvcp_win.dll'.
234c.1b7c: supHardenedWinVerifyImageByHandle: -> 0 (\Device\HarddiskVolume3\Windows\System32\SHCore.dll)
234c.1b7c: supR3HardenedWinVerifyCacheInsert: \Device\HarddiskVolume3\Windows\System32\SHCore.dll
234c.1b7c: supR3HardenedDllNotificationCallback: load   00007ffbaf190000 LB 0x0005e000 C:\Windows\System32\shlwapi.dll [fFlags=0x0]
234c.1b7c: supR3HardenedWinVerifyCacheScheduleImports: Import todo: #1 'msvcrt.dll'.
234c.1b7c: supHardenedWinVerifyImageByHandle: -> 0 (\Device\HarddiskVolume3\Windows\System32\shlwapi.dll)
234c.1b7c: supR3HardenedWinVerifyCacheInsert: \Device\HarddiskVolume3\Windows\System32\shlwapi.dll
234c.1b7c: supR3HardenedWinVerifyCacheProcessImportTodos: Processing 'msvcrt.dll'...
234c.1b7c: supR3HardenedWinVerifyCacheProcessImportTodos: 'msvcrt.dll' -> '\Device\HarddiskVolume3\Windows\System32\msvcrt.dll' [rcNtRedir=0xc0150008]
234c.1b7c: supR3HardenedWinVerifyCacheProcessImportTodos: Processing 'msvcp_win.dll'...
234c.1b7c: supR3HardenedWinVerifyCacheProcessImportTodos: 'msvcp_win.dll' -> '\Device\HarddiskVolume3\Windows\System32\msvcp_win.dll' [rcNtRedir=0xc0150008]
234c.1b7c: supR3HardenedScreenImage/Imports: cache hit (VINF_SUCCESS) on \Device\HarddiskVolume3\Windows\System32\msvcp_win.dll
234c.1b7c: supR3HardenedWinVerifyCacheProcessImportTodos: Processing 'combase.dll'...
234c.1b7c: supR3HardenedWinVerifyCacheProcessImportTodos: 'combase.dll' -> '\Device\HarddiskVolume3\Windows\System32\combase.dll' [rcNtRedir=0xc0150008]
234c.1b7c: supR3HardenedScreenImage/Imports: cache hit (VINF_SUCCESS) on \Device\HarddiskVolume3\Windows\System32\combase.dll
234c.1b7c: supR3HardenedWinVerifyCacheProcessImportTodos: Processing 'msvcp_win.dll'...
234c.1b7c: supR3HardenedWinVerifyCacheProcessImportTodos: 'msvcp_win.dll' -> '\Device\HarddiskVolume3\Windows\System32\msvcp_win.dll' [rcNtRedir=0xc0150008]
234c.1b7c: supR3HardenedWinVerifyCacheProcessImportTodos: Processing 'combase.dll'...
234c.1b7c: supR3HardenedWinVerifyCacheProcessImportTodos: 'combase.dll' -> '\Device\HarddiskVolume3\Windows\System32\combase.dll' [rcNtRedir=0xc0150008]
234c.1b7c: supR3HardenedScreenImage/Imports: cache hit (VINF_SUCCESS) on \Device\HarddiskVolume3\Windows\System32\combase.dll
234c.1b7c: supR3HardenedMonitor_LdrLoadDll: returns rcNt=0x0 hMod=00007ffbab9d0000 'C:\Windows\system32\rsaenh.dll'
234c.1b7c: supR3HardenedMonitor_LdrLoadDll: returns rcNt=0x0 hMod=00007ffbaca60000 'C:\Windows\System32\crypt32.dll'
234c.1b7c: supR3HardenedWinVerifyCacheProcessWvtTodos: 0 (was 0) fWinVerifyTrust=1 for '\Device\HarddiskVolume3\Windows\System32\shlwapi.dll'
234c.1b7c: supR3HardenedMonitor_LdrLoadDll: returns rcNt=0x0 hMod=00007ffbab9d0000 'C:\Windows\system32\rsaenh.dll'
234c.1b7c: supR3HardenedMonitor_LdrLoadDll: returns rcNt=0x0 hMod=00007ffbaca60000 'C:\Windows\System32\crypt32.dll'
234c.1b7c: supR3HardenedWinVerifyCacheProcessWvtTodos: 0 (was 0) fWinVerifyTrust=1 for '\Device\HarddiskVolume3\Windows\System32\SHCore.dll'
234c.1b7c: supR3HardenedMonitor_LdrLoadDll: returns rcNt=0x0 hMod=00007ffbab9d0000 'C:\Windows\system32\rsaenh.dll'
234c.1b7c: supR3HardenedMonitor_LdrLoadDll: returns rcNt=0x0 hMod=00007ffbaca60000 'C:\Windows\System32\crypt32.dll'
234c.1b7c: supR3HardenedWinVerifyCacheProcessWvtTodos: 0 (was 0) fWinVerifyTrust=1 for '\Device\HarddiskVolume3\Windows\System32\WinTypes.dll'
234c.1b7c: supR3HardenedMonitor_LdrLoadDll: returns rcNt=0x0 hMod=00007ffbab9d0000 'C:\Windows\system32\rsaenh.dll'
234c.1b7c: supR3HardenedMonitor_LdrLoadDll: returns rcNt=0x0 hMod=00007ffbaca60000 'C:\Windows\System32\crypt32.dll'
234c.1b7c: supR3HardenedWinVerifyCacheProcessWvtTodos: 0 (was 0) fWinVerifyTrust=1 for '\Device\HarddiskVolume3\Windows\System32\windows.storage.dll'
234c.1b7c: supR3HardenedMonitor_LdrLoadDll: returns rcNt=0x0 hMod=00007ffbab9d0000 'C:\Windows\system32\rsaenh.dll'
234c.1b7c: supR3HardenedMonitor_LdrLoadDll: returns rcNt=0x0 hMod=00007ffbaca60000 'C:\Windows\System32\crypt32.dll'
234c.1b7c: supR3HardenedWinVerifyCacheScheduleImports: Import todo: #0 'advapi32.dll'.
234c.1b7c: supR3HardenedWinVerifyCacheScheduleImports: Import todo: #1 'dwmapi.dll'.
234c.1b7c: supR3HardenedWinVerifyCacheScheduleImports: Import todo: #2 'gdi32.dll'.
234c.1b7c: supR3HardenedWinVerifyCacheScheduleImports: Import todo: #3 'imm32.dll'.
234c.1b7c: supR3HardenedWinVerifyCacheScheduleImports: Import todo: #4 'ole32.dll'.
234c.1b7c: supR3HardenedWinVerifyCacheScheduleImports: Import todo: #5 'oleaut32.dll'.
234c.1b7c: supR3HardenedWinVerifyCacheScheduleImports: Import todo: #6 'setupapi.dll'.
234c.1b7c: supR3HardenedWinVerifyCacheScheduleImports: Import todo: #7 'shell32.dll'.
234c.1b7c: supR3HardenedWinVerifyCacheScheduleImports: Import todo: #8 'shlwapi.dll'.
234c.1b7c: supR3HardenedWinVerifyCacheScheduleImports: Import todo: #9 'user32.dll'.
234c.1b7c: supR3HardenedWinVerifyCacheScheduleImports: Import todo: #10 'winmm.dll'.
234c.1b7c: supR3HardenedWinVerifyCacheScheduleImports: Import todo: #11 'wtsapi32.dll'.
234c.1b7c: supR3HardenedWinVerifyCacheScheduleImports: Import todo: #13 'comdlg32.dll'.
234c.1b7c: supR3HardenedWinVerifyCacheScheduleImports: Import todo: #14 'd3d9.dll'.
234c.1b7c: supR3HardenedWinVerifyCacheScheduleImports: Import todo: #17 'uiautomationcore.dll'.
234c.1b7c: supR3HardenedWinVerifyCacheScheduleImports: Import todo: #18 'qt6guivbox.dll'.
234c.1b7c: supR3HardenedWinVerifyCacheScheduleImports: Import todo: #19 'qt6corevbox.dll'.
234c.1b7c: supR3HardenedWinVerifyCacheScheduleImports: Import todo: #21 'msvcp140.dll'.
234c.1b7c: supR3HardenedWinVerifyCacheScheduleImports: Import todo: #22 'vcruntime140.dll'.
234c.1b7c: supR3HardenedWinVerifyCacheScheduleImports: Import todo: #23 'vcruntime140_1.dll'.
234c.1b7c: supHardenedWinVerifyImageByHandle: -> 0 (\Device\HarddiskVolume3\Program Files\Oracle\VirtualBox\platforms\qwindowsVBox.dll) WinVerifyTrust
234c.1b7c: supR3HardenedWinVerifyCacheInsert: \Device\HarddiskVolume3\Program Files\Oracle\VirtualBox\platforms\qwindowsVBox.dll
234c.1b7c: supR3HardenedWinVerifyCacheProcessImportTodos: Processing 'vcruntime140_1.dll'...
234c.1b7c: supR3HardenedWinVerifyCacheProcessImportTodos: 'vcruntime140_1.dll' -> '\Device\HarddiskVolume3\Windows\System32\vcruntime140_1.dll' [rcNtRedir=0xc0150008]
234c.1b7c: supR3HardenedWinVerifyCacheProcessImportTodos: Processing 'vcruntime140.dll'...
234c.1b7c: supR3HardenedWinVerifyCacheProcessImportTodos: 'vcruntime140.dll' -> '\Device\HarddiskVolume3\Windows\System32\vcruntime140.dll' [rcNtRedir=0xc0150008]
234c.1b7c: supR3HardenedWinVerifyCacheProcessImportTodos: Processing 'msvcp140.dll'...
234c.1b7c: supR3HardenedWinVerifyCacheProcessImportTodos: 'msvcp140.dll' -> '\Device\HarddiskVolume3\Windows\System32\msvcp140.dll' [rcNtRedir=0xc0150008]
234c.1b7c: supR3HardenedWinVerifyCacheProcessImportTodos: Processing 'qt6corevbox.dll'...
234c.1b7c: supR3HardenedWinVerifyCacheProcessImportTodos: 'qt6corevbox.dll' -> '\Device\HarddiskVolume3\Program Files\Oracle\VirtualBox\qt6corevbox.dll' [rcNtRedir=0xc0150008]
234c.1b7c: supR3HardenedWinVerifyCacheProcessImportTodos: Processing 'qt6guivbox.dll'...
234c.1b7c: supR3HardenedWinVerifyCacheProcessImportTodos: 'qt6guivbox.dll' -> '\Device\HarddiskVolume3\Program Files\Oracle\VirtualBox\qt6guivbox.dll' [rcNtRedir=0xc0150008]
234c.1b7c: supR3HardenedScreenImage/Imports: cache hit (VINF_SUCCESS) on \Device\HarddiskVolume3\Program Files\Oracle\VirtualBox\Qt6GuiVBox.dll
234c.1b7c: supR3HardenedWinVerifyCacheProcessImportTodos: Processing 'uiautomationcore.dll'...
234c.1b7c: supR3HardenedWinVerifyCacheProcessImportTodos: 'uiautomationcore.dll' -> '\Device\HarddiskVolume3\Windows\System32\uiautomationcore.dll' [rcNtRedir=0xc0150008]
234c.1b7c: supR3HardNtViCallWinVerifyTrustCatFile: hFile=00000000000006a8 pwszName=\Device\HarddiskVolume3\Windows\System32\UIAutomationCore.dll
234c.1b7c: supR3HardNtViCallWinVerifyTrustCatFile: Cached context 000001e52ca9f790
234c.1b7c: supR3HardNtViCallWinVerifyTrustCatFile: hCatAdmin=000001e52ca9f790
234c.1b7c: supR3HardNtViCallWinVerifyTrustCatFile: cbHash=20 wszDigest=3A8329C71C1D58293ED696AC861CF9107493650E
234c.1b7c: supR3HardenedMonitor_LdrLoadDll: returns rcNt=0x0 hMod=00007ffbab9d0000 'C:\Windows\system32\rsaenh.dll'
234c.1b7c: supR3HardenedMonitor_LdrLoadDll: returns rcNt=0x0 hMod=00007ffbaca60000 'C:\Windows\System32\crypt32.dll'
234c.1b7c: supR3HardNtViCallWinVerifyTrustCatFile: WinVerifyTrust => 0x0; cat='C:\Windows\system32\CatRoot\{F750E6C3-38EE-11D1-85E5-00C04FC295EE}\Microsoft-Windows-Client-Desktop-Required-Package05114~31bf3856ad364e35~amd64~~10.0.22621.4317.cat'; file='\Device\HarddiskVolume3\Windows\System32\UIAutomationCore.dll'
234c.1b7c: supR3HardNtViCallWinVerifyTrustCatFile -> 0 (org 22900)
234c.1b7c: supR3HardenedWinVerifyCacheScheduleImports: Import todo: #0 'msvcp_win.dll'.
234c.1b7c: supHardenedWinVerifyImageByHandle: -> 0 (\Device\HarddiskVolume3\Windows\System32\UIAutomationCore.dll) WinVerifyTrust
234c.1b7c: supR3HardenedWinVerifyCacheInsert: \Device\HarddiskVolume3\Windows\System32\UIAutomationCore.dll
234c.1b7c: supR3HardenedWinVerifyCacheProcessImportTodos: Processing 'd3d9.dll'...
234c.1b7c: supR3HardenedWinVerifyCacheProcessImportTodos: 'd3d9.dll' -> '\Device\HarddiskVolume3\Windows\System32\d3d9.dll' [rcNtRedir=0xc0150008]
234c.1b7c: supR3HardenedWinVerifyCacheProcessImportTodos: Processing 'msvcp_win.dll'...
234c.1b7c: supR3HardenedWinVerifyCacheProcessImportTodos: 'msvcp_win.dll' -> '\Device\HarddiskVolume3\Windows\System32\msvcp_win.dll' [rcNtRedir=0xc0150008]
234c.1b7c: supR3HardenedMonitor_LdrLoadDll: returns rcNt=0x0 hMod=00007ffbab9d0000 'C:\Windows\system32\rsaenh.dll'
234c.1b7c: supR3HardenedMonitor_LdrLoadDll: returns rcNt=0x0 hMod=00007ffbaca60000 'C:\Windows\System32\crypt32.dll'
234c.1b7c: supR3HardenedWinVerifyCacheScheduleImports: Import todo: #0 'msvcrt.dll'.
234c.1b7c: supR3HardenedWinVerifyCacheScheduleImports: Import todo: #6 'user32.dll'.
234c.1b7c: supR3HardenedWinVerifyCacheScheduleImports: Import todo: #8 'win32u.dll'.
234c.1b7c: supR3HardenedWinVerifyCacheScheduleImports: Import todo: #9 'gdi32.dll'.
234c.1b7c: supR3HardenedWinVerifyCacheScheduleImports: Import todo: #11 'dwmapi.dll'.
234c.1b7c: supHardenedWinVerifyImageByHandle: -> 0 (\Device\HarddiskVolume3\Windows\System32\d3d9.dll) WinVerifyTrust
234c.1b7c: supR3HardenedWinVerifyCacheInsert: \Device\HarddiskVolume3\Windows\System32\d3d9.dll
234c.1b7c: supR3HardenedWinVerifyCacheProcessImportTodos: Processing 'comdlg32.dll'...
234c.1b7c: supR3HardenedWinVerifyCacheProcessImportTodos: 'comdlg32.dll' -> '\Device\HarddiskVolume3\Windows\System32\comdlg32.dll' [rcNtRedir=0xc0150008]
234c.1b7c: supR3HardNtViCallWinVerifyTrustCatFile: hFile=0000000000000610 pwszName=\Device\HarddiskVolume3\Windows\System32\comdlg32.dll
234c.1b7c: supR3HardNtViCallWinVerifyTrustCatFile: Cached context 000001e52ca9f790
234c.1b7c: supR3HardNtViCallWinVerifyTrustCatFile: hCatAdmin=000001e52ca9f790
234c.1b7c: supR3HardNtViCallWinVerifyTrustCatFile: cbHash=20 wszDigest=5B68A6B8F3C1EA558FD5C98C4F9C3BE2A212A541
234c.1b7c: supR3HardenedWinVerifyCacheProcessImportTodos: Processing 'dwmapi.dll'...
234c.1b7c: supR3HardenedWinVerifyCacheProcessImportTodos: 'dwmapi.dll' -> '\Device\HarddiskVolume3\Windows\System32\dwmapi.dll' [rcNtRedir=0xc0150008]
234c.1b7c: supR3HardenedScreenImage/Imports: cache hit (VINF_SUCCESS) on \Device\HarddiskVolume3\Windows\System32\dwmapi.dll
234c.1b7c: supR3HardenedWinVerifyCacheProcessImportTodos: Processing 'gdi32.dll'...
234c.1b7c: supR3HardenedWinVerifyCacheProcessImportTodos: 'gdi32.dll' -> '\Device\HarddiskVolume3\Windows\System32\gdi32.dll' [rcNtRedir=0xc0150008]
234c.1b7c: supR3HardenedWinVerifyCacheProcessImportTodos: Processing 'win32u.dll'...
234c.1b7c: supR3HardenedWinVerifyCacheProcessImportTodos: 'win32u.dll' -> '\Device\HarddiskVolume3\Windows\System32\win32u.dll' [rcNtRedir=0xc0150008]
234c.1b7c: supR3HardenedWinVerifyCacheProcessImportTodos: Processing 'user32.dll'...
234c.1b7c: supR3HardenedWinVerifyCacheProcessImportTodos: 'user32.dll' -> '\Device\HarddiskVolume3\Windows\System32\user32.dll' [rcNtRedir=0xc0150008]
234c.1b7c: supR3HardenedWinVerifyCacheProcessImportTodos: Processing 'msvcrt.dll'...
234c.1b7c: supR3HardenedWinVerifyCacheProcessImportTodos: 'msvcrt.dll' -> '\Device\HarddiskVolume3\Windows\System32\msvcrt.dll' [rcNtRedir=0xc0150008]
234c.1b7c: supR3HardenedMonitor_LdrLoadDll: returns rcNt=0x0 hMod=00007ffbab9d0000 'C:\Windows\system32\rsaenh.dll'
234c.1b7c: supR3HardenedMonitor_LdrLoadDll: returns rcNt=0x0 hMod=00007ffbaca60000 'C:\Windows\System32\crypt32.dll'
234c.1b7c: supR3HardNtViCallWinVerifyTrustCatFile: WinVerifyTrust => 0x0; cat='C:\Windows\system32\CatRoot\{F750E6C3-38EE-11D1-85E5-00C04FC295EE}\Microsoft-Windows-Client-Desktop-Required-Package05114~31bf3856ad364e35~amd64~~10.0.22621.4317.cat'; file='\Device\HarddiskVolume3\Windows\System32\comdlg32.dll'
234c.1b7c: supR3HardNtViCallWinVerifyTrustCatFile -> 0 (org 22900)
234c.1b7c: supR3HardenedWinVerifyCacheScheduleImports: Import todo: #0 'msvcp_win.dll'.
234c.1b7c: supR3HardenedWinVerifyCacheScheduleImports: Import todo: #26 'rpcrt4.dll'.
234c.1b7c: supR3HardenedWinVerifyCacheScheduleImports: Import todo: #43 'user32.dll'.
234c.1b7c: supR3HardenedWinVerifyCacheScheduleImports: Import todo: #61 'shlwapi.dll'.
234c.1b7c: supR3HardenedWinVerifyCacheScheduleImports: Import todo: #62 'gdi32.dll'.
234c.1b7c: supR3HardenedWinVerifyCacheScheduleImports: Import todo: #63 'comctl32.dll'.
234c.1b7c: supR3HardenedWinVerifyCacheScheduleImports: Import todo: #64 'shell32.dll'.
234c.1b7c: supHardenedWinVerifyImageByHandle: -> 0 (\Device\HarddiskVolume3\Windows\System32\comdlg32.dll) WinVerifyTrust
234c.1b7c: supR3HardenedWinVerifyCacheInsert: \Device\HarddiskVolume3\Windows\System32\comdlg32.dll
234c.1b7c: supR3HardenedWinVerifyCacheProcessImportTodos: Processing 'wtsapi32.dll'...
234c.1b7c: supR3HardenedWinVerifyCacheProcessImportTodos: 'wtsapi32.dll' -> '\Device\HarddiskVolume3\Windows\System32\wtsapi32.dll' [rcNtRedir=0xc0150008]
234c.1b7c: supR3HardenedWinVerifyCacheProcessImportTodos: Processing 'shell32.dll'...
234c.1b7c: supR3HardenedWinVerifyCacheProcessImportTodos: 'shell32.dll' -> '\Device\HarddiskVolume3\Windows\System32\shell32.dll' [rcNtRedir=0xc0150008]
234c.1b7c: supR3HardenedScreenImage/Imports: cache hit (VINF_SUCCESS) on \Device\HarddiskVolume3\Windows\System32\shell32.dll
234c.1b7c: supR3HardenedWinVerifyCacheProcessImportTodos: Processing 'comctl32.dll'...
234c.1b7c: supR3HardenedWinVerifyCacheProcessImportTodos: 'comctl32.dll' -> '\Device\HarddiskVolume3\Windows\System32\comctl32.dll' [rcNtRedir=0x0]
234c.1b7c: Detected WinVerifyTrust recursion: rc=VINF_SUCCESS '\Device\HarddiskVolume3\Windows\System32\comctl32.dll'.
234c.1b7c: supR3HardenedWinVerifyCacheScheduleImports: Import todo: #1 'advapi32.dll'.
234c.1b7c: supR3HardenedWinVerifyCacheScheduleImports: Import todo: #2 'gdi32.dll'.
234c.1b7c: supR3HardenedWinVerifyCacheScheduleImports: Import todo: #4 'user32.dll'.
234c.1b7c: supHardenedWinVerifyImageByHandle: -> 0 (\Device\HarddiskVolume3\Windows\System32\comctl32.dll)
234c.1b7c: supR3HardenedWinVerifyCacheInsert: \Device\HarddiskVolume3\Windows\System32\comctl32.dll
234c.1b7c: supR3HardenedWinVerifyCacheProcessImportTodos: Processing 'gdi32.dll'...
234c.1b7c: supR3HardenedWinVerifyCacheProcessImportTodos: 'gdi32.dll' -> '\Device\HarddiskVolume3\Windows\System32\gdi32.dll' [rcNtRedir=0xc0150008]
234c.1b7c: supR3HardenedWinVerifyCacheProcessImportTodos: Processing 'shlwapi.dll'...
234c.1b7c: supR3HardenedWinVerifyCacheProcessImportTodos: 'shlwapi.dll' -> '\Device\HarddiskVolume3\Windows\System32\shlwapi.dll' [rcNtRedir=0xc0150008]
234c.1b7c: supR3HardenedScreenImage/Imports: cache hit (VINF_SUCCESS) on \Device\HarddiskVolume3\Windows\System32\shlwapi.dll
234c.1b7c: supR3HardenedWinVerifyCacheProcessImportTodos: Processing 'user32.dll'...
234c.1b7c: supR3HardenedWinVerifyCacheProcessImportTodos: 'user32.dll' -> '\Device\HarddiskVolume3\Windows\System32\user32.dll' [rcNtRedir=0xc0150008]
234c.1b7c: supR3HardenedWinVerifyCacheProcessImportTodos: Processing 'rpcrt4.dll'...
234c.1b7c: supR3HardenedWinVerifyCacheProcessImportTodos: 'rpcrt4.dll' -> '\Device\HarddiskVolume3\Windows\System32\rpcrt4.dll' [rcNtRedir=0xc0150008]
234c.1b7c: supR3HardenedWinVerifyCacheProcessImportTodos: Processing 'msvcp_win.dll'...
234c.1b7c: supR3HardenedWinVerifyCacheProcessImportTodos: 'msvcp_win.dll' -> '\Device\HarddiskVolume3\Windows\System32\msvcp_win.dll' [rcNtRedir=0xc0150008]
234c.1b7c: supR3HardenedWinVerifyCacheProcessImportTodos: Processing 'user32.dll'...
234c.1b7c: supR3HardenedWinVerifyCacheProcessImportTodos: 'user32.dll' -> '\Device\HarddiskVolume3\Windows\System32\user32.dll' [rcNtRedir=0xc0150008]
234c.1b7c: supR3HardenedWinVerifyCacheProcessImportTodos: Processing 'gdi32.dll'...
234c.1b7c: supR3HardenedWinVerifyCacheProcessImportTodos: 'gdi32.dll' -> '\Device\HarddiskVolume3\Windows\System32\gdi32.dll' [rcNtRedir=0xc0150008]
234c.1b7c: supR3HardenedWinVerifyCacheProcessImportTodos: Processing 'advapi32.dll'...
234c.1b7c: supR3HardenedWinVerifyCacheProcessImportTodos: 'advapi32.dll' -> '\Device\HarddiskVolume3\Windows\System32\advapi32.dll' [rcNtRedir=0xc0150008]
234c.1b7c: supR3HardenedScreenImage/Imports: cache hit (VINF_SUCCESS) on \Device\HarddiskVolume3\Windows\System32\advapi32.dll
234c.1b7c: supR3HardenedMonitor_LdrLoadDll: returns rcNt=0x0 hMod=00007ffbab9d0000 'C:\Windows\system32\rsaenh.dll'
234c.1b7c: supR3HardenedMonitor_LdrLoadDll: returns rcNt=0x0 hMod=00007ffbaca60000 'C:\Windows\System32\crypt32.dll'
234c.1b7c: supR3HardenedWinVerifyCacheScheduleImports: Import todo: #0 'msvcrt.dll'.
234c.1b7c: supHardenedWinVerifyImageByHandle: -> 0 (\Device\HarddiskVolume3\Windows\System32\wtsapi32.dll) WinVerifyTrust
234c.1b7c: supR3HardenedWinVerifyCacheInsert: \Device\HarddiskVolume3\Windows\System32\wtsapi32.dll
234c.1b7c: supR3HardenedWinVerifyCacheProcessImportTodos: Processing 'winmm.dll'...
234c.1b7c: supR3HardenedWinVerifyCacheProcessImportTodos: 'winmm.dll' -> '\Device\HarddiskVolume3\Windows\System32\winmm.dll' [rcNtRedir=0xc0150008]
234c.1b7c: supR3HardenedScreenImage/Imports: cache hit (VINF_SUCCESS) on \Device\HarddiskVolume3\Windows\System32\winmm.dll
234c.1b7c: supR3HardenedWinVerifyCacheProcessImportTodos: Processing 'user32.dll'...
234c.1b7c: supR3HardenedWinVerifyCacheProcessImportTodos: 'user32.dll' -> '\Device\HarddiskVolume3\Windows\System32\user32.dll' [rcNtRedir=0xc0150008]
234c.1b7c: supR3HardenedWinVerifyCacheProcessImportTodos: Processing 'shlwapi.dll'...
234c.1b7c: supR3HardenedWinVerifyCacheProcessImportTodos: 'shlwapi.dll' -> '\Device\HarddiskVolume3\Windows\System32\shlwapi.dll' [rcNtRedir=0xc0150008]
234c.1b7c: supR3HardenedScreenImage/Imports: cache hit (VINF_SUCCESS) on \Device\HarddiskVolume3\Windows\System32\shlwapi.dll
234c.1b7c: supR3HardenedWinVerifyCacheProcessImportTodos: Processing 'shell32.dll'...
234c.1b7c: supR3HardenedWinVerifyCacheProcessImportTodos: 'shell32.dll' -> '\Device\HarddiskVolume3\Windows\System32\shell32.dll' [rcNtRedir=0xc0150008]
234c.1b7c: supR3HardenedScreenImage/Imports: cache hit (VINF_SUCCESS) on \Device\HarddiskVolume3\Windows\System32\shell32.dll
234c.1b7c: supR3HardenedWinVerifyCacheProcessImportTodos: Processing 'setupapi.dll'...
234c.1b7c: supR3HardenedWinVerifyCacheProcessImportTodos: 'setupapi.dll' -> '\Device\HarddiskVolume3\Windows\System32\setupapi.dll' [rcNtRedir=0xc0150008]
234c.1b7c: supR3HardenedWinVerifyCacheProcessImportTodos: Processing 'msvcrt.dll'...
234c.1b7c: supR3HardenedWinVerifyCacheProcessImportTodos: 'msvcrt.dll' -> '\Device\HarddiskVolume3\Windows\System32\msvcrt.dll' [rcNtRedir=0xc0150008]
234c.1b7c: supR3HardenedMonitor_LdrLoadDll: returns rcNt=0x0 hMod=00007ffbab9d0000 'C:\Windows\system32\rsaenh.dll'
234c.1b7c: supR3HardenedMonitor_LdrLoadDll: returns rcNt=0x0 hMod=00007ffbaca60000 'C:\Windows\System32\crypt32.dll'
234c.1b7c: supR3HardenedWinVerifyCacheScheduleImports: Import todo: #0 'msvcrt.dll'.
234c.1b7c: supHardenedWinVerifyImageByHandle: -> 0 (\Device\HarddiskVolume3\Windows\System32\setupapi.dll) WinVerifyTrust
234c.1b7c: supR3HardenedWinVerifyCacheInsert: \Device\HarddiskVolume3\Windows\System32\setupapi.dll
234c.1b7c: supR3HardenedWinVerifyCacheProcessImportTodos: Processing 'oleaut32.dll'...
234c.1b7c: supR3HardenedWinVerifyCacheProcessImportTodos: 'oleaut32.dll' -> '\Device\HarddiskVolume3\Windows\System32\oleaut32.dll' [rcNtRedir=0xc0150008]
234c.1b7c: supR3HardenedScreenImage/Imports: cache hit (VINF_SUCCESS) on \Device\HarddiskVolume3\Windows\System32\oleaut32.dll
234c.1b7c: supR3HardenedWinVerifyCacheProcessImportTodos: Processing 'ole32.dll'...
234c.1b7c: supR3HardenedWinVerifyCacheProcessImportTodos: 'ole32.dll' -> '\Device\HarddiskVolume3\Windows\System32\ole32.dll' [rcNtRedir=0xc0150008]
234c.1b7c: supR3HardenedScreenImage/Imports: cache hit (VINF_SUCCESS) on \Device\HarddiskVolume3\Windows\System32\ole32.dll
234c.1b7c: supR3HardenedWinVerifyCacheProcessImportTodos: Processing 'imm32.dll'...
234c.1b7c: supR3HardenedWinVerifyCacheProcessImportTodos: 'imm32.dll' -> '\Device\HarddiskVolume3\Windows\System32\imm32.dll' [rcNtRedir=0xc0150008]
234c.1b7c: supR3HardenedScreenImage/Imports: cache hit (VINF_SUCCESS) on \Device\HarddiskVolume3\Windows\System32\imm32.dll
234c.1b7c: supR3HardenedWinVerifyCacheProcessImportTodos: Processing 'gdi32.dll'...
234c.1b7c: supR3HardenedWinVerifyCacheProcessImportTodos: 'gdi32.dll' -> '\Device\HarddiskVolume3\Windows\System32\gdi32.dll' [rcNtRedir=0xc0150008]
234c.1b7c: supR3HardenedWinVerifyCacheProcessImportTodos: Processing 'dwmapi.dll'...
234c.1b7c: supR3HardenedWinVerifyCacheProcessImportTodos: 'dwmapi.dll' -> '\Device\HarddiskVolume3\Windows\System32\dwmapi.dll' [rcNtRedir=0xc0150008]
234c.1b7c: supR3HardenedScreenImage/Imports: cache hit (VINF_SUCCESS) on \Device\HarddiskVolume3\Windows\System32\dwmapi.dll
234c.1b7c: supR3HardenedWinVerifyCacheProcessImportTodos: Processing 'advapi32.dll'...
234c.1b7c: supR3HardenedWinVerifyCacheProcessImportTodos: 'advapi32.dll' -> '\Device\HarddiskVolume3\Windows\System32\advapi32.dll' [rcNtRedir=0xc0150008]
234c.1b7c: supR3HardenedScreenImage/Imports: cache hit (VINF_SUCCESS) on \Device\HarddiskVolume3\Windows\System32\advapi32.dll
234c.1b7c: supR3HardenedWinVerifyCacheProcessImportTodos: Processing 'msvcrt.dll'...
234c.1b7c: supR3HardenedWinVerifyCacheProcessImportTodos: 'msvcrt.dll' -> '\Device\HarddiskVolume3\Windows\System32\msvcrt.dll' [rcNtRedir=0xc0150008]
234c.1b7c: supR3HardenedMonitor_LdrLoadDll: pName=C:\Program Files\Oracle\VirtualBox\platforms\qwindowsVBox.dll (rcNtResolve=0xc0150008) *pfFlags=0x0 pwszSearchPath=0000000000000001:<flags> [calling]
234c.1b7c: supR3HardenedScreenImage/NtCreateSection: cache hit (VINF_SUCCESS) on \Device\HarddiskVolume3\Program Files\Oracle\VirtualBox\platforms\qwindowsVBox.dll
234c.1b7c: supR3HardenedScreenImage/NtCreateSection: cache hit (VINF_SUCCESS) on \Device\HarddiskVolume3\Windows\System32\wtsapi32.dll
234c.1b7c: supR3HardenedWinVerifyCacheScheduleImports: Import todo: #1 'advapi32.dll'.
234c.1b7c: supR3HardenedWinVerifyCacheScheduleImports: Import todo: #2 'gdi32.dll'.
234c.1b7c: supR3HardenedWinVerifyCacheScheduleImports: Import todo: #4 'user32.dll'.
234c.1b7c: supHardenedWinVerifyImageByHandle: -> 0 (\Device\HarddiskVolume3\Windows\WinSxS\amd64_microsoft.windows.common-controls_6595b64144ccf1df_5.82.22621.3527_none_b43b7f4b638cc64f\comctl32.dll)
234c.1b7c: supR3HardenedWinVerifyCacheInsert: \Device\HarddiskVolume3\Windows\WinSxS\amd64_microsoft.windows.common-controls_6595b64144ccf1df_5.82.22621.3527_none_b43b7f4b638cc64f\comctl32.dll
234c.1b7c: supR3HardenedScreenImage/NtCreateSection: cache hit (VINF_SUCCESS) on \Device\HarddiskVolume3\Windows\System32\d3d9.dll
234c.1b7c: supR3HardenedScreenImage/NtCreateSection: cache hit (VINF_SUCCESS) on \Device\HarddiskVolume3\Windows\System32\UIAutomationCore.dll
234c.1b7c: supR3HardenedWinVerifyCacheScheduleImports: Import todo: #0 'msvcp_win.dll'.
234c.1b7c: supR3HardenedWinVerifyCacheScheduleImports: Import todo: #26 'win32u.dll'.
234c.1b7c: supHardenedWinVerifyImageByHandle: -> 0 (\Device\HarddiskVolume3\Windows\System32\DXCore.dll)
234c.1b7c: supR3HardenedWinVerifyCacheInsert: \Device\HarddiskVolume3\Windows\System32\DXCore.dll
234c.1b7c: supR3HardenedDllNotificationCallback: load   00007ffbad570000 LB 0x00474000 C:\Windows\System32\SETUPAPI.dll [fFlags=0x0]
234c.1b7c: supR3HardenedScreenImage/LdrLoadDll: cache hit (VINF_SUCCESS) on \Device\HarddiskVolume3\Windows\System32\setupapi.dll
234c.1b7c: supR3HardenedDllNotificationCallback: load   00007ffbab830000 LB 0x00014000 C:\Windows\SYSTEM32\WTSAPI32.dll [fFlags=0x0]
234c.1b7c: supR3HardenedScreenImage/LdrLoadDll: cache hit (VINF_SUCCESS) on \Device\HarddiskVolume3\Windows\System32\wtsapi32.dll
234c.1b7c: supR3HardenedDllNotificationCallback: load   00007ffb8dc70000 LB 0x000b3000 C:\Windows\WinSxS\amd64_microsoft.windows.common-controls_6595b64144ccf1df_5.82.22621.3527_none_b43b7f4b638cc64f\COMCTL32.dll [fFlags=0x0]
234c.1b7c: supR3HardenedScreenImage/LdrLoadDll: cache hit (VINF_SUCCESS) on \Device\HarddiskVolume3\Windows\WinSxS\amd64_microsoft.windows.common-controls_6595b64144ccf1df_5.82.22621.3527_none_b43b7f4b638cc64f\comctl32.dll [avoiding WinVerifyTrust]
234c.1b7c: supR3HardenedDllNotificationCallback: load   00007ffbaf390000 LB 0x000ff000 C:\Windows\System32\COMDLG32.dll [fFlags=0x0]
234c.1b7c: supR3HardenedScreenImage/LdrLoadDll: cache hit (VINF_SUCCESS) on \Device\HarddiskVolume3\Windows\System32\comdlg32.dll
234c.1b7c: supR3HardenedDllNotificationCallback: load   00007ffba9ca0000 LB 0x00037000 C:\Windows\SYSTEM32\dxcore.dll [fFlags=0x0]
234c.1b7c: supR3HardenedScreenImage/LdrLoadDll: cache hit (VINF_SUCCESS) on \Device\HarddiskVolume3\Windows\System32\DXCore.dll [avoiding WinVerifyTrust]
234c.1b7c: supR3HardenedDllNotificationCallback: load   00007ffb676f0000 LB 0x001a8000 C:\Windows\SYSTEM32\d3d9.dll [fFlags=0x0]
234c.1b7c: supR3HardenedScreenImage/LdrLoadDll: cache hit (VINF_SUCCESS) on \Device\HarddiskVolume3\Windows\System32\d3d9.dll
234c.1b7c: supR3HardenedDllNotificationCallback: load   00007ffb7bb50000 LB 0x00449000 C:\Windows\SYSTEM32\UIAutomationCore.DLL [fFlags=0x0]
234c.1b7c: supR3HardenedScreenImage/LdrLoadDll: cache hit (VINF_SUCCESS) on \Device\HarddiskVolume3\Windows\System32\UIAutomationCore.dll
234c.1b7c: supR3HardenedDllNotificationCallback: load   00007ffb52d50000 LB 0x000db000 C:\Program Files\Oracle\VirtualBox\platforms\qwindowsVBox.dll [fFlags=0x0]
234c.1b7c: supR3HardenedScreenImage/LdrLoadDll: cache hit (VINF_SUCCESS) on \Device\HarddiskVolume3\Program Files\Oracle\VirtualBox\platforms\qwindowsVBox.dll
234c.1b7c: Detected loader lock ownership: rc=VINF_SUCCESS '\Device\HarddiskVolume3\Windows\System32\DXCore.dll'.
234c.1b7c: supR3HardenedWinVerifyCacheProcessWvtTodos: 0 (was 0) fWinVerifyTrust=0 for '\Device\HarddiskVolume3\Windows\System32\DXCore.dll' [rescheduled]
234c.1b7c: Detected loader lock ownership: rc=VINF_SUCCESS '\Device\HarddiskVolume3\Windows\WinSxS\amd64_microsoft.windows.common-controls_6595b64144ccf1df_5.82.22621.3527_none_b43b7f4b638cc64f\comctl32.dll'.
234c.1b7c: supR3HardenedWinVerifyCacheProcessWvtTodos: 0 (was 0) fWinVerifyTrust=0 for '\Device\HarddiskVolume3\Windows\WinSxS\amd64_microsoft.windows.common-controls_6595b64144ccf1df_5.82.22621.3527_none_b43b7f4b638cc64f\comctl32.dll' [rescheduled]
234c.1b7c: Detected loader lock ownership: rc=VINF_SUCCESS '\Device\HarddiskVolume3\Windows\System32\comctl32.dll'.
234c.1b7c: supR3HardenedWinVerifyCacheProcessWvtTodos: 0 (was 0) fWinVerifyTrust=0 for '\Device\HarddiskVolume3\Windows\System32\comctl32.dll' [rescheduled]
234c.1b7c: supR3HardenedScreenImage/LdrLoadDll: cache hit (VINF_SUCCESS) on \Device\HarddiskVolume3\Windows\System32\imm32.dll
234c.1b7c: supR3HardenedWinVerifyCacheProcessImportTodos: Processing 'win32u.dll'...
234c.1b7c: supR3HardenedWinVerifyCacheProcessImportTodos: 'win32u.dll' -> '\Device\HarddiskVolume3\Windows\System32\win32u.dll' [rcNtRedir=0xc0150008]
234c.1b7c: supR3HardenedWinVerifyCacheProcessImportTodos: Processing 'msvcp_win.dll'...
234c.1b7c: supR3HardenedWinVerifyCacheProcessImportTodos: 'msvcp_win.dll' -> '\Device\HarddiskVolume3\Windows\System32\msvcp_win.dll' [rcNtRedir=0xc0150008]
234c.1b7c: supR3HardenedWinVerifyCacheProcessImportTodos: Processing 'user32.dll'...
234c.1b7c: supR3HardenedWinVerifyCacheProcessImportTodos: 'user32.dll' -> '\Device\HarddiskVolume3\Windows\System32\user32.dll' [rcNtRedir=0xc0150008]
234c.1b7c: supR3HardenedWinVerifyCacheProcessImportTodos: Processing 'gdi32.dll'...
234c.1b7c: supR3HardenedWinVerifyCacheProcessImportTodos: 'gdi32.dll' -> '\Device\HarddiskVolume3\Windows\System32\gdi32.dll' [rcNtRedir=0xc0150008]
234c.1b7c: supR3HardenedScreenImage/Imports: cache hit (VINF_SUCCESS) on \Device\HarddiskVolume3\Windows\System32\gdi32.dll
234c.1b7c: supR3HardenedWinVerifyCacheProcessImportTodos: Processing 'advapi32.dll'...
234c.1b7c: supR3HardenedWinVerifyCacheProcessImportTodos: 'advapi32.dll' -> '\Device\HarddiskVolume3\Windows\System32\advapi32.dll' [rcNtRedir=0xc0150008]
234c.1b7c: supR3HardenedScreenImage/Imports: cache hit (VINF_SUCCESS) on \Device\HarddiskVolume3\Windows\System32\advapi32.dll
234c.1b7c: supR3HardenedMonitor_LdrLoadDll: pName=C:\Windows\System32\imm32.dll (Input=imm32.dll, rcNtResolve=0xc0150008) *pfFlags=0x0 pwszSearchPath=0000000000000001:<flags> [calling]
234c.1b7c: supR3HardenedMonitor_LdrLoadDll: returns rcNt=0x0 hMod=00007ffbad9f0000 'C:\Windows\System32\imm32.dll'
234c.1b7c: Detected loader lock ownership: rc=VINF_SUCCESS '\Device\HarddiskVolume3\Windows\System32\DXCore.dll'.
234c.1b7c: supR3HardenedWinVerifyCacheProcessWvtTodos: 0 (was 0) fWinVerifyTrust=0 for '\Device\HarddiskVolume3\Windows\System32\DXCore.dll' [rescheduled]
234c.1b7c: Detected loader lock ownership: rc=VINF_SUCCESS '\Device\HarddiskVolume3\Windows\WinSxS\amd64_microsoft.windows.common-controls_6595b64144ccf1df_5.82.22621.3527_none_b43b7f4b638cc64f\comctl32.dll'.
234c.1b7c: supR3HardenedWinVerifyCacheProcessWvtTodos: 0 (was 0) fWinVerifyTrust=0 for '\Device\HarddiskVolume3\Windows\WinSxS\amd64_microsoft.windows.common-controls_6595b64144ccf1df_5.82.22621.3527_none_b43b7f4b638cc64f\comctl32.dll' [rescheduled]
234c.1b7c: Detected loader lock ownership: rc=VINF_SUCCESS '\Device\HarddiskVolume3\Windows\System32\comctl32.dll'.
234c.1b7c: supR3HardenedWinVerifyCacheProcessWvtTodos: 0 (was 0) fWinVerifyTrust=0 for '\Device\HarddiskVolume3\Windows\System32\comctl32.dll' [rescheduled]
234c.1b7c: supR3HardenedMonitor_LdrLoadDll: returns rcNt=0x0 hMod=00007ffb52d50000 'C:\Program Files\Oracle\VirtualBox\platforms\qwindowsVBox.dll'
234c.1b7c: supR3HardenedMonitor_LdrLoadDll: returns rcNt=0x0 hMod=00007ffbab9d0000 'C:\Windows\system32\rsaenh.dll'
234c.1b7c: supR3HardenedMonitor_LdrLoadDll: returns rcNt=0x0 hMod=00007ffbaca60000 'C:\Windows\System32\crypt32.dll'
234c.1b7c: supR3HardenedWinVerifyCacheProcessWvtTodos: 0 (was 0) fWinVerifyTrust=1 for '\Device\HarddiskVolume3\Windows\System32\DXCore.dll'
234c.1b7c: supR3HardenedMonitor_LdrLoadDll: returns rcNt=0x0 hMod=00007ffbab9d0000 'C:\Windows\system32\rsaenh.dll'
234c.1b7c: supR3HardenedMonitor_LdrLoadDll: returns rcNt=0x0 hMod=00007ffbaca60000 'C:\Windows\System32\crypt32.dll'
234c.1b7c: supR3HardenedWinVerifyCacheProcessWvtTodos: 0 (was 0) fWinVerifyTrust=1 for '\Device\HarddiskVolume3\Windows\WinSxS\amd64_microsoft.windows.common-controls_6595b64144ccf1df_5.82.22621.3527_none_b43b7f4b638cc64f\comctl32.dll'
234c.1b7c: supR3HardenedMonitor_LdrLoadDll: returns rcNt=0x0 hMod=00007ffbab9d0000 'C:\Windows\system32\rsaenh.dll'
234c.1b7c: supR3HardenedMonitor_LdrLoadDll: returns rcNt=0x0 hMod=00007ffbaca60000 'C:\Windows\System32\crypt32.dll'
234c.1b7c: supR3HardenedWinVerifyCacheProcessWvtTodos: 0 (was 0) fWinVerifyTrust=1 for '\Device\HarddiskVolume3\Windows\System32\comctl32.dll'
234c.1b7c: supR3HardenedWinVerifyCacheScheduleImports: Import todo: #4 'rpcrt4.dll'.
234c.1b7c: supR3HardenedWinVerifyCacheScheduleImports: Import todo: #38 'bcryptprimitives.dll'.
234c.1b7c: supR3HardenedWinVerifyCacheScheduleImports: Import todo: #51 'combase.dll'.
234c.1b7c: supR3HardenedWinVerifyCacheScheduleImports: Import todo: #52 'msvcp_win.dll'.
234c.1b7c: supHardenedWinVerifyImageByHandle: -> 22900 (\Device\HarddiskVolume3\Windows\System32\rpcss.dll)
234c.1b7c: supR3HardenedWinVerifyCacheInsert: \Device\HarddiskVolume3\Windows\System32\rpcss.dll
234c.1b7c: supR3HardenedMonitor_NtCreateSection: NtMapViewOfSection failed on 0000000000000764 (hFile=0000000000000720) with 0xc0000022 -> STATUS_TRUST_FAILURE
234c.1b7c: supR3HardNtViCallWinVerifyTrustCatFile: hFile=000000000000073c pwszName=\Device\HarddiskVolume3\Windows\System32\rpcss.dll
234c.1b7c: supR3HardNtViCallWinVerifyTrustCatFile: Cached context 000001e52ca9f790
234c.1b7c: supR3HardNtViCallWinVerifyTrustCatFile: hCatAdmin=000001e52ca9f790
234c.1b7c: supR3HardNtViCallWinVerifyTrustCatFile: cbHash=20 wszDigest=A0A23DE01FB3729AE4266F045E5F688E575998C9
234c.1b7c: supR3HardenedWinVerifyCacheProcessImportTodos: Processing 'msvcp_win.dll'...
234c.1b7c: supR3HardenedWinVerifyCacheProcessImportTodos: 'msvcp_win.dll' -> '\Device\HarddiskVolume3\Windows\System32\msvcp_win.dll' [rcNtRedir=0xc0150008]
234c.1b7c: supR3HardenedWinVerifyCacheProcessImportTodos: Processing 'combase.dll'...
234c.1b7c: supR3HardenedWinVerifyCacheProcessImportTodos: 'combase.dll' -> '\Device\HarddiskVolume3\Windows\System32\combase.dll' [rcNtRedir=0xc0150008]
234c.1b7c: supR3HardenedScreenImage/Imports: cache hit (VINF_SUCCESS) on \Device\HarddiskVolume3\Windows\System32\combase.dll
234c.1b7c: supR3HardenedWinVerifyCacheProcessImportTodos: Processing 'bcryptprimitives.dll'...
234c.1b7c: supR3HardenedWinVerifyCacheProcessImportTodos: 'bcryptprimitives.dll' -> '\Device\HarddiskVolume3\Windows\System32\bcryptprimitives.dll' [rcNtRedir=0xc0150008]
234c.1b7c: supR3HardenedScreenImage/Imports: cache hit (VINF_SUCCESS) on \Device\HarddiskVolume3\Windows\System32\bcryptprimitives.dll
234c.1b7c: supR3HardenedWinVerifyCacheProcessImportTodos: Processing 'rpcrt4.dll'...
234c.1b7c: supR3HardenedWinVerifyCacheProcessImportTodos: 'rpcrt4.dll' -> '\Device\HarddiskVolume3\Windows\System32\rpcrt4.dll' [rcNtRedir=0xc0150008]
234c.1b7c: supR3HardenedMonitor_LdrLoadDll: returns rcNt=0x0 hMod=00007ffbab9d0000 'C:\Windows\system32\rsaenh.dll'
234c.1b7c: supR3HardenedMonitor_LdrLoadDll: returns rcNt=0x0 hMod=00007ffbaca60000 'C:\Windows\System32\crypt32.dll'
234c.1b7c: supR3HardNtViCallWinVerifyTrustCatFile: WinVerifyTrust => 0x0; cat='C:\Windows\system32\CatRoot\{F750E6C3-38EE-11D1-85E5-00C04FC295EE}\Microsoft-Windows-Client-Desktop-Required-Package05142030~31bf3856ad364e35~amd64~~10.0.22621.4317.cat'; file='\Device\HarddiskVolume3\Windows\System32\rpcss.dll'
234c.1b7c: supR3HardNtViCallWinVerifyTrustCatFile -> 0 (org 22900)
234c.1b7c: supR3HardenedWinVerifyCacheProcessWvtTodos: 0 (was 22900) fWinVerifyTrust=1 for '\Device\HarddiskVolume3\Windows\System32\rpcss.dll'
234c.1b7c: supR3HardenedScreenImage/LdrLoadDll: cache hit (VINF_SUCCESS) on \Device\HarddiskVolume3\Windows\System32\uxtheme.dll
234c.1b7c: supR3HardenedMonitor_LdrLoadDll: pName=C:\Windows\system32\uxtheme.dll (rcNtResolve=0xc0150008) *pfFlags=0x0 pwszSearchPath=0000000000000009:<flags> [calling]
234c.1b7c: supR3HardenedMonitor_LdrLoadDll: returns rcNt=0x0 hMod=00007ffba9bb0000 'C:\Windows\system32\uxtheme.dll'
234c.1b7c: supR3HardenedWinVerifyCacheScheduleImports: Import todo: #12 'rpcrt4.dll'.
234c.1b7c: supHardenedWinVerifyImageByHandle: -> 0 (\Device\HarddiskVolume3\Windows\System32\powrprof.dll)
234c.1b7c: supR3HardenedWinVerifyCacheInsert: \Device\HarddiskVolume3\Windows\System32\powrprof.dll
234c.1b7c: supR3HardenedDllNotificationCallback: load   00007ffbac940000 LB 0x0004d000 C:\Windows\SYSTEM32\powrprof.dll [fFlags=0x0]
234c.1b7c: supR3HardenedScreenImage/LdrLoadDll: cache hit (VINF_SUCCESS) on \Device\HarddiskVolume3\Windows\System32\powrprof.dll [avoiding WinVerifyTrust]
234c.1b7c: supHardenedWinVerifyImageByHandle: -> 0 (\Device\HarddiskVolume3\Windows\System32\umpdc.dll)
234c.1b7c: supR3HardenedWinVerifyCacheInsert: \Device\HarddiskVolume3\Windows\System32\umpdc.dll
234c.1b7c: supR3HardenedDllNotificationCallback: load   00007ffbac910000 LB 0x00013000 C:\Windows\SYSTEM32\UMPDC.dll [fFlags=0x0]
234c.1b7c: supR3HardenedScreenImage/LdrLoadDll: cache hit (VINF_SUCCESS) on \Device\HarddiskVolume3\Windows\System32\umpdc.dll [avoiding WinVerifyTrust]
234c.1b7c: supR3HardenedDllNotificationCallback: load   00007ffbadce0000 LB 0x00160000 C:\Windows\System32\MSCTF.dll [fFlags=0x0]
234c.1b7c: supR3HardenedWinVerifyCacheScheduleImports: Import todo: #0 'msvcrt.dll'.
234c.1b7c: supHardenedWinVerifyImageByHandle: -> 0 (\Device\HarddiskVolume3\Windows\System32\msctf.dll)
234c.1b7c: supR3HardenedWinVerifyCacheInsert: \Device\HarddiskVolume3\Windows\System32\msctf.dll
234c.1b7c: supR3HardenedWinVerifyCacheProcessImportTodos: Processing 'msvcrt.dll'...
234c.1b7c: supR3HardenedWinVerifyCacheProcessImportTodos: 'msvcrt.dll' -> '\Device\HarddiskVolume3\Windows\System32\msvcrt.dll' [rcNtRedir=0xc0150008]
234c.1b7c: supR3HardenedWinVerifyCacheProcessImportTodos: Processing 'rpcrt4.dll'...
234c.1b7c: supR3HardenedWinVerifyCacheProcessImportTodos: 'rpcrt4.dll' -> '\Device\HarddiskVolume3\Windows\System32\rpcrt4.dll' [rcNtRedir=0xc0150008]
234c.1b7c: supR3HardenedMonitor_LdrLoadDll: returns rcNt=0x0 hMod=00007ffbab9d0000 'C:\Windows\system32\rsaenh.dll'
234c.1b7c: supR3HardenedMonitor_LdrLoadDll: returns rcNt=0x0 hMod=00007ffbaca60000 'C:\Windows\System32\crypt32.dll'
234c.1b7c: supR3HardenedWinVerifyCacheProcessWvtTodos: 0 (was 0) fWinVerifyTrust=1 for '\Device\HarddiskVolume3\Windows\System32\msctf.dll'
234c.1b7c: supR3HardenedMonitor_LdrLoadDll: returns rcNt=0x0 hMod=00007ffbab9d0000 'C:\Windows\system32\rsaenh.dll'
234c.1b7c: supR3HardenedMonitor_LdrLoadDll: returns rcNt=0x0 hMod=00007ffbaca60000 'C:\Windows\System32\crypt32.dll'
234c.1b7c: supR3HardenedWinVerifyCacheProcessWvtTodos: 0 (was 0) fWinVerifyTrust=1 for '\Device\HarddiskVolume3\Windows\System32\umpdc.dll'
234c.1b7c: supR3HardenedMonitor_LdrLoadDll: returns rcNt=0x0 hMod=00007ffbab9d0000 'C:\Windows\system32\rsaenh.dll'
234c.1b7c: supR3HardenedMonitor_LdrLoadDll: returns rcNt=0x0 hMod=00007ffbaca60000 'C:\Windows\System32\crypt32.dll'
234c.1b7c: supR3HardenedWinVerifyCacheProcessWvtTodos: 0 (was 0) fWinVerifyTrust=1 for '\Device\HarddiskVolume3\Windows\System32\powrprof.dll'
234c.1b7c: supR3HardenedScreenImage/LdrLoadDll: cache hit (VINF_SUCCESS) on \Device\HarddiskVolume3\Windows\System32\user32.dll
234c.1b7c: supR3HardenedMonitor_LdrLoadDll: pName=C:\Windows\System32\USER32.dll (Input=USER32.dll, rcNtResolve=0xc0150008) *pfFlags=0x0 pwszSearchPath=0000000000000001:<flags> [calling]
234c.1b7c: supR3HardenedMonitor_LdrLoadDll: returns rcNt=0x0 hMod=00007ffbaef70000 'C:\Windows\System32\USER32.dll'
234c.1b7c: supR3HardenedMonitor_LdrLoadDll: returns rcNt=0x0 hMod=00007ffbab9d0000 'C:\Windows\system32\rsaenh.dll'
234c.1b7c: supR3HardenedMonitor_LdrLoadDll: returns rcNt=0x0 hMod=00007ffbaca60000 'C:\Windows\System32\crypt32.dll'
234c.1b7c: supR3HardenedWinVerifyCacheScheduleImports: Import todo: #19 'cfgmgr32.dll'.
234c.1b7c: supHardenedWinVerifyImageByHandle: -> 0 (\Device\HarddiskVolume3\Windows\System32\devobj.dll) WinVerifyTrust
234c.1b7c: supR3HardenedWinVerifyCacheInsert: \Device\HarddiskVolume3\Windows\System32\devobj.dll
234c.1b7c: supR3HardenedWinVerifyCacheProcessImportTodos: Processing 'cfgmgr32.dll'...
234c.1b7c: supR3HardenedWinVerifyCacheProcessImportTodos: 'cfgmgr32.dll' -> '\Device\HarddiskVolume3\Windows\System32\cfgmgr32.dll' [rcNtRedir=0xc0150008]
234c.1b7c: supR3HardenedMonitor_LdrLoadDll: returns rcNt=0x0 hMod=00007ffbab9d0000 'C:\Windows\system32\rsaenh.dll'
234c.1b7c: supR3HardenedMonitor_LdrLoadDll: returns rcNt=0x0 hMod=00007ffbaca60000 'C:\Windows\System32\crypt32.dll'
234c.1b7c: supHardenedWinVerifyImageByHandle: -> 0 (\Device\HarddiskVolume3\Windows\System32\cfgmgr32.dll) WinVerifyTrust
234c.1b7c: supR3HardenedWinVerifyCacheInsert: \Device\HarddiskVolume3\Windows\System32\cfgmgr32.dll
234c.1b7c: supR3HardenedMonitor_LdrLoadDll: pName=C:\Windows\System32\DEVOBJ.dll (Input=DEVOBJ.dll, rcNtResolve=0xc0150008) *pfFlags=0x0 pwszSearchPath=0000000000000001:<flags> [calling]
234c.1b7c: supR3HardenedScreenImage/NtCreateSection: cache hit (VINF_SUCCESS) on \Device\HarddiskVolume3\Windows\System32\devobj.dll
234c.1b7c: supR3HardenedScreenImage/NtCreateSection: cache hit (VINF_SUCCESS) on \Device\HarddiskVolume3\Windows\System32\cfgmgr32.dll
234c.1b7c: supR3HardenedDllNotificationCallback: load   00007ffbac660000 LB 0x0004e000 C:\Windows\SYSTEM32\cfgmgr32.dll [fFlags=0x0]
234c.1b7c: supR3HardenedScreenImage/LdrLoadDll: cache hit (VINF_SUCCESS) on \Device\HarddiskVolume3\Windows\System32\cfgmgr32.dll
234c.1b7c: supR3HardenedDllNotificationCallback: load   00007ffbac630000 LB 0x0002c000 C:\Windows\System32\DEVOBJ.dll [fFlags=0x0]
234c.1b7c: supR3HardenedScreenImage/LdrLoadDll: cache hit (VINF_SUCCESS) on \Device\HarddiskVolume3\Windows\System32\devobj.dll
234c.1b7c: supR3HardenedMonitor_LdrLoadDll: returns rcNt=0x0 hMod=00007ffbac630000 'C:\Windows\System32\DEVOBJ.dll'
234c.1b7c: supR3HardenedIsApiSetDll: ApiSetQueryApiSetPresence(api-ms-win-core-registry-l1-1-0.dll) -> 0x0, fPresent=1
234c.1b7c: supR3HardenedMonitor_LdrLoadDll: pName=api-ms-win-core-registry-l1-1-0.dll (rcNtResolve=0x0) *pfFlags=0x0 pwszSearchPath=0000000000000001:<flags> [calling]
234c.1b7c: supR3HardenedMonitor_LdrLoadDll: returns rcNt=0x0 hMod=00007ffbace10000 'api-ms-win-core-registry-l1-1-0.dll'
234c.1b7c: supR3HardenedScreenImage/LdrLoadDll: cache hit (VINF_SUCCESS) on \Device\HarddiskVolume3\Windows\System32\wintrust.dll
234c.1b7c: supR3HardenedMonitor_LdrLoadDll: pName=C:\Windows\System32\WINTRUST.dll (Input=WINTRUST.dll, rcNtResolve=0xc0150008) *pfFlags=0x0 pwszSearchPath=0000000000000001:<flags> [calling]
234c.1b7c: supR3HardenedMonitor_LdrLoadDll: returns rcNt=0x0 hMod=00007ffbacda0000 'C:\Windows\System32\WINTRUST.dll'
234c.1b7c: supR3HardenedMonitor_LdrLoadDll: returns rcNt=0x0 hMod=00007ffbab9d0000 'C:\Windows\system32\rsaenh.dll'
234c.1b7c: supR3HardenedMonitor_LdrLoadDll: returns rcNt=0x0 hMod=00007ffbaca60000 'C:\Windows\System32\crypt32.dll'
234c.1b7c: supR3HardenedWinVerifyCacheScheduleImports: Import todo: #0 'gdi32.dll'.
234c.1b7c: supR3HardenedWinVerifyCacheScheduleImports: Import todo: #1 'user32.dll'.
234c.1b7c: supR3HardenedWinVerifyCacheScheduleImports: Import todo: #2 'uxtheme.dll'.
234c.1b7c: supR3HardenedWinVerifyCacheScheduleImports: Import todo: #3 'qt6widgetsvbox.dll'.
234c.1b7c: supR3HardenedWinVerifyCacheScheduleImports: Import todo: #4 'qt6guivbox.dll'.
234c.1b7c: supR3HardenedWinVerifyCacheScheduleImports: Import todo: #5 'qt6corevbox.dll'.
234c.1b7c: supR3HardenedWinVerifyCacheScheduleImports: Import todo: #7 'msvcp140.dll'.
234c.1b7c: supR3HardenedWinVerifyCacheScheduleImports: Import todo: #8 'vcruntime140.dll'.
234c.1b7c: supHardenedWinVerifyImageByHandle: -> 0 (\Device\HarddiskVolume3\Program Files\Oracle\VirtualBox\styles\qmodernwindowsstyleVBox.dll) WinVerifyTrust
234c.1b7c: supR3HardenedWinVerifyCacheInsert: \Device\HarddiskVolume3\Program Files\Oracle\VirtualBox\styles\qmodernwindowsstyleVBox.dll
234c.1b7c: supR3HardenedWinVerifyCacheProcessImportTodos: Processing 'vcruntime140.dll'...
234c.1b7c: supR3HardenedWinVerifyCacheProcessImportTodos: 'vcruntime140.dll' -> '\Device\HarddiskVolume3\Windows\System32\vcruntime140.dll' [rcNtRedir=0xc0150008]
234c.1b7c: supR3HardenedWinVerifyCacheProcessImportTodos: Processing 'msvcp140.dll'...
234c.1b7c: supR3HardenedWinVerifyCacheProcessImportTodos: 'msvcp140.dll' -> '\Device\HarddiskVolume3\Windows\System32\msvcp140.dll' [rcNtRedir=0xc0150008]
234c.1b7c: supR3HardenedWinVerifyCacheProcessImportTodos: Processing 'qt6corevbox.dll'...
234c.1b7c: supR3HardenedWinVerifyCacheProcessImportTodos: 'qt6corevbox.dll' -> '\Device\HarddiskVolume3\Program Files\Oracle\VirtualBox\qt6corevbox.dll' [rcNtRedir=0xc0150008]
234c.1b7c: supR3HardenedWinVerifyCacheProcessImportTodos: Processing 'qt6guivbox.dll'...
234c.1b7c: supR3HardenedWinVerifyCacheProcessImportTodos: 'qt6guivbox.dll' -> '\Device\HarddiskVolume3\Program Files\Oracle\VirtualBox\qt6guivbox.dll' [rcNtRedir=0xc0150008]
234c.1b7c: supR3HardenedScreenImage/Imports: cache hit (VINF_SUCCESS) on \Device\HarddiskVolume3\Program Files\Oracle\VirtualBox\Qt6GuiVBox.dll
234c.1b7c: supR3HardenedWinVerifyCacheProcessImportTodos: Processing 'qt6widgetsvbox.dll'...
234c.1b7c: supR3HardenedWinVerifyCacheProcessImportTodos: 'qt6widgetsvbox.dll' -> '\Device\HarddiskVolume3\Program Files\Oracle\VirtualBox\qt6widgetsvbox.dll' [rcNtRedir=0xc0150008]
234c.1b7c: supR3HardenedScreenImage/Imports: cache hit (VINF_SUCCESS) on \Device\HarddiskVolume3\Program Files\Oracle\VirtualBox\Qt6WidgetsVBox.dll
234c.1b7c: supR3HardenedWinVerifyCacheProcessImportTodos: Processing 'uxtheme.dll'...
234c.1b7c: supR3HardenedWinVerifyCacheProcessImportTodos: 'uxtheme.dll' -> '\Device\HarddiskVolume3\Windows\System32\uxtheme.dll' [rcNtRedir=0xc0150008]
234c.1b7c: supR3HardenedScreenImage/Imports: cache hit (VINF_SUCCESS) on \Device\HarddiskVolume3\Windows\System32\uxtheme.dll
234c.1b7c: supR3HardenedWinVerifyCacheProcessImportTodos: Processing 'user32.dll'...
234c.1b7c: supR3HardenedWinVerifyCacheProcessImportTodos: 'user32.dll' -> '\Device\HarddiskVolume3\Windows\System32\user32.dll' [rcNtRedir=0xc0150008]
234c.1b7c: supR3HardenedWinVerifyCacheProcessImportTodos: Processing 'gdi32.dll'...
234c.1b7c: supR3HardenedWinVerifyCacheProcessImportTodos: 'gdi32.dll' -> '\Device\HarddiskVolume3\Windows\System32\gdi32.dll' [rcNtRedir=0xc0150008]
234c.1b7c: supR3HardenedMonitor_LdrLoadDll: pName=C:\Program Files\Oracle\VirtualBox\styles\qmodernwindowsstyleVBox.dll (rcNtResolve=0xc0150008) *pfFlags=0x0 pwszSearchPath=0000000000000001:<flags> [calling]
234c.1b7c: supR3HardenedScreenImage/NtCreateSection: cache hit (VINF_SUCCESS) on \Device\HarddiskVolume3\Program Files\Oracle\VirtualBox\styles\qmodernwindowsstyleVBox.dll
234c.1b7c: supR3HardenedDllNotificationCallback: load   00007ffb72aa0000 LB 0x00036000 C:\Program Files\Oracle\VirtualBox\styles\qmodernwindowsstyleVBox.dll [fFlags=0x0]
234c.1b7c: supR3HardenedScreenImage/LdrLoadDll: cache hit (VINF_SUCCESS) on \Device\HarddiskVolume3\Program Files\Oracle\VirtualBox\styles\qmodernwindowsstyleVBox.dll
234c.1b7c: supR3HardenedMonitor_LdrLoadDll: returns rcNt=0x0 hMod=00007ffb72aa0000 'C:\Program Files\Oracle\VirtualBox\styles\qmodernwindowsstyleVBox.dll'
234c.1b7c: '\Device\HarddiskVolume3\Windows\System32\imageres.dll' has no imports
234c.1b7c: supHardenedWinVerifyImageByHandle: -> 22900 (\Device\HarddiskVolume3\Windows\System32\imageres.dll)
234c.1b7c: supR3HardenedWinVerifyCacheInsert: \Device\HarddiskVolume3\Windows\System32\imageres.dll
234c.1b7c: supR3HardenedMonitor_NtCreateSection: NtMapViewOfSection failed on 0000000000000748 (hFile=0000000000000754) with 0xc0000022 -> STATUS_TRUST_FAILURE
234c.1b7c: supR3HardenedScreenImage/NtCreateSection: cache hit (22900) on \Device\HarddiskVolume3\Windows\System32\imageres.dll [avoiding WinVerifyTrust]
234c.1b7c: supR3HardenedMonitor_NtCreateSection: NtMapViewOfSection failed on 0000000000000754 (hFile=0000000000000748) with 0xc0000022 -> STATUS_TRUST_FAILURE
234c.1b7c: supR3HardenedScreenImage/NtCreateSection: cache hit (22900) on \Device\HarddiskVolume3\Windows\System32\imageres.dll [avoiding WinVerifyTrust]
234c.1b7c: supR3HardenedMonitor_NtCreateSection: NtMapViewOfSection failed on 0000000000000748 (hFile=0000000000000754) with 0xc0000022 -> STATUS_TRUST_FAILURE
234c.1b7c: supR3HardenedScreenImage/NtCreateSection: cache hit (22900) on \Device\HarddiskVolume3\Windows\System32\imageres.dll [avoiding WinVerifyTrust]
234c.1b7c: supR3HardenedMonitor_NtCreateSection: NtMapViewOfSection failed on 0000000000000754 (hFile=0000000000000748) with 0xc0000022 -> STATUS_TRUST_FAILURE
234c.1b7c: supR3HardNtViCallWinVerifyTrustCatFile: hFile=00000000000006f4 pwszName=\Device\HarddiskVolume3\Windows\System32\imageres.dll
234c.1b7c: supR3HardNtViCallWinVerifyTrustCatFile: Cached context 000001e52ca9f790
234c.1b7c: supR3HardNtViCallWinVerifyTrustCatFile: hCatAdmin=000001e52ca9f790
234c.1b7c: supR3HardNtViCallWinVerifyTrustCatFile: cbHash=20 wszDigest=0B5F440EBE4549748799B7434F0FF1001F348DF1
234c.1b7c: supR3HardenedMonitor_LdrLoadDll: returns rcNt=0x0 hMod=00007ffbab9d0000 'C:\Windows\system32\rsaenh.dll'
234c.1b7c: supR3HardenedMonitor_LdrLoadDll: returns rcNt=0x0 hMod=00007ffbaca60000 'C:\Windows\System32\crypt32.dll'
234c.1b7c: supR3HardNtViCallWinVerifyTrustCatFile: WinVerifyTrust => 0x0; cat='C:\Windows\system32\CatRoot\{F750E6C3-38EE-11D1-85E5-00C04FC295EE}\Microsoft-Windows-Client-Desktop-Required-Package04~31bf3856ad364e35~amd64~~10.0.22621.4317.cat'; file='\Device\HarddiskVolume3\Windows\System32\imageres.dll'
234c.1b7c: supR3HardNtViCallWinVerifyTrustCatFile -> 0 (org 22900)
234c.1b7c: supR3HardenedWinVerifyCacheProcessWvtTodos: 0 (was 22900) fWinVerifyTrust=1 for '\Device\HarddiskVolume3\Windows\System32\imageres.dll'
234c.1b7c: supR3HardNtViCallWinVerifyTrustCatFile: hFile=00000000000007d4 pwszName=\Device\HarddiskVolume3\Windows\System32\IconCodecService.dll
234c.1b7c: supR3HardNtViCallWinVerifyTrustCatFile: Cached context 000001e52ca9f790
234c.1b7c: supR3HardNtViCallWinVerifyTrustCatFile: hCatAdmin=000001e52ca9f790
234c.1b7c: supR3HardNtViCallWinVerifyTrustCatFile: cbHash=20 wszDigest=CE9C95E9E8CAF0F410CFA61EAA95201F692A9E2B
234c.1b7c: supR3HardenedMonitor_LdrLoadDll: returns rcNt=0x0 hMod=00007ffbab9d0000 'C:\Windows\system32\rsaenh.dll'
234c.1b7c: supR3HardenedMonitor_LdrLoadDll: returns rcNt=0x0 hMod=00007ffbaca60000 'C:\Windows\System32\crypt32.dll'
234c.1b7c: supR3HardNtViCallWinVerifyTrustCatFile: WinVerifyTrust => 0x0; cat='C:\Windows\system32\CatRoot\{F750E6C3-38EE-11D1-85E5-00C04FC295EE}\Microsoft-Windows-Client-Desktop-Required-Package0518~31bf3856ad364e35~amd64~~10.0.22621.4317.cat'; file='\Device\HarddiskVolume3\Windows\System32\IconCodecService.dll'
234c.1b7c: supR3HardNtViCallWinVerifyTrustCatFile -> 0 (org 22900)
234c.1b7c: supR3HardenedWinVerifyCacheScheduleImports: Import todo: #0 'msvcrt.dll'.
234c.1b7c: supR3HardenedWinVerifyCacheScheduleImports: Import todo: #2 'user32.dll'.
234c.1b7c: supHardenedWinVerifyImageByHandle: -> 0 (\Device\HarddiskVolume3\Windows\System32\IconCodecService.dll) WinVerifyTrust
234c.1b7c: supR3HardenedWinVerifyCacheInsert: \Device\HarddiskVolume3\Windows\System32\IconCodecService.dll
234c.1b7c: supR3HardenedWinVerifyCacheProcessImportTodos: Processing 'user32.dll'...
234c.1b7c: supR3HardenedWinVerifyCacheProcessImportTodos: 'user32.dll' -> '\Device\HarddiskVolume3\Windows\System32\user32.dll' [rcNtRedir=0xc0150008]
234c.1b7c: supR3HardenedWinVerifyCacheProcessImportTodos: Processing 'msvcrt.dll'...
234c.1b7c: supR3HardenedWinVerifyCacheProcessImportTodos: 'msvcrt.dll' -> '\Device\HarddiskVolume3\Windows\System32\msvcrt.dll' [rcNtRedir=0xc0150008]
234c.1b7c: supR3HardenedMonitor_LdrLoadDll: pName=C:\Windows\system32\IconCodecService.dll (rcNtResolve=0xc0150008) *pfFlags=0x0 pwszSearchPath=0000000000000001:<flags> [calling]
234c.1b7c: supR3HardenedScreenImage/NtCreateSection: cache hit (VINF_SUCCESS) on \Device\HarddiskVolume3\Windows\System32\IconCodecService.dll
234c.1b7c: supR3HardenedDllNotificationCallback: load   00007ffb87250000 LB 0x00009000 C:\Windows\system32\IconCodecService.dll [fFlags=0x0]
234c.1b7c: supR3HardenedScreenImage/LdrLoadDll: cache hit (VINF_SUCCESS) on \Device\HarddiskVolume3\Windows\System32\IconCodecService.dll
234c.1b7c: supR3HardenedMonitor_LdrLoadDll: returns rcNt=0x0 hMod=00007ffb87250000 'C:\Windows\system32\IconCodecService.dll'
234c.1b7c: supHardenedWinVerifyImageByHandle: -> 0 (\Device\HarddiskVolume3\Windows\System32\WindowsCodecs.dll)
234c.1b7c: supR3HardenedWinVerifyCacheInsert: \Device\HarddiskVolume3\Windows\System32\WindowsCodecs.dll
234c.1b7c: supR3HardenedDllNotificationCallback: load   00007ffba99c0000 LB 0x001b1000 C:\Windows\SYSTEM32\WindowsCodecs.dll [fFlags=0x0]
234c.1b7c: supR3HardenedScreenImage/LdrLoadDll: cache hit (VINF_SUCCESS) on \Device\HarddiskVolume3\Windows\System32\WindowsCodecs.dll [avoiding WinVerifyTrust]
234c.1b7c: supR3HardenedScreenImage/NtCreateSection: cache hit (VINF_SUCCESS) on \Device\HarddiskVolume3\Windows\System32\imageres.dll
234c.1b7c: supR3HardenedMonitor_NtCreateSection: NtMapViewOfSection failed on 0000000000000748 (hFile=0000000000000754) with 0xc0000022 -> STATUS_TRUST_FAILURE
234c.1b7c: supR3HardenedScreenImage/NtCreateSection: cache hit (VINF_SUCCESS) on \Device\HarddiskVolume3\Windows\System32\imageres.dll
234c.1b7c: supR3HardenedMonitor_NtCreateSection: NtMapViewOfSection failed on 0000000000000754 (hFile=0000000000000748) with 0xc0000022 -> STATUS_TRUST_FAILURE
234c.1b7c: supR3HardenedScreenImage/NtCreateSection: cache hit (VINF_SUCCESS) on \Device\HarddiskVolume3\Windows\System32\imageres.dll
234c.1b7c: supR3HardenedMonitor_NtCreateSection: NtMapViewOfSection failed on 0000000000000748 (hFile=0000000000000754) with 0xc0000022 -> STATUS_TRUST_FAILURE
234c.1b7c: supR3HardenedScreenImage/NtCreateSection: cache hit (VINF_SUCCESS) on \Device\HarddiskVolume3\Windows\System32\imageres.dll
234c.1b7c: supR3HardenedMonitor_NtCreateSection: NtMapViewOfSection failed on 0000000000000754 (hFile=0000000000000748) with 0xc0000022 -> STATUS_TRUST_FAILURE
234c.1b7c: supR3HardenedDllNotificationCallback: load   00007ffbae430000 LB 0x000b0000 C:\Windows\System32\clbcatq.dll [fFlags=0x0]
234c.1b7c: supR3HardenedWinVerifyCacheScheduleImports: Import todo: #0 'msvcrt.dll'.
234c.1b7c: supR3HardenedWinVerifyCacheScheduleImports: Import todo: #30 'rpcrt4.dll'.
234c.1b7c: supHardenedWinVerifyImageByHandle: -> 0 (\Device\HarddiskVolume3\Windows\System32\clbcatq.dll)
234c.1b7c: supR3HardenedWinVerifyCacheInsert: \Device\HarddiskVolume3\Windows\System32\clbcatq.dll
234c.1b7c: supR3HardenedScreenImage/NtCreateSection: cache hit (VINF_SUCCESS) on \Device\HarddiskVolume3\Windows\System32\rpcss.dll
234c.1b7c: supR3HardenedMonitor_NtCreateSection: NtMapViewOfSection failed on 00000000000007f4 (hFile=00000000000007e4) with 0xc0000022 -> STATUS_TRUST_FAILURE
234c.3518: supR3HardenedWinVerifyCacheProcessImportTodos: Processing 'rpcrt4.dll'...
234c.3518: supR3HardenedWinVerifyCacheProcessImportTodos: 'rpcrt4.dll' -> '\Device\HarddiskVolume3\Windows\System32\rpcrt4.dll' [rcNtRedir=0xc0150008]
234c.3518: supR3HardenedScreenImage/Imports: cache hit (VINF_SUCCESS) on \Device\HarddiskVolume3\Windows\System32\rpcrt4.dll
234c.3518: supR3HardenedWinVerifyCacheProcessImportTodos: Processing 'msvcrt.dll'...
234c.3518: supR3HardenedWinVerifyCacheProcessImportTodos: 'msvcrt.dll' -> '\Device\HarddiskVolume3\Windows\System32\msvcrt.dll' [rcNtRedir=0xc0150008]
234c.3518: supR3HardenedMonitor_LdrLoadDll: returns rcNt=0x0 hMod=00007ffbab9d0000 'C:\Windows\system32\rsaenh.dll'
234c.3518: supR3HardenedMonitor_LdrLoadDll: returns rcNt=0x0 hMod=00007ffbaca60000 'C:\Windows\System32\crypt32.dll'
234c.3518: supR3HardenedWinVerifyCacheProcessWvtTodos: 0 (was 0) fWinVerifyTrust=1 for '\Device\HarddiskVolume3\Windows\System32\clbcatq.dll'
234c.3518: supR3HardenedMonitor_LdrLoadDll: returns rcNt=0x0 hMod=00007ffbab9d0000 'C:\Windows\system32\rsaenh.dll'
234c.3518: supR3HardenedMonitor_LdrLoadDll: returns rcNt=0x0 hMod=00007ffbaca60000 'C:\Windows\System32\crypt32.dll'
234c.3518: supR3HardenedWinVerifyCacheProcessWvtTodos: 0 (was 0) fWinVerifyTrust=1 for '\Device\HarddiskVolume3\Windows\System32\WindowsCodecs.dll'
234c.3518: supR3HardenedMonitor_LdrLoadDll: returns rcNt=0x0 hMod=00007ffbab9d0000 'C:\Windows\system32\rsaenh.dll'
234c.3518: supR3HardenedMonitor_LdrLoadDll: returns rcNt=0x0 hMod=00007ffbaca60000 'C:\Windows\System32\crypt32.dll'
234c.3518: supR3HardenedWinVerifyCacheScheduleImports: Import todo: #9 'advapi32.dll'.
234c.3518: supR3HardenedWinVerifyCacheScheduleImports: Import todo: #10 'ole32.dll'.
234c.3518: supR3HardenedWinVerifyCacheScheduleImports: Import todo: #11 'oleaut32.dll'.
234c.3518: supR3HardenedWinVerifyCacheScheduleImports: Import todo: #12 'vcruntime140.dll'.
234c.3518: supR3HardenedWinVerifyCacheScheduleImports: Import todo: #13 'vcruntime140_1.dll'.
234c.3518: supR3HardenedWinVerifyCacheScheduleImports: Import todo: #14 'msvcp140.dll'.
234c.3518: supR3HardenedWinVerifyCacheScheduleImports: Import todo: #15 'vboxrt.dll'.
234c.3518: supHardenedWinVerifyImageByHandle: -> 0 (\Device\HarddiskVolume3\Program Files\Oracle\VirtualBox\VBoxC.dll) WinVerifyTrust
234c.3518: supR3HardenedWinVerifyCacheInsert: \Device\HarddiskVolume3\Program Files\Oracle\VirtualBox\VBoxC.dll
234c.3518: supR3HardenedWinVerifyCacheProcessImportTodos: Processing 'vboxrt.dll'...
234c.3518: supR3HardenedWinVerifyCacheProcessImportTodos: 'vboxrt.dll' -> '\Device\HarddiskVolume3\Program Files\Oracle\VirtualBox\vboxrt.dll' [rcNtRedir=0xc0150008]
234c.3518: supR3HardenedWinVerifyCacheProcessImportTodos: Processing 'msvcp140.dll'...
234c.3518: supR3HardenedWinVerifyCacheProcessImportTodos: 'msvcp140.dll' -> '\Device\HarddiskVolume3\Windows\System32\msvcp140.dll' [rcNtRedir=0xc0150008]
234c.3518: supR3HardenedWinVerifyCacheProcessImportTodos: Processing 'vcruntime140_1.dll'...
234c.3518: supR3HardenedWinVerifyCacheProcessImportTodos: 'vcruntime140_1.dll' -> '\Device\HarddiskVolume3\Windows\System32\vcruntime140_1.dll' [rcNtRedir=0xc0150008]
234c.3518: supR3HardenedWinVerifyCacheProcessImportTodos: Processing 'vcruntime140.dll'...
234c.3518: supR3HardenedWinVerifyCacheProcessImportTodos: 'vcruntime140.dll' -> '\Device\HarddiskVolume3\Windows\System32\vcruntime140.dll' [rcNtRedir=0xc0150008]
234c.3518: supR3HardenedWinVerifyCacheProcessImportTodos: Processing 'oleaut32.dll'...
234c.3518: supR3HardenedWinVerifyCacheProcessImportTodos: 'oleaut32.dll' -> '\Device\HarddiskVolume3\Windows\System32\oleaut32.dll' [rcNtRedir=0xc0150008]
234c.3518: supR3HardenedScreenImage/Imports: cache hit (VINF_SUCCESS) on \Device\HarddiskVolume3\Windows\System32\oleaut32.dll
234c.3518: supR3HardenedWinVerifyCacheProcessImportTodos: Processing 'ole32.dll'...
234c.3518: supR3HardenedWinVerifyCacheProcessImportTodos: 'ole32.dll' -> '\Device\HarddiskVolume3\Windows\System32\ole32.dll' [rcNtRedir=0xc0150008]
234c.3518: supR3HardenedScreenImage/Imports: cache hit (VINF_SUCCESS) on \Device\HarddiskVolume3\Windows\System32\ole32.dll
234c.3518: supR3HardenedWinVerifyCacheProcessImportTodos: Processing 'advapi32.dll'...
234c.3518: supR3HardenedWinVerifyCacheProcessImportTodos: 'advapi32.dll' -> '\Device\HarddiskVolume3\Windows\System32\advapi32.dll' [rcNtRedir=0xc0150008]
234c.3518: supR3HardenedScreenImage/Imports: cache hit (VINF_SUCCESS) on \Device\HarddiskVolume3\Windows\System32\advapi32.dll
234c.3518: supR3HardenedMonitor_LdrLoadDll: pName=C:\Program Files\Oracle\VirtualBox\VBoxC.dll (rcNtResolve=0xc0150008) *pfFlags=0x0 pwszSearchPath=0000000000002009:<flags> [calling]
234c.3518: supR3HardenedScreenImage/NtCreateSection: cache hit (VINF_SUCCESS) on \Device\HarddiskVolume3\Program Files\Oracle\VirtualBox\VBoxC.dll
234c.3518: supR3HardenedDllNotificationCallback: load   00007ffb29150000 LB 0x0041b000 C:\Program Files\Oracle\VirtualBox\VBoxC.dll [fFlags=0x0]
234c.3518: supR3HardenedScreenImage/LdrLoadDll: cache hit (VINF_SUCCESS) on \Device\HarddiskVolume3\Program Files\Oracle\VirtualBox\VBoxC.dll
234c.3518: supR3HardenedMonitor_LdrLoadDll: returns rcNt=0x0 hMod=00007ffb29150000 'C:\Program Files\Oracle\VirtualBox\VBoxC.dll'
234c.3518: supR3HardenedMonitor_LdrLoadDll: returns rcNt=0x0 hMod=00007ffbab9d0000 'C:\Windows\system32\rsaenh.dll'
234c.3518: supR3HardenedMonitor_LdrLoadDll: returns rcNt=0x0 hMod=00007ffbaca60000 'C:\Windows\System32\crypt32.dll'
234c.3518: supR3HardenedWinVerifyCacheScheduleImports: Import todo: #4 'advapi32.dll'.
234c.3518: supR3HardenedWinVerifyCacheScheduleImports: Import todo: #5 'shlwapi.dll'.
234c.3518: supR3HardenedWinVerifyCacheScheduleImports: Import todo: #6 'ole32.dll'.
234c.3518: supR3HardenedWinVerifyCacheScheduleImports: Import todo: #7 'oleaut32.dll'.
234c.3518: supR3HardenedWinVerifyCacheScheduleImports: Import todo: #8 'rpcrt4.dll'.
234c.3518: supR3HardenedWinVerifyCacheScheduleImports: Import todo: #9 'vcruntime140.dll'.
234c.3518: supR3HardenedWinVerifyCacheScheduleImports: Import todo: #10 'vboxrt.dll'.
234c.3518: supHardenedWinVerifyImageByHandle: -> 0 (\Device\HarddiskVolume3\Program Files\Oracle\VirtualBox\VBoxProxyStub.dll) WinVerifyTrust
234c.3518: supR3HardenedWinVerifyCacheInsert: \Device\HarddiskVolume3\Program Files\Oracle\VirtualBox\VBoxProxyStub.dll
234c.3518: supR3HardenedWinVerifyCacheProcessImportTodos: Processing 'vboxrt.dll'...
234c.3518: supR3HardenedWinVerifyCacheProcessImportTodos: 'vboxrt.dll' -> '\Device\HarddiskVolume3\Program Files\Oracle\VirtualBox\vboxrt.dll' [rcNtRedir=0xc0150008]
234c.3518: supR3HardenedWinVerifyCacheProcessImportTodos: Processing 'vcruntime140.dll'...
234c.3518: supR3HardenedWinVerifyCacheProcessImportTodos: 'vcruntime140.dll' -> '\Device\HarddiskVolume3\Windows\System32\vcruntime140.dll' [rcNtRedir=0xc0150008]
234c.3518: supR3HardenedWinVerifyCacheProcessImportTodos: Processing 'rpcrt4.dll'...
234c.3518: supR3HardenedWinVerifyCacheProcessImportTodos: 'rpcrt4.dll' -> '\Device\HarddiskVolume3\Windows\System32\rpcrt4.dll' [rcNtRedir=0xc0150008]
234c.3518: supR3HardenedWinVerifyCacheProcessImportTodos: Processing 'oleaut32.dll'...
234c.3518: supR3HardenedWinVerifyCacheProcessImportTodos: 'oleaut32.dll' -> '\Device\HarddiskVolume3\Windows\System32\oleaut32.dll' [rcNtRedir=0xc0150008]
234c.3518: supR3HardenedScreenImage/Imports: cache hit (VINF_SUCCESS) on \Device\HarddiskVolume3\Windows\System32\oleaut32.dll
234c.3518: supR3HardenedWinVerifyCacheProcessImportTodos: Processing 'ole32.dll'...
234c.3518: supR3HardenedWinVerifyCacheProcessImportTodos: 'ole32.dll' -> '\Device\HarddiskVolume3\Windows\System32\ole32.dll' [rcNtRedir=0xc0150008]
234c.3518: supR3HardenedScreenImage/Imports: cache hit (VINF_SUCCESS) on \Device\HarddiskVolume3\Windows\System32\ole32.dll
234c.3518: supR3HardenedWinVerifyCacheProcessImportTodos: Processing 'shlwapi.dll'...
234c.3518: supR3HardenedWinVerifyCacheProcessImportTodos: 'shlwapi.dll' -> '\Device\HarddiskVolume3\Windows\System32\shlwapi.dll' [rcNtRedir=0xc0150008]
234c.3518: supR3HardenedScreenImage/Imports: cache hit (VINF_SUCCESS) on \Device\HarddiskVolume3\Windows\System32\shlwapi.dll
234c.3518: supR3HardenedWinVerifyCacheProcessImportTodos: Processing 'advapi32.dll'...
234c.3518: supR3HardenedWinVerifyCacheProcessImportTodos: 'advapi32.dll' -> '\Device\HarddiskVolume3\Windows\System32\advapi32.dll' [rcNtRedir=0xc0150008]
234c.3518: supR3HardenedScreenImage/Imports: cache hit (VINF_SUCCESS) on \Device\HarddiskVolume3\Windows\System32\advapi32.dll
234c.3518: supR3HardenedMonitor_LdrLoadDll: pName=C:\Program Files\Oracle\VirtualBox\VBoxProxyStub.dll (rcNtResolve=0xc0150008) *pfFlags=0x0 pwszSearchPath=0000000000002009:<flags> [calling]
234c.3518: supR3HardenedScreenImage/NtCreateSection: cache hit (VINF_SUCCESS) on \Device\HarddiskVolume3\Program Files\Oracle\VirtualBox\VBoxProxyStub.dll
234c.3518: supR3HardenedDllNotificationCallback: load   00007ffb4a430000 LB 0x000e7000 C:\Program Files\Oracle\VirtualBox\VBoxProxyStub.dll [fFlags=0x0]
234c.3518: supR3HardenedScreenImage/LdrLoadDll: cache hit (VINF_SUCCESS) on \Device\HarddiskVolume3\Program Files\Oracle\VirtualBox\VBoxProxyStub.dll
234c.3518: supR3HardenedMonitor_LdrLoadDll: returns rcNt=0x0 hMod=00007ffb4a430000 'C:\Program Files\Oracle\VirtualBox\VBoxProxyStub.dll'
234c.3518: supR3HardenedScreenImage/LdrLoadDll: cache hit (VINF_SUCCESS) on \Device\HarddiskVolume3\Windows\System32\oleaut32.dll
234c.3518: supR3HardenedMonitor_LdrLoadDll: pName=C:\Windows\System32\oleaut32.dll (rcNtResolve=0xc0150008) *pfFlags=0x0 pwszSearchPath=0000000000002009:<flags> [calling]
234c.3518: supR3HardenedMonitor_LdrLoadDll: returns rcNt=0x0 hMod=00007ffbae590000 'C:\Windows\System32\oleaut32.dll'
234c.1b7c: '\Device\HarddiskVolume3\Windows\System32\tzres.dll' has no imports
234c.1b7c: supHardenedWinVerifyImageByHandle: -> 22900 (\Device\HarddiskVolume3\Windows\System32\tzres.dll)
234c.1b7c: supR3HardenedWinVerifyCacheInsert: \Device\HarddiskVolume3\Windows\System32\tzres.dll
234c.1b7c: supR3HardenedMonitor_NtCreateSection: NtMapViewOfSection failed on 0000000000000908 (hFile=0000000000000900) with 0xc0000022 -> STATUS_TRUST_FAILURE
234c.1b7c: supR3HardenedScreenImage/NtCreateSection: cache hit (22900) on \Device\HarddiskVolume3\Windows\System32\tzres.dll [avoiding WinVerifyTrust]
234c.1b7c: supR3HardenedMonitor_NtCreateSection: NtMapViewOfSection failed on 0000000000000900 (hFile=0000000000000908) with 0xc0000022 -> STATUS_TRUST_FAILURE
234c.270c: supR3HardNtViCallWinVerifyTrustCatFile: hFile=0000000000000904 pwszName=\Device\HarddiskVolume3\Windows\System32\tzres.dll
234c.270c: supR3HardNtViCallWinVerifyTrustCatFile: Cached context 000001e52ca9f790
234c.270c: supR3HardNtViCallWinVerifyTrustCatFile: hCatAdmin=000001e52ca9f790
234c.270c: supR3HardNtViCallWinVerifyTrustCatFile: cbHash=20 wszDigest=196C919D993C7E6A9EE1A80DAE36483311A16734
234c.270c: supR3HardenedMonitor_LdrLoadDll: returns rcNt=0x0 hMod=00007ffbab9d0000 'C:\Windows\system32\rsaenh.dll'
234c.270c: supR3HardenedMonitor_LdrLoadDll: returns rcNt=0x0 hMod=00007ffbaca60000 'C:\Windows\System32\crypt32.dll'
234c.270c: supR3HardNtViCallWinVerifyTrustCatFile: WinVerifyTrust => 0x0; cat='C:\Windows\system32\CatRoot\{F750E6C3-38EE-11D1-85E5-00C04FC295EE}\Microsoft-Windows-Client-Desktop-Required-Package051420~31bf3856ad364e35~amd64~~10.0.22621.4317.cat'; file='\Device\HarddiskVolume3\Windows\System32\tzres.dll'
234c.270c: supR3HardNtViCallWinVerifyTrustCatFile -> 0 (org 22900)
234c.270c: supR3HardenedWinVerifyCacheProcessWvtTodos: 0 (was 22900) fWinVerifyTrust=1 for '\Device\HarddiskVolume3\Windows\System32\tzres.dll'
234c.270c: supR3HardenedMonitor_LdrLoadDll: returns rcNt=0x0 hMod=00007ffbab9d0000 'C:\Windows\system32\rsaenh.dll'
234c.270c: supR3HardenedMonitor_LdrLoadDll: returns rcNt=0x0 hMod=00007ffbaca60000 'C:\Windows\System32\crypt32.dll'
234c.270c: supR3HardenedWinVerifyCacheScheduleImports: Import todo: #0 'vboxrt.dll'.
234c.270c: supR3HardenedWinVerifyCacheScheduleImports: Import todo: #5 'vcruntime140.dll'.
234c.270c: supR3HardenedWinVerifyCacheScheduleImports: Import todo: #6 'vcruntime140_1.dll'.
234c.270c: supHardenedWinVerifyImageByHandle: -> 0 (\Device\HarddiskVolume3\Program Files\Oracle\VirtualBox\VBoxVMM.dll) WinVerifyTrust
234c.270c: supR3HardenedWinVerifyCacheInsert: \Device\HarddiskVolume3\Program Files\Oracle\VirtualBox\VBoxVMM.dll
234c.270c: supR3HardenedWinVerifyCacheProcessImportTodos: Processing 'vcruntime140_1.dll'...
234c.270c: supR3HardenedWinVerifyCacheProcessImportTodos: 'vcruntime140_1.dll' -> '\Device\HarddiskVolume3\Windows\System32\vcruntime140_1.dll' [rcNtRedir=0xc0150008]
234c.270c: supR3HardenedWinVerifyCacheProcessImportTodos: Processing 'vcruntime140.dll'...
234c.270c: supR3HardenedWinVerifyCacheProcessImportTodos: 'vcruntime140.dll' -> '\Device\HarddiskVolume3\Windows\System32\vcruntime140.dll' [rcNtRedir=0xc0150008]
234c.270c: supR3HardenedWinVerifyCacheProcessImportTodos: Processing 'vboxrt.dll'...
234c.270c: supR3HardenedWinVerifyCacheProcessImportTodos: 'vboxrt.dll' -> '\Device\HarddiskVolume3\Program Files\Oracle\VirtualBox\vboxrt.dll' [rcNtRedir=0xc0150008]
234c.270c: supR3HardenedMonitor_LdrLoadDll: pName=C:\Program Files\Oracle\VirtualBox\VBoxVMM.DLL (rcNtResolve=0xc0150008) *pfFlags=0x0 pwszSearchPath=0000000000000001:<flags> [calling]
234c.270c: supR3HardenedScreenImage/NtCreateSection: cache hit (VINF_SUCCESS) on \Device\HarddiskVolume3\Program Files\Oracle\VirtualBox\VBoxVMM.dll
234c.270c: supR3HardenedDllNotificationCallback: load   00007ffb55fa0000 LB 0x005ad000 C:\Program Files\Oracle\VirtualBox\VBoxVMM.DLL [fFlags=0x0]
234c.270c: supR3HardenedScreenImage/LdrLoadDll: cache hit (VINF_SUCCESS) on \Device\HarddiskVolume3\Program Files\Oracle\VirtualBox\VBoxVMM.dll
234c.270c: supR3HardenedMonitor_LdrLoadDll: returns rcNt=0x0 hMod=00007ffb55fa0000 'C:\Program Files\Oracle\VirtualBox\VBoxVMM.DLL'
234c.1b7c: \Device\HarddiskVolume3\Windows\System32\DriverStore\FileRepository\iigd_dch.inf_amd64_d0b39b11619fd0c4\igdumdim64.dll: Signature #1/3: VERR_CR_X509_CPV_NOT_VALID_AT_TIME for 0x61ea6764; retrying against current time: 0x6914719c.
234c.1b7c: \Device\HarddiskVolume3\Windows\System32\DriverStore\FileRepository\iigd_dch.inf_amd64_d0b39b11619fd0c4\igdumdim64.dll: Signature #1/3: VERR_CR_X509_CPV_NOT_VALID_AT_TIME (-23033) w/ timestamp=0x6914719c/now.
234c.1b7c: supR3HardenedMonitor_LdrLoadDll: returns rcNt=0x0 hMod=00007ffbab9d0000 'C:\Windows\system32\rsaenh.dll'
234c.1b7c: supR3HardenedMonitor_LdrLoadDll: returns rcNt=0x0 hMod=00007ffbaca60000 'C:\Windows\System32\crypt32.dll'
234c.1b7c: supR3HardenedMonitor_LdrLoadDll: returns rcNt=0x0 hMod=00007ffb8dc10000 'C:\Windows\System32\cryptnet.dll'
234c.1b7c: supR3HardenedMonitor_LdrLoadDll: returns rcNt=0x0 hMod=00007ffbaca60000 'C:\Windows\System32\crypt32.dll'
234c.1b7c: supR3HardenedWinVerifyCacheScheduleImports: Import todo: #1 'advapi32.dll'.
234c.1b7c: supR3HardenedWinVerifyCacheScheduleImports: Import todo: #2 'user32.dll'.
234c.1b7c: supR3HardenedWinVerifyCacheScheduleImports: Import todo: #3 'ole32.dll'.
234c.1b7c: supHardenedWinVerifyImageByHandle: -> 0 (\Device\HarddiskVolume3\Windows\System32\DriverStore\FileRepository\iigd_dch.inf_amd64_d0b39b11619fd0c4\igdumdim64.dll) WinVerifyTrust
234c.1b7c: supR3HardenedWinVerifyCacheInsert: \Device\HarddiskVolume3\Windows\System32\DriverStore\FileRepository\iigd_dch.inf_amd64_d0b39b11619fd0c4\igdumdim64.dll
234c.1b7c: supR3HardenedWinVerifyCacheProcessImportTodos: Processing 'ole32.dll'...
234c.1b7c: supR3HardenedWinVerifyCacheProcessImportTodos: 'ole32.dll' -> '\Device\HarddiskVolume3\Windows\System32\ole32.dll' [rcNtRedir=0xc0150008]
234c.1b7c: supR3HardenedWinVerifyCacheProcessImportTodos: Processing 'user32.dll'...
234c.1b7c: supR3HardenedWinVerifyCacheProcessImportTodos: 'user32.dll' -> '\Device\HarddiskVolume3\Windows\System32\user32.dll' [rcNtRedir=0xc0150008]
234c.1b7c: supR3HardenedWinVerifyCacheProcessImportTodos: Processing 'advapi32.dll'...
234c.1b7c: supR3HardenedWinVerifyCacheProcessImportTodos: 'advapi32.dll' -> '\Device\HarddiskVolume3\Windows\System32\advapi32.dll' [rcNtRedir=0xc0150008]
234c.1b7c: supR3HardenedMonitor_LdrLoadDll: pName=C:\Windows\System32\DriverStore\FileRepository\iigd_dch.inf_amd64_d0b39b11619fd0c4\igdumdim64.dll (rcNtResolve=0xc0150008) *pfFlags=0x0 pwszSearchPath=0000000000000009:<flags> [calling]
234c.1b7c: supR3HardenedScreenImage/NtCreateSection: cache hit (VINF_SUCCESS) on \Device\HarddiskVolume3\Windows\System32\DriverStore\FileRepository\iigd_dch.inf_amd64_d0b39b11619fd0c4\igdumdim64.dll
234c.1b7c: supR3HardenedDllNotificationCallback: load   00007ffb788b0000 LB 0x001a2000 C:\Windows\System32\DriverStore\FileRepository\iigd_dch.inf_amd64_d0b39b11619fd0c4\igdumdim64.dll [fFlags=0x0]
234c.1b7c: supR3HardenedScreenImage/LdrLoadDll: cache hit (VINF_SUCCESS) on \Device\HarddiskVolume3\Windows\System32\DriverStore\FileRepository\iigd_dch.inf_amd64_d0b39b11619fd0c4\igdumdim64.dll
234c.1b7c: supR3HardenedIsApiSetDll: ApiSetQueryApiSetPresence(api-ms-win-core-synch-l1-2-0) -> 0x0, fPresent=1
234c.1b7c: supR3HardenedMonitor_LdrLoadDll: pName=api-ms-win-core-synch-l1-2-0 (rcNtResolve=0x0) *pfFlags=0x0 pwszSearchPath=0000000000000801:<flags> [calling]
234c.1b7c: supR3HardenedMonitor_LdrLoadDll: returns rcNt=0x0 hMod=00007ffbace10000 'api-ms-win-core-synch-l1-2-0'
234c.1b7c: supR3HardenedScreenImage/LdrLoadDll: cache hit (VINF_SUCCESS) on \Device\HarddiskVolume3\Windows\System32\kernel32.dll
234c.1b7c: supR3HardenedMonitor_LdrLoadDll: pName=C:\Windows\System32\kernel32.dll (Input=kernel32, rcNtResolve=0xc0150008) *pfFlags=0x0 pwszSearchPath=0000000000000801:<flags> [calling]
234c.1b7c: supR3HardenedMonitor_LdrLoadDll: returns rcNt=0x0 hMod=00007ffbadbf0000 'C:\Windows\System32\kernel32.dll'
234c.1b7c: supR3HardenedMonitor_LdrLoadDll: returns rcNt=0x0 hMod=00007ffb788b0000 'C:\Windows\System32\DriverStore\FileRepository\iigd_dch.inf_amd64_d0b39b11619fd0c4\igdumdim64.dll'
234c.1b7c: \Device\HarddiskVolume3\Windows\System32\DriverStore\FileRepository\iigd_dch.inf_amd64_d0b39b11619fd0c4\igd9dxva64.dll: Signature #1/3: VERR_CR_X509_CPV_NOT_VALID_AT_TIME for 0x61ea6ad9; retrying against current time: 0x6914719e.
234c.1b7c: \Device\HarddiskVolume3\Windows\System32\DriverStore\FileRepository\iigd_dch.inf_amd64_d0b39b11619fd0c4\igd9dxva64.dll: Signature #1/3: VERR_CR_X509_CPV_NOT_VALID_AT_TIME (-23033) w/ timestamp=0x6914719e/now.
234c.1b7c: supR3HardenedMonitor_LdrLoadDll: returns rcNt=0x0 hMod=00007ffbab9d0000 'C:\Windows\system32\rsaenh.dll'
234c.1b7c: supR3HardenedMonitor_LdrLoadDll: returns rcNt=0x0 hMod=00007ffbaca60000 'C:\Windows\System32\crypt32.dll'
234c.1b7c: supR3HardenedMonitor_LdrLoadDll: returns rcNt=0x0 hMod=00007ffbaca60000 'C:\Windows\System32\crypt32.dll'
234c.1b7c: supR3HardenedWinVerifyCacheScheduleImports: Import todo: #1 'advapi32.dll'.
234c.1b7c: supR3HardenedWinVerifyCacheScheduleImports: Import todo: #2 'ole32.dll'.
234c.1b7c: supR3HardenedWinVerifyCacheScheduleImports: Import todo: #3 'oleaut32.dll'.
234c.1b7c: supR3HardenedWinVerifyCacheScheduleImports: Import todo: #4 'setupapi.dll'.
234c.1b7c: supHardenedWinVerifyImageByHandle: -> 0 (\Device\HarddiskVolume3\Windows\System32\DriverStore\FileRepository\iigd_dch.inf_amd64_d0b39b11619fd0c4\igd9dxva64.dll) WinVerifyTrust
234c.1b7c: supR3HardenedWinVerifyCacheInsert: \Device\HarddiskVolume3\Windows\System32\DriverStore\FileRepository\iigd_dch.inf_amd64_d0b39b11619fd0c4\igd9dxva64.dll
234c.1b7c: supR3HardenedWinVerifyCacheProcessImportTodos: Processing 'setupapi.dll'...
234c.1b7c: supR3HardenedWinVerifyCacheProcessImportTodos: 'setupapi.dll' -> '\Device\HarddiskVolume3\Windows\System32\setupapi.dll' [rcNtRedir=0xc0150008]
234c.1b7c: supR3HardenedScreenImage/Imports: cache hit (VINF_SUCCESS) on \Device\HarddiskVolume3\Windows\System32\setupapi.dll
234c.1b7c: supR3HardenedWinVerifyCacheProcessImportTodos: Processing 'oleaut32.dll'...
234c.1b7c: supR3HardenedWinVerifyCacheProcessImportTodos: 'oleaut32.dll' -> '\Device\HarddiskVolume3\Windows\System32\oleaut32.dll' [rcNtRedir=0xc0150008]
234c.1b7c: supR3HardenedScreenImage/Imports: cache hit (VINF_SUCCESS) on \Device\HarddiskVolume3\Windows\System32\oleaut32.dll
234c.1b7c: supR3HardenedWinVerifyCacheProcessImportTodos: Processing 'ole32.dll'...
234c.1b7c: supR3HardenedWinVerifyCacheProcessImportTodos: 'ole32.dll' -> '\Device\HarddiskVolume3\Windows\System32\ole32.dll' [rcNtRedir=0xc0150008]
234c.1b7c: supR3HardenedWinVerifyCacheProcessImportTodos: Processing 'advapi32.dll'...
234c.1b7c: supR3HardenedWinVerifyCacheProcessImportTodos: 'advapi32.dll' -> '\Device\HarddiskVolume3\Windows\System32\advapi32.dll' [rcNtRedir=0xc0150008]
234c.1b7c: supR3HardenedMonitor_LdrLoadDll: pName=C:\Windows\System32\DriverStore\FileRepository\iigd_dch.inf_amd64_d0b39b11619fd0c4\igd9dxva64.dll (rcNtResolve=0xc0150008) *pfFlags=0x0 pwszSearchPath=0000000000000001:<flags> [calling]
234c.1b7c: supR3HardenedScreenImage/NtCreateSection: cache hit (VINF_SUCCESS) on \Device\HarddiskVolume3\Windows\System32\DriverStore\FileRepository\iigd_dch.inf_amd64_d0b39b11619fd0c4\igd9dxva64.dll
234c.1b7c: supR3HardenedDllNotificationCallback: load   00007ffb0ecc0000 LB 0x03c10000 C:\Windows\System32\DriverStore\FileRepository\iigd_dch.inf_amd64_d0b39b11619fd0c4\igd9dxva64.dll [fFlags=0x0]
234c.1b7c: supR3HardenedScreenImage/LdrLoadDll: cache hit (VINF_SUCCESS) on \Device\HarddiskVolume3\Windows\System32\DriverStore\FileRepository\iigd_dch.inf_amd64_d0b39b11619fd0c4\igd9dxva64.dll
234c.1b7c: supR3HardenedIsApiSetDll: ApiSetQueryApiSetPresence(api-ms-win-core-synch-l1-2-0) -> 0x0, fPresent=1
234c.1b7c: supR3HardenedMonitor_LdrLoadDll: pName=api-ms-win-core-synch-l1-2-0 (rcNtResolve=0x0) *pfFlags=0x0 pwszSearchPath=0000000000000801:<flags> [calling]
234c.1b7c: supR3HardenedMonitor_LdrLoadDll: returns rcNt=0x0 hMod=00007ffbace10000 'api-ms-win-core-synch-l1-2-0'
234c.1b7c: supR3HardenedScreenImage/LdrLoadDll: cache hit (VINF_SUCCESS) on \Device\HarddiskVolume3\Windows\System32\kernel32.dll
234c.1b7c: supR3HardenedMonitor_LdrLoadDll: pName=C:\Windows\System32\kernel32.dll (Input=kernel32, rcNtResolve=0xc0150008) *pfFlags=0x0 pwszSearchPath=0000000000000801:<flags> [calling]
234c.1b7c: supR3HardenedMonitor_LdrLoadDll: returns rcNt=0x0 hMod=00007ffbadbf0000 'C:\Windows\System32\kernel32.dll'
234c.1b7c: supR3HardenedIsApiSetDll: ApiSetQueryApiSetPresence(api-ms-win-core-string-l1-1-0) -> 0x0, fPresent=1
234c.1b7c: supR3HardenedMonitor_LdrLoadDll: pName=api-ms-win-core-string-l1-1-0 (rcNtResolve=0x0) *pfFlags=0x0 pwszSearchPath=0000000000000801:<flags> [calling]
234c.1b7c: supR3HardenedMonitor_LdrLoadDll: returns rcNt=0x0 hMod=00007ffbace10000 'api-ms-win-core-string-l1-1-0'
234c.1b7c: supR3HardenedIsApiSetDll: ApiSetQueryApiSetPresence(api-ms-win-core-localization-l1-2-1) -> 0x0, fPresent=1
234c.1b7c: supR3HardenedMonitor_LdrLoadDll: pName=api-ms-win-core-localization-l1-2-1 (rcNtResolve=0x0) *pfFlags=0x0 pwszSearchPath=0000000000000801:<flags> [calling]
234c.1b7c: supR3HardenedMonitor_LdrLoadDll: returns rcNt=0x0 hMod=00007ffbace10000 'api-ms-win-core-localization-l1-2-1'
234c.1b7c: supR3HardenedIsApiSetDll: ApiSetQueryApiSetPresence(api-ms-win-core-datetime-l1-1-1) -> 0x0, fPresent=1
234c.1b7c: supR3HardenedMonitor_LdrLoadDll: pName=api-ms-win-core-datetime-l1-1-1 (rcNtResolve=0x0) *pfFlags=0x0 pwszSearchPath=0000000000000801:<flags> [calling]
234c.1b7c: supR3HardenedMonitor_LdrLoadDll: returns rcNt=0x0 hMod=00007ffbace10000 'api-ms-win-core-datetime-l1-1-1'
234c.1b7c: supR3HardenedIsApiSetDll: ApiSetQueryApiSetPresence(api-ms-win-core-localization-obsolete-l1-2-0) -> 0x0, fPresent=1
234c.1b7c: supR3HardenedMonitor_LdrLoadDll: pName=api-ms-win-core-localization-obsolete-l1-2-0 (rcNtResolve=0x0) *pfFlags=0x0 pwszSearchPath=0000000000000801:<flags> [calling]
234c.1b7c: supR3HardenedMonitor_LdrLoadDll: returns rcNt=0x0 hMod=00007ffbace10000 'api-ms-win-core-localization-obsolete-l1-2-0'
234c.1b7c: supR3HardenedMonitor_LdrLoadDll: returns rcNt=0x0 hMod=00007ffb0ecc0000 'C:\Windows\System32\DriverStore\FileRepository\iigd_dch.inf_amd64_d0b39b11619fd0c4\igd9dxva64.dll'
234c.1b7c: \Device\HarddiskVolume3\Windows\System32\DriverStore\FileRepository\iigd_dch.inf_amd64_d0b39b11619fd0c4\igdgmm64.dll: Signature #1/3: VERR_CR_X509_CPV_NOT_VALID_AT_TIME for 0x61ea66b3; retrying against current time: 0x6914719f.
234c.1b7c: \Device\HarddiskVolume3\Windows\System32\DriverStore\FileRepository\iigd_dch.inf_amd64_d0b39b11619fd0c4\igdgmm64.dll: Signature #1/3: VERR_CR_X509_CPV_NOT_VALID_AT_TIME (-23033) w/ timestamp=0x6914719f/now.
234c.1b7c: supR3HardenedMonitor_LdrLoadDll: returns rcNt=0x0 hMod=00007ffbab9d0000 'C:\Windows\system32\rsaenh.dll'
234c.1b7c: supR3HardenedMonitor_LdrLoadDll: returns rcNt=0x0 hMod=00007ffbaca60000 'C:\Windows\System32\crypt32.dll'
234c.1b7c: supR3HardenedMonitor_LdrLoadDll: returns rcNt=0x0 hMod=00007ffbaca60000 'C:\Windows\System32\crypt32.dll'
234c.1b7c: supR3HardenedWinVerifyCacheScheduleImports: Import todo: #1 'advapi32.dll'.
234c.1b7c: supHardenedWinVerifyImageByHandle: -> 0 (\Device\HarddiskVolume3\Windows\System32\DriverStore\FileRepository\iigd_dch.inf_amd64_d0b39b11619fd0c4\igdgmm64.dll) WinVerifyTrust
234c.1b7c: supR3HardenedWinVerifyCacheInsert: \Device\HarddiskVolume3\Windows\System32\DriverStore\FileRepository\iigd_dch.inf_amd64_d0b39b11619fd0c4\igdgmm64.dll
234c.1b7c: supR3HardenedWinVerifyCacheProcessImportTodos: Processing 'advapi32.dll'...
234c.1b7c: supR3HardenedWinVerifyCacheProcessImportTodos: 'advapi32.dll' -> '\Device\HarddiskVolume3\Windows\System32\advapi32.dll' [rcNtRedir=0xc0150008]
234c.1b7c: supR3HardenedMonitor_LdrLoadDll: pName=C:\Windows\System32\DriverStore\FileRepository\iigd_dch.inf_amd64_d0b39b11619fd0c4\igdgmm64.dll (rcNtResolve=0xc0150008) *pfFlags=0x0 pwszSearchPath=0000000000000001:<flags> [calling]
234c.1b7c: supR3HardenedScreenImage/NtCreateSection: cache hit (VINF_SUCCESS) on \Device\HarddiskVolume3\Windows\System32\DriverStore\FileRepository\iigd_dch.inf_amd64_d0b39b11619fd0c4\igdgmm64.dll
234c.1b7c: supR3HardenedDllNotificationCallback: load   00007ffba1160000 LB 0x003c7000 C:\Windows\System32\DriverStore\FileRepository\iigd_dch.inf_amd64_d0b39b11619fd0c4\igdgmm64.dll [fFlags=0x0]
234c.1b7c: supR3HardenedScreenImage/LdrLoadDll: cache hit (VINF_SUCCESS) on \Device\HarddiskVolume3\Windows\System32\DriverStore\FileRepository\iigd_dch.inf_amd64_d0b39b11619fd0c4\igdgmm64.dll
234c.1b7c: supR3HardenedIsApiSetDll: ApiSetQueryApiSetPresence(api-ms-win-core-synch-l1-2-0) -> 0x0, fPresent=1
234c.1b7c: supR3HardenedMonitor_LdrLoadDll: pName=api-ms-win-core-synch-l1-2-0 (rcNtResolve=0x0) *pfFlags=0x0 pwszSearchPath=0000000000000801:<flags> [calling]
234c.1b7c: supR3HardenedMonitor_LdrLoadDll: returns rcNt=0x0 hMod=00007ffbace10000 'api-ms-win-core-synch-l1-2-0'
234c.1b7c: supR3HardenedScreenImage/LdrLoadDll: cache hit (VINF_SUCCESS) on \Device\HarddiskVolume3\Windows\System32\kernel32.dll
234c.1b7c: supR3HardenedMonitor_LdrLoadDll: pName=C:\Windows\System32\kernel32.dll (Input=kernel32, rcNtResolve=0xc0150008) *pfFlags=0x0 pwszSearchPath=0000000000000801:<flags> [calling]
234c.1b7c: supR3HardenedMonitor_LdrLoadDll: returns rcNt=0x0 hMod=00007ffbadbf0000 'C:\Windows\System32\kernel32.dll'
234c.1b7c: supR3HardenedMonitor_LdrLoadDll: returns rcNt=0x0 hMod=00007ffba1160000 'C:\Windows\System32\DriverStore\FileRepository\iigd_dch.inf_amd64_d0b39b11619fd0c4\igdgmm64.dll'
234c.1b7c: supR3HardenedDllNotificationCallback: Unload 00007ffb0ecc0000 LB 0x03c10000 C:\Windows\System32\DriverStore\FileRepository\iigd_dch.inf_amd64_d0b39b11619fd0c4\igd9dxva64.dll [flags=0x0]
234c.1b7c: supR3HardenedDllNotificationCallback: Unload 00007ffba1160000 LB 0x003c7000 C:\Windows\System32\DriverStore\FileRepository\iigd_dch.inf_amd64_d0b39b11619fd0c4\igdgmm64.dll [flags=0x0]
234c.1b7c: supR3HardenedScreenImage/LdrLoadDll: cache hit (VINF_SUCCESS) on \Device\HarddiskVolume3\Windows\System32\DriverStore\FileRepository\iigd_dch.inf_amd64_d0b39b11619fd0c4\igd9dxva64.dll
234c.1b7c: supR3HardenedMonitor_LdrLoadDll: pName=C:\Windows\System32\DriverStore\FileRepository\iigd_dch.inf_amd64_d0b39b11619fd0c4\igd9dxva64.dll (rcNtResolve=0xc0150008) *pfFlags=0x0 pwszSearchPath=0000000000000001:<flags> [calling]
234c.1b7c: supR3HardenedScreenImage/NtCreateSection: cache hit (VINF_SUCCESS) on \Device\HarddiskVolume3\Windows\System32\DriverStore\FileRepository\iigd_dch.inf_amd64_d0b39b11619fd0c4\igd9dxva64.dll
234c.1b7c: supR3HardenedDllNotificationCallback: load   00007ffb0ecc0000 LB 0x03c10000 C:\Windows\System32\DriverStore\FileRepository\iigd_dch.inf_amd64_d0b39b11619fd0c4\igd9dxva64.dll [fFlags=0x0]
234c.1b7c: supR3HardenedScreenImage/LdrLoadDll: cache hit (VINF_SUCCESS) on \Device\HarddiskVolume3\Windows\System32\DriverStore\FileRepository\iigd_dch.inf_amd64_d0b39b11619fd0c4\igd9dxva64.dll
234c.1b7c: supR3HardenedIsApiSetDll: ApiSetQueryApiSetPresence(api-ms-win-core-synch-l1-2-0) -> 0x0, fPresent=1
234c.1b7c: supR3HardenedMonitor_LdrLoadDll: pName=api-ms-win-core-synch-l1-2-0 (rcNtResolve=0x0) *pfFlags=0x0 pwszSearchPath=0000000000000801:<flags> [calling]
234c.1b7c: supR3HardenedMonitor_LdrLoadDll: returns rcNt=0x0 hMod=00007ffbace10000 'api-ms-win-core-synch-l1-2-0'
234c.1b7c: supR3HardenedScreenImage/LdrLoadDll: cache hit (VINF_SUCCESS) on \Device\HarddiskVolume3\Windows\System32\kernel32.dll
234c.1b7c: supR3HardenedMonitor_LdrLoadDll: pName=C:\Windows\System32\kernel32.dll (Input=kernel32, rcNtResolve=0xc0150008) *pfFlags=0x0 pwszSearchPath=0000000000000801:<flags> [calling]
234c.1b7c: supR3HardenedMonitor_LdrLoadDll: returns rcNt=0x0 hMod=00007ffbadbf0000 'C:\Windows\System32\kernel32.dll'
234c.1b7c: supR3HardenedIsApiSetDll: ApiSetQueryApiSetPresence(api-ms-win-core-string-l1-1-0) -> 0x0, fPresent=1
234c.1b7c: supR3HardenedMonitor_LdrLoadDll: pName=api-ms-win-core-string-l1-1-0 (rcNtResolve=0x0) *pfFlags=0x0 pwszSearchPath=0000000000000801:<flags> [calling]
234c.1b7c: supR3HardenedMonitor_LdrLoadDll: returns rcNt=0x0 hMod=00007ffbace10000 'api-ms-win-core-string-l1-1-0'
234c.1b7c: supR3HardenedIsApiSetDll: ApiSetQueryApiSetPresence(api-ms-win-core-localization-l1-2-1) -> 0x0, fPresent=1
234c.1b7c: supR3HardenedMonitor_LdrLoadDll: pName=api-ms-win-core-localization-l1-2-1 (rcNtResolve=0x0) *pfFlags=0x0 pwszSearchPath=0000000000000801:<flags> [calling]
234c.1b7c: supR3HardenedMonitor_LdrLoadDll: returns rcNt=0x0 hMod=00007ffbace10000 'api-ms-win-core-localization-l1-2-1'
234c.1b7c: supR3HardenedIsApiSetDll: ApiSetQueryApiSetPresence(api-ms-win-core-datetime-l1-1-1) -> 0x0, fPresent=1
234c.1b7c: supR3HardenedMonitor_LdrLoadDll: pName=api-ms-win-core-datetime-l1-1-1 (rcNtResolve=0x0) *pfFlags=0x0 pwszSearchPath=0000000000000801:<flags> [calling]
234c.1b7c: supR3HardenedMonitor_LdrLoadDll: returns rcNt=0x0 hMod=00007ffbace10000 'api-ms-win-core-datetime-l1-1-1'
234c.1b7c: supR3HardenedIsApiSetDll: ApiSetQueryApiSetPresence(api-ms-win-core-localization-obsolete-l1-2-0) -> 0x0, fPresent=1
234c.1b7c: supR3HardenedMonitor_LdrLoadDll: pName=api-ms-win-core-localization-obsolete-l1-2-0 (rcNtResolve=0x0) *pfFlags=0x0 pwszSearchPath=0000000000000801:<flags> [calling]
234c.1b7c: supR3HardenedMonitor_LdrLoadDll: returns rcNt=0x0 hMod=00007ffbace10000 'api-ms-win-core-localization-obsolete-l1-2-0'
234c.1b7c: supR3HardenedMonitor_LdrLoadDll: returns rcNt=0x0 hMod=00007ffb0ecc0000 'C:\Windows\System32\DriverStore\FileRepository\iigd_dch.inf_amd64_d0b39b11619fd0c4\igd9dxva64.dll'
234c.1b7c: supR3HardenedScreenImage/LdrLoadDll: cache hit (VINF_SUCCESS) on \Device\HarddiskVolume3\Windows\System32\DriverStore\FileRepository\iigd_dch.inf_amd64_d0b39b11619fd0c4\igdgmm64.dll
234c.1b7c: supR3HardenedMonitor_LdrLoadDll: pName=C:\Windows\System32\DriverStore\FileRepository\iigd_dch.inf_amd64_d0b39b11619fd0c4\igdgmm64.dll (rcNtResolve=0xc0150008) *pfFlags=0x0 pwszSearchPath=0000000000000001:<flags> [calling]
234c.1b7c: supR3HardenedScreenImage/NtCreateSection: cache hit (VINF_SUCCESS) on \Device\HarddiskVolume3\Windows\System32\DriverStore\FileRepository\iigd_dch.inf_amd64_d0b39b11619fd0c4\igdgmm64.dll
234c.1b7c: supR3HardenedDllNotificationCallback: load   00007ffba1160000 LB 0x003c7000 C:\Windows\System32\DriverStore\FileRepository\iigd_dch.inf_amd64_d0b39b11619fd0c4\igdgmm64.dll [fFlags=0x0]
234c.1b7c: supR3HardenedScreenImage/LdrLoadDll: cache hit (VINF_SUCCESS) on \Device\HarddiskVolume3\Windows\System32\DriverStore\FileRepository\iigd_dch.inf_amd64_d0b39b11619fd0c4\igdgmm64.dll
234c.1b7c: supR3HardenedIsApiSetDll: ApiSetQueryApiSetPresence(api-ms-win-core-synch-l1-2-0) -> 0x0, fPresent=1
234c.1b7c: supR3HardenedMonitor_LdrLoadDll: pName=api-ms-win-core-synch-l1-2-0 (rcNtResolve=0x0) *pfFlags=0x0 pwszSearchPath=0000000000000801:<flags> [calling]
234c.1b7c: supR3HardenedMonitor_LdrLoadDll: returns rcNt=0x0 hMod=00007ffbace10000 'api-ms-win-core-synch-l1-2-0'
234c.1b7c: supR3HardenedScreenImage/LdrLoadDll: cache hit (VINF_SUCCESS) on \Device\HarddiskVolume3\Windows\System32\kernel32.dll
234c.1b7c: supR3HardenedMonitor_LdrLoadDll: pName=C:\Windows\System32\kernel32.dll (Input=kernel32, rcNtResolve=0xc0150008) *pfFlags=0x0 pwszSearchPath=0000000000000801:<flags> [calling]
234c.1b7c: supR3HardenedMonitor_LdrLoadDll: returns rcNt=0x0 hMod=00007ffbadbf0000 'C:\Windows\System32\kernel32.dll'
234c.1b7c: supR3HardenedMonitor_LdrLoadDll: returns rcNt=0x0 hMod=00007ffba1160000 'C:\Windows\System32\DriverStore\FileRepository\iigd_dch.inf_amd64_d0b39b11619fd0c4\igdgmm64.dll'
234c.1b7c: supR3HardenedDllNotificationCallback: Unload 00007ffb0ecc0000 LB 0x03c10000 C:\Windows\System32\DriverStore\FileRepository\iigd_dch.inf_amd64_d0b39b11619fd0c4\igd9dxva64.dll [flags=0x0]
234c.1b7c: supR3HardenedDllNotificationCallback: Unload 00007ffba1160000 LB 0x003c7000 C:\Windows\System32\DriverStore\FileRepository\iigd_dch.inf_amd64_d0b39b11619fd0c4\igdgmm64.dll [flags=0x0]
234c.1b7c: supR3HardenedScreenImage/LdrLoadDll: cache hit (VINF_SUCCESS) on \Device\HarddiskVolume3\Windows\System32\DriverStore\FileRepository\iigd_dch.inf_amd64_d0b39b11619fd0c4\igd9dxva64.dll
234c.1b7c: supR3HardenedMonitor_LdrLoadDll: pName=C:\Windows\System32\DriverStore\FileRepository\iigd_dch.inf_amd64_d0b39b11619fd0c4\igd9dxva64.dll (rcNtResolve=0xc0150008) *pfFlags=0x0 pwszSearchPath=0000000000000001:<flags> [calling]
234c.1b7c: supR3HardenedScreenImage/NtCreateSection: cache hit (VINF_SUCCESS) on \Device\HarddiskVolume3\Windows\System32\DriverStore\FileRepository\iigd_dch.inf_amd64_d0b39b11619fd0c4\igd9dxva64.dll
234c.1b7c: supR3HardenedDllNotificationCallback: load   00007ffb0ecc0000 LB 0x03c10000 C:\Windows\System32\DriverStore\FileRepository\iigd_dch.inf_amd64_d0b39b11619fd0c4\igd9dxva64.dll [fFlags=0x0]
234c.1b7c: supR3HardenedScreenImage/LdrLoadDll: cache hit (VINF_SUCCESS) on \Device\HarddiskVolume3\Windows\System32\DriverStore\FileRepository\iigd_dch.inf_amd64_d0b39b11619fd0c4\igd9dxva64.dll
234c.1b7c: supR3HardenedIsApiSetDll: ApiSetQueryApiSetPresence(api-ms-win-core-synch-l1-2-0) -> 0x0, fPresent=1
234c.1b7c: supR3HardenedMonitor_LdrLoadDll: pName=api-ms-win-core-synch-l1-2-0 (rcNtResolve=0x0) *pfFlags=0x0 pwszSearchPath=0000000000000801:<flags> [calling]
234c.1b7c: supR3HardenedMonitor_LdrLoadDll: returns rcNt=0x0 hMod=00007ffbace10000 'api-ms-win-core-synch-l1-2-0'
234c.1b7c: supR3HardenedMonitor_LdrLoadDll: returns rcNt=0x0 hMod=00007ffbadbf0000 'C:\Windows\System32\kernel32.dll'
234c.1b7c: supR3HardenedIsApiSetDll: ApiSetQueryApiSetPresence(api-ms-win-core-string-l1-1-0) -> 0x0, fPresent=1
234c.1b7c: supR3HardenedMonitor_LdrLoadDll: pName=api-ms-win-core-string-l1-1-0 (rcNtResolve=0x0) *pfFlags=0x0 pwszSearchPath=0000000000000801:<flags> [calling]
234c.1b7c: supR3HardenedMonitor_LdrLoadDll: returns rcNt=0x0 hMod=00007ffbace10000 'api-ms-win-core-string-l1-1-0'
234c.1b7c: supR3HardenedIsApiSetDll: ApiSetQueryApiSetPresence(api-ms-win-core-localization-l1-2-1) -> 0x0, fPresent=1
234c.1b7c: supR3HardenedMonitor_LdrLoadDll: pName=api-ms-win-core-localization-l1-2-1 (rcNtResolve=0x0) *pfFlags=0x0 pwszSearchPath=0000000000000801:<flags> [calling]
234c.1b7c: supR3HardenedMonitor_LdrLoadDll: returns rcNt=0x0 hMod=00007ffbace10000 'api-ms-win-core-localization-l1-2-1'
234c.1b7c: supR3HardenedIsApiSetDll: ApiSetQueryApiSetPresence(api-ms-win-core-datetime-l1-1-1) -> 0x0, fPresent=1
234c.1b7c: supR3HardenedMonitor_LdrLoadDll: pName=api-ms-win-core-datetime-l1-1-1 (rcNtResolve=0x0) *pfFlags=0x0 pwszSearchPath=0000000000000801:<flags> [calling]
234c.1b7c: supR3HardenedMonitor_LdrLoadDll: returns rcNt=0x0 hMod=00007ffbace10000 'api-ms-win-core-datetime-l1-1-1'
234c.1b7c: supR3HardenedIsApiSetDll: ApiSetQueryApiSetPresence(api-ms-win-core-localization-obsolete-l1-2-0) -> 0x0, fPresent=1
234c.1b7c: supR3HardenedMonitor_LdrLoadDll: pName=api-ms-win-core-localization-obsolete-l1-2-0 (rcNtResolve=0x0) *pfFlags=0x0 pwszSearchPath=0000000000000801:<flags> [calling]
234c.1b7c: supR3HardenedMonitor_LdrLoadDll: returns rcNt=0x0 hMod=00007ffbace10000 'api-ms-win-core-localization-obsolete-l1-2-0'
234c.1b7c: supR3HardenedMonitor_LdrLoadDll: returns rcNt=0x0 hMod=00007ffb0ecc0000 'C:\Windows\System32\DriverStore\FileRepository\iigd_dch.inf_amd64_d0b39b11619fd0c4\igd9dxva64.dll'
234c.1b7c: supR3HardenedScreenImage/LdrLoadDll: cache hit (VINF_SUCCESS) on \Device\HarddiskVolume3\Windows\System32\DriverStore\FileRepository\iigd_dch.inf_amd64_d0b39b11619fd0c4\igdgmm64.dll
234c.1b7c: supR3HardenedMonitor_LdrLoadDll: pName=C:\Windows\System32\DriverStore\FileRepository\iigd_dch.inf_amd64_d0b39b11619fd0c4\igdgmm64.dll (rcNtResolve=0xc0150008) *pfFlags=0x0 pwszSearchPath=0000000000000001:<flags> [calling]
234c.1b7c: supR3HardenedScreenImage/NtCreateSection: cache hit (VINF_SUCCESS) on \Device\HarddiskVolume3\Windows\System32\DriverStore\FileRepository\iigd_dch.inf_amd64_d0b39b11619fd0c4\igdgmm64.dll
234c.1b7c: supR3HardenedDllNotificationCallback: load   00007ffba1160000 LB 0x003c7000 C:\Windows\System32\DriverStore\FileRepository\iigd_dch.inf_amd64_d0b39b11619fd0c4\igdgmm64.dll [fFlags=0x0]
234c.1b7c: supR3HardenedScreenImage/LdrLoadDll: cache hit (VINF_SUCCESS) on \Device\HarddiskVolume3\Windows\System32\DriverStore\FileRepository\iigd_dch.inf_amd64_d0b39b11619fd0c4\igdgmm64.dll
234c.1b7c: supR3HardenedIsApiSetDll: ApiSetQueryApiSetPresence(api-ms-win-core-synch-l1-2-0) -> 0x0, fPresent=1
234c.1b7c: supR3HardenedMonitor_LdrLoadDll: pName=api-ms-win-core-synch-l1-2-0 (rcNtResolve=0x0) *pfFlags=0x0 pwszSearchPath=0000000000000801:<flags> [calling]
234c.1b7c: supR3HardenedMonitor_LdrLoadDll: returns rcNt=0x0 hMod=00007ffbace10000 'api-ms-win-core-synch-l1-2-0'
234c.1b7c: supR3HardenedMonitor_LdrLoadDll: returns rcNt=0x0 hMod=00007ffbadbf0000 'C:\Windows\System32\kernel32.dll'
234c.1b7c: supR3HardenedMonitor_LdrLoadDll: returns rcNt=0x0 hMod=00007ffba1160000 'C:\Windows\System32\DriverStore\FileRepository\iigd_dch.inf_amd64_d0b39b11619fd0c4\igdgmm64.dll'
234c.1b7c: supR3HardenedDllNotificationCallback: Unload 00007ffb0ecc0000 LB 0x03c10000 C:\Windows\System32\DriverStore\FileRepository\iigd_dch.inf_amd64_d0b39b11619fd0c4\igd9dxva64.dll [flags=0x0]
234c.1b7c: supR3HardenedDllNotificationCallback: Unload 00007ffba1160000 LB 0x003c7000 C:\Windows\System32\DriverStore\FileRepository\iigd_dch.inf_amd64_d0b39b11619fd0c4\igdgmm64.dll [flags=0x0]
234c.1b7c: supR3HardenedDllNotificationCallback: load   00007ffb0ecc0000 LB 0x03c10000 C:\Windows\System32\DriverStore\FileRepository\iigd_dch.inf_amd64_d0b39b11619fd0c4\igd9dxva64.dll [fFlags=0x0]
234c.1b7c: supR3HardenedIsApiSetDll: ApiSetQueryApiSetPresence(api-ms-win-core-synch-l1-2-0) -> 0x0, fPresent=1
234c.1b7c: supR3HardenedMonitor_LdrLoadDll: pName=api-ms-win-core-synch-l1-2-0 (rcNtResolve=0x0) *pfFlags=0x0 pwszSearchPath=0000000000000801:<flags> [calling]
234c.1b7c: supR3HardenedMonitor_LdrLoadDll: returns rcNt=0x0 hMod=00007ffbace10000 'api-ms-win-core-synch-l1-2-0'
234c.1b7c: supR3HardenedMonitor_LdrLoadDll: returns rcNt=0x0 hMod=00007ffbadbf0000 'C:\Windows\System32\kernel32.dll'
234c.1b7c: supR3HardenedIsApiSetDll: ApiSetQueryApiSetPresence(api-ms-win-core-string-l1-1-0) -> 0x0, fPresent=1
234c.1b7c: supR3HardenedMonitor_LdrLoadDll: pName=api-ms-win-core-string-l1-1-0 (rcNtResolve=0x0) *pfFlags=0x0 pwszSearchPath=0000000000000801:<flags> [calling]
234c.1b7c: supR3HardenedMonitor_LdrLoadDll: returns rcNt=0x0 hMod=00007ffbace10000 'api-ms-win-core-string-l1-1-0'
234c.1b7c: supR3HardenedIsApiSetDll: ApiSetQueryApiSetPresence(api-ms-win-core-localization-l1-2-1) -> 0x0, fPresent=1
234c.1b7c: supR3HardenedMonitor_LdrLoadDll: pName=api-ms-win-core-localization-l1-2-1 (rcNtResolve=0x0) *pfFlags=0x0 pwszSearchPath=0000000000000801:<flags> [calling]
234c.1b7c: supR3HardenedMonitor_LdrLoadDll: returns rcNt=0x0 hMod=00007ffbace10000 'api-ms-win-core-localization-l1-2-1'
234c.1b7c: supR3HardenedIsApiSetDll: ApiSetQueryApiSetPresence(api-ms-win-core-datetime-l1-1-1) -> 0x0, fPresent=1
234c.1b7c: supR3HardenedMonitor_LdrLoadDll: pName=api-ms-win-core-datetime-l1-1-1 (rcNtResolve=0x0) *pfFlags=0x0 pwszSearchPath=0000000000000801:<flags> [calling]
234c.1b7c: supR3HardenedMonitor_LdrLoadDll: returns rcNt=0x0 hMod=00007ffbace10000 'api-ms-win-core-datetime-l1-1-1'
234c.1b7c: supR3HardenedIsApiSetDll: ApiSetQueryApiSetPresence(api-ms-win-core-localization-obsolete-l1-2-0) -> 0x0, fPresent=1
234c.1b7c: supR3HardenedMonitor_LdrLoadDll: pName=api-ms-win-core-localization-obsolete-l1-2-0 (rcNtResolve=0x0) *pfFlags=0x0 pwszSearchPath=0000000000000801:<flags> [calling]
234c.1b7c: supR3HardenedMonitor_LdrLoadDll: returns rcNt=0x0 hMod=00007ffbace10000 'api-ms-win-core-localization-obsolete-l1-2-0'
234c.1b7c: supR3HardenedMonitor_LdrLoadDll: returns rcNt=0x0 hMod=00007ffb0ecc0000 'C:\Windows\System32\DriverStore\FileRepository\iigd_dch.inf_amd64_d0b39b11619fd0c4\igd9dxva64.dll'
234c.1b7c: supR3HardenedDllNotificationCallback: load   00007ffba1160000 LB 0x003c7000 C:\Windows\System32\DriverStore\FileRepository\iigd_dch.inf_amd64_d0b39b11619fd0c4\igdgmm64.dll [fFlags=0x0]
234c.1b7c: supR3HardenedIsApiSetDll: ApiSetQueryApiSetPresence(api-ms-win-core-synch-l1-2-0) -> 0x0, fPresent=1
234c.1b7c: supR3HardenedMonitor_LdrLoadDll: pName=api-ms-win-core-synch-l1-2-0 (rcNtResolve=0x0) *pfFlags=0x0 pwszSearchPath=0000000000000801:<flags> [calling]
234c.1b7c: supR3HardenedMonitor_LdrLoadDll: returns rcNt=0x0 hMod=00007ffbace10000 'api-ms-win-core-synch-l1-2-0'
234c.1b7c: supR3HardenedMonitor_LdrLoadDll: returns rcNt=0x0 hMod=00007ffbadbf0000 'C:\Windows\System32\kernel32.dll'
234c.1b7c: supR3HardenedMonitor_LdrLoadDll: returns rcNt=0x0 hMod=00007ffba1160000 'C:\Windows\System32\DriverStore\FileRepository\iigd_dch.inf_amd64_d0b39b11619fd0c4\igdgmm64.dll'
234c.1b7c: supR3HardenedDllNotificationCallback: Unload 00007ffb0ecc0000 LB 0x03c10000 C:\Windows\System32\DriverStore\FileRepository\iigd_dch.inf_amd64_d0b39b11619fd0c4\igd9dxva64.dll [flags=0x0]
234c.1b7c: supR3HardenedDllNotificationCallback: Unload 00007ffba1160000 LB 0x003c7000 C:\Windows\System32\DriverStore\FileRepository\iigd_dch.inf_amd64_d0b39b11619fd0c4\igdgmm64.dll [flags=0x0]
234c.1b7c: supR3HardenedDllNotificationCallback: load   00007ffb0ecc0000 LB 0x03c10000 C:\Windows\System32\DriverStore\FileRepository\iigd_dch.inf_amd64_d0b39b11619fd0c4\igd9dxva64.dll [fFlags=0x0]
234c.1b7c: supR3HardenedIsApiSetDll: ApiSetQueryApiSetPresence(api-ms-win-core-synch-l1-2-0) -> 0x0, fPresent=1
234c.1b7c: supR3HardenedMonitor_LdrLoadDll: pName=api-ms-win-core-synch-l1-2-0 (rcNtResolve=0x0) *pfFlags=0x0 pwszSearchPath=0000000000000801:<flags> [calling]
234c.1b7c: supR3HardenedMonitor_LdrLoadDll: returns rcNt=0x0 hMod=00007ffbace10000 'api-ms-win-core-synch-l1-2-0'
234c.1b7c: supR3HardenedMonitor_LdrLoadDll: returns rcNt=0x0 hMod=00007ffbadbf0000 'C:\Windows\System32\kernel32.dll'
234c.1b7c: supR3HardenedIsApiSetDll: ApiSetQueryApiSetPresence(api-ms-win-core-string-l1-1-0) -> 0x0, fPresent=1
234c.1b7c: supR3HardenedMonitor_LdrLoadDll: pName=api-ms-win-core-string-l1-1-0 (rcNtResolve=0x0) *pfFlags=0x0 pwszSearchPath=0000000000000801:<flags> [calling]
234c.1b7c: supR3HardenedMonitor_LdrLoadDll: returns rcNt=0x0 hMod=00007ffbace10000 'api-ms-win-core-string-l1-1-0'
234c.1b7c: supR3HardenedIsApiSetDll: ApiSetQueryApiSetPresence(api-ms-win-core-localization-l1-2-1) -> 0x0, fPresent=1
234c.1b7c: supR3HardenedMonitor_LdrLoadDll: pName=api-ms-win-core-localization-l1-2-1 (rcNtResolve=0x0) *pfFlags=0x0 pwszSearchPath=0000000000000801:<flags> [calling]
234c.1b7c: supR3HardenedMonitor_LdrLoadDll: returns rcNt=0x0 hMod=00007ffbace10000 'api-ms-win-core-localization-l1-2-1'
234c.1b7c: supR3HardenedIsApiSetDll: ApiSetQueryApiSetPresence(api-ms-win-core-datetime-l1-1-1) -> 0x0, fPresent=1
234c.1b7c: supR3HardenedMonitor_LdrLoadDll: pName=api-ms-win-core-datetime-l1-1-1 (rcNtResolve=0x0) *pfFlags=0x0 pwszSearchPath=0000000000000801:<flags> [calling]
234c.1b7c: supR3HardenedMonitor_LdrLoadDll: returns rcNt=0x0 hMod=00007ffbace10000 'api-ms-win-core-datetime-l1-1-1'
234c.1b7c: supR3HardenedIsApiSetDll: ApiSetQueryApiSetPresence(api-ms-win-core-localization-obsolete-l1-2-0) -> 0x0, fPresent=1
234c.1b7c: supR3HardenedMonitor_LdrLoadDll: pName=api-ms-win-core-localization-obsolete-l1-2-0 (rcNtResolve=0x0) *pfFlags=0x0 pwszSearchPath=0000000000000801:<flags> [calling]
234c.1b7c: supR3HardenedMonitor_LdrLoadDll: returns rcNt=0x0 hMod=00007ffbace10000 'api-ms-win-core-localization-obsolete-l1-2-0'
234c.1b7c: supR3HardenedMonitor_LdrLoadDll: returns rcNt=0x0 hMod=00007ffb0ecc0000 'C:\Windows\System32\DriverStore\FileRepository\iigd_dch.inf_amd64_d0b39b11619fd0c4\igd9dxva64.dll'
234c.1b7c: supR3HardenedDllNotificationCallback: load   00007ffba1160000 LB 0x003c7000 C:\Windows\System32\DriverStore\FileRepository\iigd_dch.inf_amd64_d0b39b11619fd0c4\igdgmm64.dll [fFlags=0x0]
234c.1b7c: supR3HardenedIsApiSetDll: ApiSetQueryApiSetPresence(api-ms-win-core-synch-l1-2-0) -> 0x0, fPresent=1
234c.1b7c: supR3HardenedMonitor_LdrLoadDll: pName=api-ms-win-core-synch-l1-2-0 (rcNtResolve=0x0) *pfFlags=0x0 pwszSearchPath=0000000000000801:<flags> [calling]
234c.1b7c: supR3HardenedMonitor_LdrLoadDll: returns rcNt=0x0 hMod=00007ffbace10000 'api-ms-win-core-synch-l1-2-0'
234c.1b7c: supR3HardenedMonitor_LdrLoadDll: returns rcNt=0x0 hMod=00007ffbadbf0000 'C:\Windows\System32\kernel32.dll'
234c.1b7c: supR3HardenedMonitor_LdrLoadDll: returns rcNt=0x0 hMod=00007ffba1160000 'C:\Windows\System32\DriverStore\FileRepository\iigd_dch.inf_amd64_d0b39b11619fd0c4\igdgmm64.dll'
234c.1b7c: supR3HardenedDllNotificationCallback: Unload 00007ffb0ecc0000 LB 0x03c10000 C:\Windows\System32\DriverStore\FileRepository\iigd_dch.inf_amd64_d0b39b11619fd0c4\igd9dxva64.dll [flags=0x0]
234c.1b7c: supR3HardenedDllNotificationCallback: Unload 00007ffba1160000 LB 0x003c7000 C:\Windows\System32\DriverStore\FileRepository\iigd_dch.inf_amd64_d0b39b11619fd0c4\igdgmm64.dll [flags=0x0]
234c.1b7c: supR3HardenedScreenImage/NtCreateSection: cache hit (VINF_SUCCESS) on \Device\HarddiskVolume3\Windows\System32\DriverStore\FileRepository\iigd_dch.inf_amd64_d0b39b11619fd0c4\igd9dxva64.dll
234c.1b7c: supR3HardenedDllNotificationCallback: load   00007ffb0ecc0000 LB 0x03c10000 C:\Windows\System32\DriverStore\FileRepository\iigd_dch.inf_amd64_d0b39b11619fd0c4\igd9dxva64.dll [fFlags=0x0]
234c.1b7c: supR3HardenedIsApiSetDll: ApiSetQueryApiSetPresence(api-ms-win-core-synch-l1-2-0) -> 0x0, fPresent=1
234c.1b7c: supR3HardenedMonitor_LdrLoadDll: pName=api-ms-win-core-synch-l1-2-0 (rcNtResolve=0x0) *pfFlags=0x0 pwszSearchPath=0000000000000801:<flags> [calling]
234c.1b7c: supR3HardenedMonitor_LdrLoadDll: returns rcNt=0x0 hMod=00007ffbace10000 'api-ms-win-core-synch-l1-2-0'
234c.1b7c: supR3HardenedMonitor_LdrLoadDll: returns rcNt=0x0 hMod=00007ffbadbf0000 'C:\Windows\System32\kernel32.dll'
234c.1b7c: supR3HardenedIsApiSetDll: ApiSetQueryApiSetPresence(api-ms-win-core-string-l1-1-0) -> 0x0, fPresent=1
234c.1b7c: supR3HardenedMonitor_LdrLoadDll: pName=api-ms-win-core-string-l1-1-0 (rcNtResolve=0x0) *pfFlags=0x0 pwszSearchPath=0000000000000801:<flags> [calling]
234c.1b7c: supR3HardenedMonitor_LdrLoadDll: returns rcNt=0x0 hMod=00007ffbace10000 'api-ms-win-core-string-l1-1-0'
234c.1b7c: supR3HardenedIsApiSetDll: ApiSetQueryApiSetPresence(api-ms-win-core-localization-l1-2-1) -> 0x0, fPresent=1
234c.1b7c: supR3HardenedMonitor_LdrLoadDll: pName=api-ms-win-core-localization-l1-2-1 (rcNtResolve=0x0) *pfFlags=0x0 pwszSearchPath=0000000000000801:<flags> [calling]
234c.1b7c: supR3HardenedMonitor_LdrLoadDll: returns rcNt=0x0 hMod=00007ffbace10000 'api-ms-win-core-localization-l1-2-1'
234c.1b7c: supR3HardenedIsApiSetDll: ApiSetQueryApiSetPresence(api-ms-win-core-datetime-l1-1-1) -> 0x0, fPresent=1
234c.1b7c: supR3HardenedMonitor_LdrLoadDll: pName=api-ms-win-core-datetime-l1-1-1 (rcNtResolve=0x0) *pfFlags=0x0 pwszSearchPath=0000000000000801:<flags> [calling]
234c.1b7c: supR3HardenedMonitor_LdrLoadDll: returns rcNt=0x0 hMod=00007ffbace10000 'api-ms-win-core-datetime-l1-1-1'
234c.1b7c: supR3HardenedIsApiSetDll: ApiSetQueryApiSetPresence(api-ms-win-core-localization-obsolete-l1-2-0) -> 0x0, fPresent=1
234c.1b7c: supR3HardenedMonitor_LdrLoadDll: pName=api-ms-win-core-localization-obsolete-l1-2-0 (rcNtResolve=0x0) *pfFlags=0x0 pwszSearchPath=0000000000000801:<flags> [calling]
234c.1b7c: supR3HardenedMonitor_LdrLoadDll: returns rcNt=0x0 hMod=00007ffbace10000 'api-ms-win-core-localization-obsolete-l1-2-0'
234c.1b7c: supR3HardenedMonitor_LdrLoadDll: returns rcNt=0x0 hMod=00007ffb0ecc0000 'C:\Windows\System32\DriverStore\FileRepository\iigd_dch.inf_amd64_d0b39b11619fd0c4\igd9dxva64.dll'
234c.1b7c: supR3HardenedScreenImage/NtCreateSection: cache hit (VINF_SUCCESS) on \Device\HarddiskVolume3\Windows\System32\DriverStore\FileRepository\iigd_dch.inf_amd64_d0b39b11619fd0c4\igdgmm64.dll
234c.1b7c: supR3HardenedDllNotificationCallback: load   00007ffba1160000 LB 0x003c7000 C:\Windows\System32\DriverStore\FileRepository\iigd_dch.inf_amd64_d0b39b11619fd0c4\igdgmm64.dll [fFlags=0x0]
234c.1b7c: supR3HardenedIsApiSetDll: ApiSetQueryApiSetPresence(api-ms-win-core-synch-l1-2-0) -> 0x0, fPresent=1
234c.1b7c: supR3HardenedMonitor_LdrLoadDll: pName=api-ms-win-core-synch-l1-2-0 (rcNtResolve=0x0) *pfFlags=0x0 pwszSearchPath=0000000000000801:<flags> [calling]
234c.1b7c: supR3HardenedMonitor_LdrLoadDll: returns rcNt=0x0 hMod=00007ffbace10000 'api-ms-win-core-synch-l1-2-0'
234c.1b7c: supR3HardenedScreenImage/LdrLoadDll: cache hit (VINF_SUCCESS) on \Device\HarddiskVolume3\Windows\System32\kernel32.dll
234c.1b7c: supR3HardenedMonitor_LdrLoadDll: pName=C:\Windows\System32\kernel32.dll (Input=kernel32, rcNtResolve=0xc0150008) *pfFlags=0x0 pwszSearchPath=0000000000000801:<flags> [calling]
234c.1b7c: supR3HardenedMonitor_LdrLoadDll: returns rcNt=0x0 hMod=00007ffbadbf0000 'C:\Windows\System32\kernel32.dll'
234c.1b7c: supR3HardenedMonitor_LdrLoadDll: returns rcNt=0x0 hMod=00007ffba1160000 'C:\Windows\System32\DriverStore\FileRepository\iigd_dch.inf_amd64_d0b39b11619fd0c4\igdgmm64.dll'
234c.1b7c: supR3HardenedDllNotificationCallback: Unload 00007ffb0ecc0000 LB 0x03c10000 C:\Windows\System32\DriverStore\FileRepository\iigd_dch.inf_amd64_d0b39b11619fd0c4\igd9dxva64.dll [flags=0x0]
234c.1b7c: supR3HardenedDllNotificationCallback: Unload 00007ffba1160000 LB 0x003c7000 C:\Windows\System32\DriverStore\FileRepository\iigd_dch.inf_amd64_d0b39b11619fd0c4\igdgmm64.dll [flags=0x0]
234c.1b7c: supR3HardenedDllNotificationCallback: load   00007ffb0ecc0000 LB 0x03c10000 C:\Windows\System32\DriverStore\FileRepository\iigd_dch.inf_amd64_d0b39b11619fd0c4\igd9dxva64.dll [fFlags=0x0]
234c.1b7c: supR3HardenedIsApiSetDll: ApiSetQueryApiSetPresence(api-ms-win-core-synch-l1-2-0) -> 0x0, fPresent=1
234c.1b7c: supR3HardenedMonitor_LdrLoadDll: pName=api-ms-win-core-synch-l1-2-0 (rcNtResolve=0x0) *pfFlags=0x0 pwszSearchPath=0000000000000801:<flags> [calling]
234c.1b7c: supR3HardenedMonitor_LdrLoadDll: returns rcNt=0x0 hMod=00007ffbace10000 'api-ms-win-core-synch-l1-2-0'
234c.1b7c: supR3HardenedMonitor_LdrLoadDll: returns rcNt=0x0 hMod=00007ffbadbf0000 'C:\Windows\System32\kernel32.dll'
234c.1b7c: supR3HardenedIsApiSetDll: ApiSetQueryApiSetPresence(api-ms-win-core-string-l1-1-0) -> 0x0, fPresent=1
234c.1b7c: supR3HardenedMonitor_LdrLoadDll: pName=api-ms-win-core-string-l1-1-0 (rcNtResolve=0x0) *pfFlags=0x0 pwszSearchPath=0000000000000801:<flags> [calling]
234c.1b7c: supR3HardenedMonitor_LdrLoadDll: returns rcNt=0x0 hMod=00007ffbace10000 'api-ms-win-core-string-l1-1-0'
234c.1b7c: supR3HardenedIsApiSetDll: ApiSetQueryApiSetPresence(api-ms-win-core-localization-l1-2-1) -> 0x0, fPresent=1
234c.1b7c: supR3HardenedMonitor_LdrLoadDll: pName=api-ms-win-core-localization-l1-2-1 (rcNtResolve=0x0) *pfFlags=0x0 pwszSearchPath=0000000000000801:<flags> [calling]
234c.1b7c: supR3HardenedMonitor_LdrLoadDll: returns rcNt=0x0 hMod=00007ffbace10000 'api-ms-win-core-localization-l1-2-1'
234c.1b7c: supR3HardenedIsApiSetDll: ApiSetQueryApiSetPresence(api-ms-win-core-datetime-l1-1-1) -> 0x0, fPresent=1
234c.1b7c: supR3HardenedMonitor_LdrLoadDll: pName=api-ms-win-core-datetime-l1-1-1 (rcNtResolve=0x0) *pfFlags=0x0 pwszSearchPath=0000000000000801:<flags> [calling]
234c.1b7c: supR3HardenedMonitor_LdrLoadDll: returns rcNt=0x0 hMod=00007ffbace10000 'api-ms-win-core-datetime-l1-1-1'
234c.1b7c: supR3HardenedIsApiSetDll: ApiSetQueryApiSetPresence(api-ms-win-core-localization-obsolete-l1-2-0) -> 0x0, fPresent=1
234c.1b7c: supR3HardenedMonitor_LdrLoadDll: pName=api-ms-win-core-localization-obsolete-l1-2-0 (rcNtResolve=0x0) *pfFlags=0x0 pwszSearchPath=0000000000000801:<flags> [calling]
234c.1b7c: supR3HardenedMonitor_LdrLoadDll: returns rcNt=0x0 hMod=00007ffbace10000 'api-ms-win-core-localization-obsolete-l1-2-0'
234c.1b7c: supR3HardenedMonitor_LdrLoadDll: returns rcNt=0x0 hMod=00007ffb0ecc0000 'C:\Windows\System32\DriverStore\FileRepository\iigd_dch.inf_amd64_d0b39b11619fd0c4\igd9dxva64.dll'
234c.1b7c: supR3HardenedDllNotificationCallback: load   00007ffba1160000 LB 0x003c7000 C:\Windows\System32\DriverStore\FileRepository\iigd_dch.inf_amd64_d0b39b11619fd0c4\igdgmm64.dll [fFlags=0x0]
234c.1b7c: supR3HardenedIsApiSetDll: ApiSetQueryApiSetPresence(api-ms-win-core-synch-l1-2-0) -> 0x0, fPresent=1
234c.1b7c: supR3HardenedMonitor_LdrLoadDll: pName=api-ms-win-core-synch-l1-2-0 (rcNtResolve=0x0) *pfFlags=0x0 pwszSearchPath=0000000000000801:<flags> [calling]
234c.1b7c: supR3HardenedMonitor_LdrLoadDll: returns rcNt=0x0 hMod=00007ffbace10000 'api-ms-win-core-synch-l1-2-0'
234c.1b7c: supR3HardenedMonitor_LdrLoadDll: returns rcNt=0x0 hMod=00007ffbadbf0000 'C:\Windows\System32\kernel32.dll'
234c.1b7c: supR3HardenedMonitor_LdrLoadDll: returns rcNt=0x0 hMod=00007ffba1160000 'C:\Windows\System32\DriverStore\FileRepository\iigd_dch.inf_amd64_d0b39b11619fd0c4\igdgmm64.dll'
234c.1b7c: supR3HardenedDllNotificationCallback: Unload 00007ffb0ecc0000 LB 0x03c10000 C:\Windows\System32\DriverStore\FileRepository\iigd_dch.inf_amd64_d0b39b11619fd0c4\igd9dxva64.dll [flags=0x0]
234c.1b7c: supR3HardenedDllNotificationCallback: Unload 00007ffba1160000 LB 0x003c7000 C:\Windows\System32\DriverStore\FileRepository\iigd_dch.inf_amd64_d0b39b11619fd0c4\igdgmm64.dll [flags=0x0]
234c.1b7c: supR3HardenedDllNotificationCallback: load   00007ffb0ecc0000 LB 0x03c10000 C:\Windows\System32\DriverStore\FileRepository\iigd_dch.inf_amd64_d0b39b11619fd0c4\igd9dxva64.dll [fFlags=0x0]
234c.1b7c: supR3HardenedIsApiSetDll: ApiSetQueryApiSetPresence(api-ms-win-core-synch-l1-2-0) -> 0x0, fPresent=1
234c.1b7c: supR3HardenedMonitor_LdrLoadDll: pName=api-ms-win-core-synch-l1-2-0 (rcNtResolve=0x0) *pfFlags=0x0 pwszSearchPath=0000000000000801:<flags> [calling]
234c.1b7c: supR3HardenedMonitor_LdrLoadDll: returns rcNt=0x0 hMod=00007ffbace10000 'api-ms-win-core-synch-l1-2-0'
234c.1b7c: supR3HardenedMonitor_LdrLoadDll: returns rcNt=0x0 hMod=00007ffbadbf0000 'C:\Windows\System32\kernel32.dll'
234c.1b7c: supR3HardenedIsApiSetDll: ApiSetQueryApiSetPresence(api-ms-win-core-string-l1-1-0) -> 0x0, fPresent=1
234c.1b7c: supR3HardenedMonitor_LdrLoadDll: pName=api-ms-win-core-string-l1-1-0 (rcNtResolve=0x0) *pfFlags=0x0 pwszSearchPath=0000000000000801:<flags> [calling]
234c.1b7c: supR3HardenedMonitor_LdrLoadDll: returns rcNt=0x0 hMod=00007ffbace10000 'api-ms-win-core-string-l1-1-0'
234c.1b7c: supR3HardenedIsApiSetDll: ApiSetQueryApiSetPresence(api-ms-win-core-localization-l1-2-1) -> 0x0, fPresent=1
234c.1b7c: supR3HardenedMonitor_LdrLoadDll: pName=api-ms-win-core-localization-l1-2-1 (rcNtResolve=0x0) *pfFlags=0x0 pwszSearchPath=0000000000000801:<flags> [calling]
234c.1b7c: supR3HardenedMonitor_LdrLoadDll: returns rcNt=0x0 hMod=00007ffbace10000 'api-ms-win-core-localization-l1-2-1'
234c.1b7c: supR3HardenedIsApiSetDll: ApiSetQueryApiSetPresence(api-ms-win-core-datetime-l1-1-1) -> 0x0, fPresent=1
234c.1b7c: supR3HardenedMonitor_LdrLoadDll: pName=api-ms-win-core-datetime-l1-1-1 (rcNtResolve=0x0) *pfFlags=0x0 pwszSearchPath=0000000000000801:<flags> [calling]
234c.1b7c: supR3HardenedMonitor_LdrLoadDll: returns rcNt=0x0 hMod=00007ffbace10000 'api-ms-win-core-datetime-l1-1-1'
234c.1b7c: supR3HardenedIsApiSetDll: ApiSetQueryApiSetPresence(api-ms-win-core-localization-obsolete-l1-2-0) -> 0x0, fPresent=1
234c.1b7c: supR3HardenedMonitor_LdrLoadDll: pName=api-ms-win-core-localization-obsolete-l1-2-0 (rcNtResolve=0x0) *pfFlags=0x0 pwszSearchPath=0000000000000801:<flags> [calling]
234c.1b7c: supR3HardenedMonitor_LdrLoadDll: returns rcNt=0x0 hMod=00007ffbace10000 'api-ms-win-core-localization-obsolete-l1-2-0'
234c.1b7c: supR3HardenedMonitor_LdrLoadDll: returns rcNt=0x0 hMod=00007ffb0ecc0000 'C:\Windows\System32\DriverStore\FileRepository\iigd_dch.inf_amd64_d0b39b11619fd0c4\igd9dxva64.dll'
234c.1b7c: supR3HardenedDllNotificationCallback: load   00007ffba1160000 LB 0x003c7000 C:\Windows\System32\DriverStore\FileRepository\iigd_dch.inf_amd64_d0b39b11619fd0c4\igdgmm64.dll [fFlags=0x0]
234c.1b7c: supR3HardenedIsApiSetDll: ApiSetQueryApiSetPresence(api-ms-win-core-synch-l1-2-0) -> 0x0, fPresent=1
234c.1b7c: supR3HardenedMonitor_LdrLoadDll: pName=api-ms-win-core-synch-l1-2-0 (rcNtResolve=0x0) *pfFlags=0x0 pwszSearchPath=0000000000000801:<flags> [calling]
234c.1b7c: supR3HardenedMonitor_LdrLoadDll: returns rcNt=0x0 hMod=00007ffbace10000 'api-ms-win-core-synch-l1-2-0'
234c.1b7c: supR3HardenedMonitor_LdrLoadDll: returns rcNt=0x0 hMod=00007ffbadbf0000 'C:\Windows\System32\kernel32.dll'
234c.1b7c: supR3HardenedMonitor_LdrLoadDll: returns rcNt=0x0 hMod=00007ffba1160000 'C:\Windows\System32\DriverStore\FileRepository\iigd_dch.inf_amd64_d0b39b11619fd0c4\igdgmm64.dll'
234c.1b7c: supR3HardenedDllNotificationCallback: Unload 00007ffb0ecc0000 LB 0x03c10000 C:\Windows\System32\DriverStore\FileRepository\iigd_dch.inf_amd64_d0b39b11619fd0c4\igd9dxva64.dll [flags=0x0]
234c.1b7c: supR3HardenedDllNotificationCallback: Unload 00007ffba1160000 LB 0x003c7000 C:\Windows\System32\DriverStore\FileRepository\iigd_dch.inf_amd64_d0b39b11619fd0c4\igdgmm64.dll [flags=0x0]
234c.1b7c: supR3HardenedDllNotificationCallback: load   00007ffb0ecc0000 LB 0x03c10000 C:\Windows\System32\DriverStore\FileRepository\iigd_dch.inf_amd64_d0b39b11619fd0c4\igd9dxva64.dll [fFlags=0x0]
234c.1b7c: supR3HardenedIsApiSetDll: ApiSetQueryApiSetPresence(api-ms-win-core-synch-l1-2-0) -> 0x0, fPresent=1
234c.1b7c: supR3HardenedMonitor_LdrLoadDll: pName=api-ms-win-core-synch-l1-2-0 (rcNtResolve=0x0) *pfFlags=0x0 pwszSearchPath=0000000000000801:<flags> [calling]
234c.1b7c: supR3HardenedMonitor_LdrLoadDll: returns rcNt=0x0 hMod=00007ffbace10000 'api-ms-win-core-synch-l1-2-0'
234c.1b7c: supR3HardenedMonitor_LdrLoadDll: returns rcNt=0x0 hMod=00007ffbadbf0000 'C:\Windows\System32\kernel32.dll'
234c.1b7c: supR3HardenedIsApiSetDll: ApiSetQueryApiSetPresence(api-ms-win-core-string-l1-1-0) -> 0x0, fPresent=1
234c.1b7c: supR3HardenedMonitor_LdrLoadDll: pName=api-ms-win-core-string-l1-1-0 (rcNtResolve=0x0) *pfFlags=0x0 pwszSearchPath=0000000000000801:<flags> [calling]
234c.1b7c: supR3HardenedMonitor_LdrLoadDll: returns rcNt=0x0 hMod=00007ffbace10000 'api-ms-win-core-string-l1-1-0'
234c.1b7c: supR3HardenedIsApiSetDll: ApiSetQueryApiSetPresence(api-ms-win-core-localization-l1-2-1) -> 0x0, fPresent=1
234c.1b7c: supR3HardenedMonitor_LdrLoadDll: pName=api-ms-win-core-localization-l1-2-1 (rcNtResolve=0x0) *pfFlags=0x0 pwszSearchPath=0000000000000801:<flags> [calling]
234c.1b7c: supR3HardenedMonitor_LdrLoadDll: returns rcNt=0x0 hMod=00007ffbace10000 'api-ms-win-core-localization-l1-2-1'
234c.1b7c: supR3HardenedIsApiSetDll: ApiSetQueryApiSetPresence(api-ms-win-core-datetime-l1-1-1) -> 0x0, fPresent=1
234c.1b7c: supR3HardenedMonitor_LdrLoadDll: pName=api-ms-win-core-datetime-l1-1-1 (rcNtResolve=0x0) *pfFlags=0x0 pwszSearchPath=0000000000000801:<flags> [calling]
234c.1b7c: supR3HardenedMonitor_LdrLoadDll: returns rcNt=0x0 hMod=00007ffbace10000 'api-ms-win-core-datetime-l1-1-1'
234c.1b7c: supR3HardenedIsApiSetDll: ApiSetQueryApiSetPresence(api-ms-win-core-localization-obsolete-l1-2-0) -> 0x0, fPresent=1
234c.1b7c: supR3HardenedMonitor_LdrLoadDll: pName=api-ms-win-core-localization-obsolete-l1-2-0 (rcNtResolve=0x0) *pfFlags=0x0 pwszSearchPath=0000000000000801:<flags> [calling]
234c.1b7c: supR3HardenedMonitor_LdrLoadDll: returns rcNt=0x0 hMod=00007ffbace10000 'api-ms-win-core-localization-obsolete-l1-2-0'
234c.1b7c: supR3HardenedMonitor_LdrLoadDll: returns rcNt=0x0 hMod=00007ffb0ecc0000 'C:\Windows\System32\DriverStore\FileRepository\iigd_dch.inf_amd64_d0b39b11619fd0c4\igd9dxva64.dll'
234c.1b7c: supR3HardenedDllNotificationCallback: load   00007ffba1160000 LB 0x003c7000 C:\Windows\System32\DriverStore\FileRepository\iigd_dch.inf_amd64_d0b39b11619fd0c4\igdgmm64.dll [fFlags=0x0]
234c.1b7c: supR3HardenedIsApiSetDll: ApiSetQueryApiSetPresence(api-ms-win-core-synch-l1-2-0) -> 0x0, fPresent=1
234c.1b7c: supR3HardenedMonitor_LdrLoadDll: pName=api-ms-win-core-synch-l1-2-0 (rcNtResolve=0x0) *pfFlags=0x0 pwszSearchPath=0000000000000801:<flags> [calling]
234c.1b7c: supR3HardenedMonitor_LdrLoadDll: returns rcNt=0x0 hMod=00007ffbace10000 'api-ms-win-core-synch-l1-2-0'
234c.1b7c: supR3HardenedMonitor_LdrLoadDll: returns rcNt=0x0 hMod=00007ffbadbf0000 'C:\Windows\System32\kernel32.dll'
234c.1b7c: supR3HardenedMonitor_LdrLoadDll: returns rcNt=0x0 hMod=00007ffba1160000 'C:\Windows\System32\DriverStore\FileRepository\iigd_dch.inf_amd64_d0b39b11619fd0c4\igdgmm64.dll'
234c.1b7c: supR3HardenedDllNotificationCallback: Unload 00007ffb0ecc0000 LB 0x03c10000 C:\Windows\System32\DriverStore\FileRepository\iigd_dch.inf_amd64_d0b39b11619fd0c4\igd9dxva64.dll [flags=0x0]
234c.1b7c: supR3HardenedDllNotificationCallback: Unload 00007ffba1160000 LB 0x003c7000 C:\Windows\System32\DriverStore\FileRepository\iigd_dch.inf_amd64_d0b39b11619fd0c4\igdgmm64.dll [flags=0x0]
234c.1b7c: supR3HardenedDllNotificationCallback: load   00007ffb0ecc0000 LB 0x03c10000 C:\Windows\System32\DriverStore\FileRepository\iigd_dch.inf_amd64_d0b39b11619fd0c4\igd9dxva64.dll [fFlags=0x0]
234c.1b7c: supR3HardenedIsApiSetDll: ApiSetQueryApiSetPresence(api-ms-win-core-synch-l1-2-0) -> 0x0, fPresent=1
234c.1b7c: supR3HardenedMonitor_LdrLoadDll: pName=api-ms-win-core-synch-l1-2-0 (rcNtResolve=0x0) *pfFlags=0x0 pwszSearchPath=0000000000000801:<flags> [calling]
234c.1b7c: supR3HardenedMonitor_LdrLoadDll: returns rcNt=0x0 hMod=00007ffbace10000 'api-ms-win-core-synch-l1-2-0'
234c.1b7c: supR3HardenedMonitor_LdrLoadDll: returns rcNt=0x0 hMod=00007ffbadbf0000 'C:\Windows\System32\kernel32.dll'
234c.1b7c: supR3HardenedIsApiSetDll: ApiSetQueryApiSetPresence(api-ms-win-core-string-l1-1-0) -> 0x0, fPresent=1
234c.1b7c: supR3HardenedMonitor_LdrLoadDll: pName=api-ms-win-core-string-l1-1-0 (rcNtResolve=0x0) *pfFlags=0x0 pwszSearchPath=0000000000000801:<flags> [calling]
234c.1b7c: supR3HardenedMonitor_LdrLoadDll: returns rcNt=0x0 hMod=00007ffbace10000 'api-ms-win-core-string-l1-1-0'
234c.1b7c: supR3HardenedIsApiSetDll: ApiSetQueryApiSetPresence(api-ms-win-core-localization-l1-2-1) -> 0x0, fPresent=1
234c.1b7c: supR3HardenedMonitor_LdrLoadDll: pName=api-ms-win-core-localization-l1-2-1 (rcNtResolve=0x0) *pfFlags=0x0 pwszSearchPath=0000000000000801:<flags> [calling]
234c.1b7c: supR3HardenedMonitor_LdrLoadDll: returns rcNt=0x0 hMod=00007ffbace10000 'api-ms-win-core-localization-l1-2-1'
234c.1b7c: supR3HardenedIsApiSetDll: ApiSetQueryApiSetPresence(api-ms-win-core-datetime-l1-1-1) -> 0x0, fPresent=1
234c.1b7c: supR3HardenedMonitor_LdrLoadDll: pName=api-ms-win-core-datetime-l1-1-1 (rcNtResolve=0x0) *pfFlags=0x0 pwszSearchPath=0000000000000801:<flags> [calling]
234c.1b7c: supR3HardenedMonitor_LdrLoadDll: returns rcNt=0x0 hMod=00007ffbace10000 'api-ms-win-core-datetime-l1-1-1'
234c.1b7c: supR3HardenedIsApiSetDll: ApiSetQueryApiSetPresence(api-ms-win-core-localization-obsolete-l1-2-0) -> 0x0, fPresent=1
234c.1b7c: supR3HardenedMonitor_LdrLoadDll: pName=api-ms-win-core-localization-obsolete-l1-2-0 (rcNtResolve=0x0) *pfFlags=0x0 pwszSearchPath=0000000000000801:<flags> [calling]
234c.1b7c: supR3HardenedMonitor_LdrLoadDll: returns rcNt=0x0 hMod=00007ffbace10000 'api-ms-win-core-localization-obsolete-l1-2-0'
234c.1b7c: supR3HardenedMonitor_LdrLoadDll: returns rcNt=0x0 hMod=00007ffb0ecc0000 'C:\Windows\System32\DriverStore\FileRepository\iigd_dch.inf_amd64_d0b39b11619fd0c4\igd9dxva64.dll'
234c.1b7c: supR3HardenedDllNotificationCallback: load   00007ffba1160000 LB 0x003c7000 C:\Windows\System32\DriverStore\FileRepository\iigd_dch.inf_amd64_d0b39b11619fd0c4\igdgmm64.dll [fFlags=0x0]
234c.1b7c: supR3HardenedIsApiSetDll: ApiSetQueryApiSetPresence(api-ms-win-core-synch-l1-2-0) -> 0x0, fPresent=1
234c.1b7c: supR3HardenedMonitor_LdrLoadDll: pName=api-ms-win-core-synch-l1-2-0 (rcNtResolve=0x0) *pfFlags=0x0 pwszSearchPath=0000000000000801:<flags> [calling]
234c.1b7c: supR3HardenedMonitor_LdrLoadDll: returns rcNt=0x0 hMod=00007ffbace10000 'api-ms-win-core-synch-l1-2-0'
234c.1b7c: supR3HardenedMonitor_LdrLoadDll: returns rcNt=0x0 hMod=00007ffbadbf0000 'C:\Windows\System32\kernel32.dll'
234c.1b7c: supR3HardenedMonitor_LdrLoadDll: returns rcNt=0x0 hMod=00007ffba1160000 'C:\Windows\System32\DriverStore\FileRepository\iigd_dch.inf_amd64_d0b39b11619fd0c4\igdgmm64.dll'
234c.1b7c: supR3HardenedDllNotificationCallback: Unload 00007ffb0ecc0000 LB 0x03c10000 C:\Windows\System32\DriverStore\FileRepository\iigd_dch.inf_amd64_d0b39b11619fd0c4\igd9dxva64.dll [flags=0x0]
234c.1b7c: supR3HardenedDllNotificationCallback: Unload 00007ffba1160000 LB 0x003c7000 C:\Windows\System32\DriverStore\FileRepository\iigd_dch.inf_amd64_d0b39b11619fd0c4\igdgmm64.dll [flags=0x0]
234c.1b7c: supR3HardenedDllNotificationCallback: load   00007ffb0ecc0000 LB 0x03c10000 C:\Windows\System32\DriverStore\FileRepository\iigd_dch.inf_amd64_d0b39b11619fd0c4\igd9dxva64.dll [fFlags=0x0]
234c.1b7c: supR3HardenedScreenImage/LdrLoadDll: cache hit (VINF_SUCCESS) on \Device\HarddiskVolume3\Windows\System32\DriverStore\FileRepository\iigd_dch.inf_amd64_d0b39b11619fd0c4\igd9dxva64.dll
234c.1b7c: supR3HardenedIsApiSetDll: ApiSetQueryApiSetPresence(api-ms-win-core-synch-l1-2-0) -> 0x0, fPresent=1
234c.1b7c: supR3HardenedMonitor_LdrLoadDll: pName=api-ms-win-core-synch-l1-2-0 (rcNtResolve=0x0) *pfFlags=0x0 pwszSearchPath=0000000000000801:<flags> [calling]
234c.1b7c: supR3HardenedMonitor_LdrLoadDll: returns rcNt=0x0 hMod=00007ffbace10000 'api-ms-win-core-synch-l1-2-0'
234c.1b7c: supR3HardenedMonitor_LdrLoadDll: returns rcNt=0x0 hMod=00007ffbadbf0000 'C:\Windows\System32\kernel32.dll'
234c.1b7c: supR3HardenedIsApiSetDll: ApiSetQueryApiSetPresence(api-ms-win-core-string-l1-1-0) -> 0x0, fPresent=1
234c.1b7c: supR3HardenedMonitor_LdrLoadDll: pName=api-ms-win-core-string-l1-1-0 (rcNtResolve=0x0) *pfFlags=0x0 pwszSearchPath=0000000000000801:<flags> [calling]
234c.1b7c: supR3HardenedMonitor_LdrLoadDll: returns rcNt=0x0 hMod=00007ffbace10000 'api-ms-win-core-string-l1-1-0'
234c.1b7c: supR3HardenedIsApiSetDll: ApiSetQueryApiSetPresence(api-ms-win-core-localization-l1-2-1) -> 0x0, fPresent=1
234c.1b7c: supR3HardenedMonitor_LdrLoadDll: pName=api-ms-win-core-localization-l1-2-1 (rcNtResolve=0x0) *pfFlags=0x0 pwszSearchPath=0000000000000801:<flags> [calling]
234c.1b7c: supR3HardenedMonitor_LdrLoadDll: returns rcNt=0x0 hMod=00007ffbace10000 'api-ms-win-core-localization-l1-2-1'
234c.1b7c: supR3HardenedIsApiSetDll: ApiSetQueryApiSetPresence(api-ms-win-core-datetime-l1-1-1) -> 0x0, fPresent=1
234c.1b7c: supR3HardenedMonitor_LdrLoadDll: pName=api-ms-win-core-datetime-l1-1-1 (rcNtResolve=0x0) *pfFlags=0x0 pwszSearchPath=0000000000000801:<flags> [calling]
234c.1b7c: supR3HardenedMonitor_LdrLoadDll: returns rcNt=0x0 hMod=00007ffbace10000 'api-ms-win-core-datetime-l1-1-1'
234c.1b7c: supR3HardenedIsApiSetDll: ApiSetQueryApiSetPresence(api-ms-win-core-localization-obsolete-l1-2-0) -> 0x0, fPresent=1
234c.1b7c: supR3HardenedMonitor_LdrLoadDll: pName=api-ms-win-core-localization-obsolete-l1-2-0 (rcNtResolve=0x0) *pfFlags=0x0 pwszSearchPath=0000000000000801:<flags> [calling]
234c.1b7c: supR3HardenedMonitor_LdrLoadDll: returns rcNt=0x0 hMod=00007ffbace10000 'api-ms-win-core-localization-obsolete-l1-2-0'
234c.1b7c: supR3HardenedMonitor_LdrLoadDll: returns rcNt=0x0 hMod=00007ffb0ecc0000 'C:\Windows\System32\DriverStore\FileRepository\iigd_dch.inf_amd64_d0b39b11619fd0c4\igd9dxva64.dll'
234c.1b7c: supR3HardenedDllNotificationCallback: load   00007ffba1160000 LB 0x003c7000 C:\Windows\System32\DriverStore\FileRepository\iigd_dch.inf_amd64_d0b39b11619fd0c4\igdgmm64.dll [fFlags=0x0]
234c.1b7c: supR3HardenedScreenImage/LdrLoadDll: cache hit (VINF_SUCCESS) on \Device\HarddiskVolume3\Windows\System32\DriverStore\FileRepository\iigd_dch.inf_amd64_d0b39b11619fd0c4\igdgmm64.dll
234c.1b7c: supR3HardenedIsApiSetDll: ApiSetQueryApiSetPresence(api-ms-win-core-synch-l1-2-0) -> 0x0, fPresent=1
234c.1b7c: supR3HardenedMonitor_LdrLoadDll: pName=api-ms-win-core-synch-l1-2-0 (rcNtResolve=0x0) *pfFlags=0x0 pwszSearchPath=0000000000000801:<flags> [calling]
234c.1b7c: supR3HardenedMonitor_LdrLoadDll: returns rcNt=0x0 hMod=00007ffbace10000 'api-ms-win-core-synch-l1-2-0'
234c.1b7c: supR3HardenedMonitor_LdrLoadDll: returns rcNt=0x0 hMod=00007ffbadbf0000 'C:\Windows\System32\kernel32.dll'
234c.1b7c: supR3HardenedMonitor_LdrLoadDll: returns rcNt=0x0 hMod=00007ffba1160000 'C:\Windows\System32\DriverStore\FileRepository\iigd_dch.inf_amd64_d0b39b11619fd0c4\igdgmm64.dll'
234c.1b7c: supR3HardenedWinVerifyCacheScheduleImports: Import todo: #12 'msvcp_win.dll'.
234c.1b7c: supHardenedWinVerifyImageByHandle: -> 0 (\Device\HarddiskVolume3\Windows\System32\directxdatabasehelper.dll)
234c.1b7c: supR3HardenedWinVerifyCacheInsert: \Device\HarddiskVolume3\Windows\System32\directxdatabasehelper.dll
234c.1b7c: supR3HardenedDllNotificationCallback: load   00007ffba6670000 LB 0x00049000 C:\Windows\SYSTEM32\directxdatabasehelper.dll [fFlags=0x0]
234c.1b7c: supR3HardenedScreenImage/LdrLoadDll: cache hit (VINF_SUCCESS) on \Device\HarddiskVolume3\Windows\System32\directxdatabasehelper.dll [avoiding WinVerifyTrust]
234c.1b7c: supR3HardenedWinVerifyCacheProcessImportTodos: Processing 'msvcp_win.dll'...
234c.1b7c: supR3HardenedWinVerifyCacheProcessImportTodos: 'msvcp_win.dll' -> '\Device\HarddiskVolume3\Windows\System32\msvcp_win.dll' [rcNtRedir=0xc0150008]
234c.1b7c: supR3HardenedMonitor_LdrLoadDll: returns rcNt=0x0 hMod=00007ffbab9d0000 'C:\Windows\system32\rsaenh.dll'
234c.1b7c: supR3HardenedMonitor_LdrLoadDll: returns rcNt=0x0 hMod=00007ffbaca60000 'C:\Windows\System32\crypt32.dll'
234c.1b7c: supR3HardenedWinVerifyCacheProcessWvtTodos: 0 (was 0) fWinVerifyTrust=1 for '\Device\HarddiskVolume3\Windows\System32\directxdatabasehelper.dll'
234c.1b7c: supR3HardenedIsApiSetDll: ApiSetQueryApiSetPresence(ext-ms-win-core-resourcepolicy-l1-1-0.dll) -> 0x0, fPresent=1
234c.1b7c: supR3HardenedMonitor_LdrLoadDll: pName=ext-ms-win-core-resourcepolicy-l1-1-0.dll (rcNtResolve=0x0) *pfFlags=0x0 pwszSearchPath=0000000000000001:<flags> [calling]
234c.1b7c: supR3HardenedWinVerifyCacheScheduleImports: Import todo: #0 'msvcrt.dll'.
234c.1b7c: supR3HardenedWinVerifyCacheScheduleImports: Import todo: #11 'rpcrt4.dll'.
234c.1b7c: supHardenedWinVerifyImageByHandle: -> 0 (\Device\HarddiskVolume3\Windows\System32\ResourcePolicyClient.dll)
234c.1b7c: supR3HardenedWinVerifyCacheInsert: \Device\HarddiskVolume3\Windows\System32\ResourcePolicyClient.dll
234c.1b7c: supR3HardenedDllNotificationCallback: load   00007ffbaa150000 LB 0x00015000 C:\Windows\SYSTEM32\resourcepolicyclient.dll [fFlags=0x0]
234c.1b7c: supR3HardenedScreenImage/LdrLoadDll: cache hit (VINF_SUCCESS) on \Device\HarddiskVolume3\Windows\System32\ResourcePolicyClient.dll [avoiding WinVerifyTrust]
234c.1b7c: supR3HardenedMonitor_LdrLoadDll: returns rcNt=0x0 hMod=00007ffbaa150000 'ext-ms-win-core-resourcepolicy-l1-1-0.dll'
234c.1b7c: supR3HardenedWinVerifyCacheProcessImportTodos: Processing 'rpcrt4.dll'...
234c.1b7c: supR3HardenedWinVerifyCacheProcessImportTodos: 'rpcrt4.dll' -> '\Device\HarddiskVolume3\Windows\System32\rpcrt4.dll' [rcNtRedir=0xc0150008]
234c.1b7c: supR3HardenedWinVerifyCacheProcessImportTodos: Processing 'msvcrt.dll'...
234c.1b7c: supR3HardenedWinVerifyCacheProcessImportTodos: 'msvcrt.dll' -> '\Device\HarddiskVolume3\Windows\System32\msvcrt.dll' [rcNtRedir=0xc0150008]
234c.1b7c: supR3HardenedScreenImage/Imports: cache hit (VINF_SUCCESS) on \Device\HarddiskVolume3\Windows\System32\msvcrt.dll
234c.1b7c: supR3HardenedMonitor_LdrLoadDll: returns rcNt=0x0 hMod=00007ffbab9d0000 'C:\Windows\system32\rsaenh.dll'
234c.1b7c: supR3HardenedMonitor_LdrLoadDll: returns rcNt=0x0 hMod=00007ffbaca60000 'C:\Windows\System32\crypt32.dll'
234c.1b7c: supR3HardenedWinVerifyCacheProcessWvtTodos: 0 (was 0) fWinVerifyTrust=1 for '\Device\HarddiskVolume3\Windows\System32\ResourcePolicyClient.dll'
234c.1b7c: supR3HardenedDllNotificationCallback: Unload 00007ffbaa150000 LB 0x00015000 C:\Windows\SYSTEM32\resourcepolicyclient.dll [flags=0x0]
234c.1b7c: supR3HardenedMonitor_LdrLoadDll: returns rcNt=0x0 hMod=00007ffbae3f0000 'C:\Windows\System32\gdi32.dll'
234c.1b7c: supR3HardenedDllNotificationCallback: Unload 00007ffb0ecc0000 LB 0x03c10000 C:\Windows\System32\DriverStore\FileRepository\iigd_dch.inf_amd64_d0b39b11619fd0c4\igd9dxva64.dll [flags=0x0]
234c.1b7c: supR3HardenedDllNotificationCallback: Unload 00007ffba1160000 LB 0x003c7000 C:\Windows\System32\DriverStore\FileRepository\iigd_dch.inf_amd64_d0b39b11619fd0c4\igdgmm64.dll [flags=0x0]
234c.1b7c: supR3HardenedDllNotificationCallback: Unload 00007ffb788b0000 LB 0x001a2000 C:\Windows\System32\DriverStore\FileRepository\iigd_dch.inf_amd64_d0b39b11619fd0c4\igdumdim64.dll [flags=0x0]
234c.1b7c: supR3HardNtViCallWinVerifyTrustCatFile: hFile=0000000000000ad4 pwszName=\Device\HarddiskVolume3\Windows\System32\DataExchange.dll
234c.1b7c: supR3HardNtViCallWinVerifyTrustCatFile: Cached context 000001e52ca9f790
234c.1b7c: supR3HardNtViCallWinVerifyTrustCatFile: hCatAdmin=000001e52ca9f790
234c.1b7c: supR3HardNtViCallWinVerifyTrustCatFile: cbHash=20 wszDigest=77058853787D8A28928248724CB83756300506B8
234c.1b7c: supR3HardenedMonitor_LdrLoadDll: returns rcNt=0x0 hMod=00007ffbab9d0000 'C:\Windows\system32\rsaenh.dll'
234c.1b7c: supR3HardenedMonitor_LdrLoadDll: returns rcNt=0x0 hMod=00007ffbaca60000 'C:\Windows\System32\crypt32.dll'
234c.1b7c: supR3HardNtViCallWinVerifyTrustCatFile: WinVerifyTrust => 0x0; cat='C:\Windows\system32\CatRoot\{F750E6C3-38EE-11D1-85E5-00C04FC295EE}\Microsoft-Windows-Client-Desktop-Required-Package051020~31bf3856ad364e35~amd64~~10.0.22621.4317.cat'; file='\Device\HarddiskVolume3\Windows\System32\DataExchange.dll'
234c.1b7c: supR3HardNtViCallWinVerifyTrustCatFile -> 0 (org 22900)
234c.1b7c: supR3HardenedWinVerifyCacheScheduleImports: Import todo: #27 'msvcp_win.dll'.
234c.1b7c: supHardenedWinVerifyImageByHandle: -> 0 (\Device\HarddiskVolume3\Windows\System32\DataExchange.dll) WinVerifyTrust
234c.1b7c: supR3HardenedWinVerifyCacheInsert: \Device\HarddiskVolume3\Windows\System32\DataExchange.dll
234c.1b7c: supR3HardenedWinVerifyCacheProcessImportTodos: Processing 'msvcp_win.dll'...
234c.1b7c: supR3HardenedWinVerifyCacheProcessImportTodos: 'msvcp_win.dll' -> '\Device\HarddiskVolume3\Windows\System32\msvcp_win.dll' [rcNtRedir=0xc0150008]
234c.1b7c: supR3HardenedMonitor_LdrLoadDll: pName=C:\Windows\system32\dataexchange.dll (rcNtResolve=0xc0150008) *pfFlags=0x0 pwszSearchPath=0000000000002009:<flags> [calling]
234c.1b7c: supR3HardenedScreenImage/NtCreateSection: cache hit (VINF_SUCCESS) on \Device\HarddiskVolume3\Windows\System32\DataExchange.dll
234c.1b7c: supR3HardenedDllNotificationCallback: load   00007ffb85920000 LB 0x0005e000 C:\Windows\system32\dataexchange.dll [fFlags=0x0]
234c.1b7c: supR3HardenedScreenImage/LdrLoadDll: cache hit (VINF_SUCCESS) on \Device\HarddiskVolume3\Windows\System32\DataExchange.dll
234c.1b7c: supR3HardenedMonitor_LdrLoadDll: returns rcNt=0x0 hMod=00007ffb85920000 'C:\Windows\system32\dataexchange.dll'
234c.1b7c: supR3HardenedWinVerifyCacheScheduleImports: Import todo: #43 'combase.dll'.
234c.1b7c: supR3HardenedWinVerifyCacheScheduleImports: Import todo: #45 'msvcp_win.dll'.
234c.1b7c: supHardenedWinVerifyImageByHandle: -> 0 (\Device\HarddiskVolume3\Windows\System32\twinapi.appcore.dll)
234c.1b7c: supR3HardenedWinVerifyCacheInsert: \Device\HarddiskVolume3\Windows\System32\twinapi.appcore.dll
234c.1b7c: supR3HardenedDllNotificationCallback: load   00007ffba43a0000 LB 0x002a2000 C:\Windows\system32\twinapi.appcore.dll [fFlags=0x0]
234c.1b7c: supR3HardenedScreenImage/LdrLoadDll: cache hit (VINF_SUCCESS) on \Device\HarddiskVolume3\Windows\System32\twinapi.appcore.dll [avoiding WinVerifyTrust]
234c.1b7c: supR3HardenedWinVerifyCacheScheduleImports: Import todo: #0 'msvcrt.dll'.
234c.1b7c: supR3HardenedWinVerifyCacheScheduleImports: Import todo: #16 'oleaut32.dll'.
234c.1b7c: supR3HardenedWinVerifyCacheScheduleImports: Import todo: #17 'rpcrt4.dll'.
234c.1b7c: supHardenedWinVerifyImageByHandle: -> 0 (\Device\HarddiskVolume3\Windows\System32\TextInputFramework.dll)
234c.1b7c: supR3HardenedWinVerifyCacheInsert: \Device\HarddiskVolume3\Windows\System32\TextInputFramework.dll
234c.1b7c: supR3HardenedDllNotificationCallback: load   00007ffb85ee0000 LB 0x00143000 C:\Windows\SYSTEM32\textinputframework.dll [fFlags=0x0]
234c.1b7c: supR3HardenedScreenImage/LdrLoadDll: cache hit (VINF_SUCCESS) on \Device\HarddiskVolume3\Windows\System32\TextInputFramework.dll [avoiding WinVerifyTrust]
234c.1b7c: supR3HardenedWinVerifyCacheScheduleImports: Import todo: #17 'msvcp_win.dll'.
234c.1b7c: supHardenedWinVerifyImageByHandle: -> 0 (\Device\HarddiskVolume3\Windows\System32\CoreMessaging.dll)
234c.1b7c: supR3HardenedWinVerifyCacheInsert: \Device\HarddiskVolume3\Windows\System32\CoreMessaging.dll
234c.1b7c: supR3HardenedDllNotificationCallback: load   00007ffba9040000 LB 0x00133000 C:\Windows\SYSTEM32\CoreMessaging.dll [fFlags=0x0]
234c.1b7c: supR3HardenedScreenImage/LdrLoadDll: cache hit (VINF_SUCCESS) on \Device\HarddiskVolume3\Windows\System32\CoreMessaging.dll [avoiding WinVerifyTrust]
234c.1b7c: supR3HardenedWinVerifyCacheProcessImportTodos: Processing 'msvcp_win.dll'...
234c.1b7c: supR3HardenedWinVerifyCacheProcessImportTodos: 'msvcp_win.dll' -> '\Device\HarddiskVolume3\Windows\System32\msvcp_win.dll' [rcNtRedir=0xc0150008]
234c.1b7c: supR3HardenedScreenImage/Imports: cache hit (VINF_SUCCESS) on \Device\HarddiskVolume3\Windows\System32\msvcp_win.dll
234c.1b7c: supR3HardenedWinVerifyCacheProcessImportTodos: Processing 'rpcrt4.dll'...
234c.1b7c: supR3HardenedWinVerifyCacheProcessImportTodos: 'rpcrt4.dll' -> '\Device\HarddiskVolume3\Windows\System32\rpcrt4.dll' [rcNtRedir=0xc0150008]
234c.1b7c: supR3HardenedWinVerifyCacheProcessImportTodos: Processing 'oleaut32.dll'...
234c.1b7c: supR3HardenedWinVerifyCacheProcessImportTodos: 'oleaut32.dll' -> '\Device\HarddiskVolume3\Windows\System32\oleaut32.dll' [rcNtRedir=0xc0150008]
234c.1b7c: supR3HardenedScreenImage/Imports: cache hit (VINF_SUCCESS) on \Device\HarddiskVolume3\Windows\System32\oleaut32.dll
234c.1b7c: supR3HardenedWinVerifyCacheProcessImportTodos: Processing 'msvcrt.dll'...
234c.1b7c: supR3HardenedWinVerifyCacheProcessImportTodos: 'msvcrt.dll' -> '\Device\HarddiskVolume3\Windows\System32\msvcrt.dll' [rcNtRedir=0xc0150008]
234c.1b7c: supR3HardenedWinVerifyCacheProcessImportTodos: Processing 'msvcp_win.dll'...
234c.1b7c: supR3HardenedWinVerifyCacheProcessImportTodos: 'msvcp_win.dll' -> '\Device\HarddiskVolume3\Windows\System32\msvcp_win.dll' [rcNtRedir=0xc0150008]
234c.1b7c: supR3HardenedWinVerifyCacheProcessImportTodos: Processing 'combase.dll'...
234c.1b7c: supR3HardenedWinVerifyCacheProcessImportTodos: 'combase.dll' -> '\Device\HarddiskVolume3\Windows\System32\combase.dll' [rcNtRedir=0xc0150008]
234c.1b7c: supR3HardenedScreenImage/Imports: cache hit (VINF_SUCCESS) on \Device\HarddiskVolume3\Windows\System32\combase.dll
234c.1b7c: supR3HardenedMonitor_LdrLoadDll: returns rcNt=0x0 hMod=00007ffbab9d0000 'C:\Windows\system32\rsaenh.dll'
234c.1b7c: supR3HardenedMonitor_LdrLoadDll: returns rcNt=0x0 hMod=00007ffbaca60000 'C:\Windows\System32\crypt32.dll'
234c.1b7c: supR3HardenedWinVerifyCacheProcessWvtTodos: 0 (was 0) fWinVerifyTrust=1 for '\Device\HarddiskVolume3\Windows\System32\CoreMessaging.dll'
234c.1b7c: supR3HardenedMonitor_LdrLoadDll: returns rcNt=0x0 hMod=00007ffbab9d0000 'C:\Windows\system32\rsaenh.dll'
234c.1b7c: supR3HardenedMonitor_LdrLoadDll: returns rcNt=0x0 hMod=00007ffbaca60000 'C:\Windows\System32\crypt32.dll'
234c.1b7c: supR3HardenedWinVerifyCacheProcessWvtTodos: 0 (was 0) fWinVerifyTrust=1 for '\Device\HarddiskVolume3\Windows\System32\TextInputFramework.dll'
234c.1b7c: supR3HardenedMonitor_LdrLoadDll: returns rcNt=0x0 hMod=00007ffbab9d0000 'C:\Windows\system32\rsaenh.dll'
234c.1b7c: supR3HardenedMonitor_LdrLoadDll: returns rcNt=0x0 hMod=00007ffbaca60000 'C:\Windows\System32\crypt32.dll'
234c.1b7c: supR3HardenedWinVerifyCacheProcessWvtTodos: 0 (was 0) fWinVerifyTrust=1 for '\Device\HarddiskVolume3\Windows\System32\twinapi.appcore.dll'
234c.1b7c: supR3HardenedIsApiSetDll: ApiSetQueryApiSetPresence(api-ms-win-security-sddl-l1-1-0.dll) -> 0x0, fPresent=1
234c.1b7c: supR3HardenedMonitor_LdrLoadDll: pName=api-ms-win-security-sddl-l1-1-0.dll (rcNtResolve=0x0) *pfFlags=0x0 pwszSearchPath=0000000000000001:<flags> [calling]
234c.1b7c: supR3HardenedMonitor_LdrLoadDll: returns rcNt=0x0 hMod=00007ffbae4e0000 'api-ms-win-security-sddl-l1-1-0.dll'
234c.1b7c: supR3HardenedIsApiSetDll: ApiSetQueryApiSetPresence(ext-ms-win-rtcore-ntuser-window-ext-l1-1-0.dll) -> 0x0, fPresent=1
234c.1b7c: supR3HardenedMonitor_LdrLoadDll: pName=ext-ms-win-rtcore-ntuser-window-ext-l1-1-0.dll (rcNtResolve=0x0) *pfFlags=0x0 pwszSearchPath=0000000000000001:<flags> [calling]
234c.1b7c: supR3HardenedMonitor_LdrLoadDll: returns rcNt=0x0 hMod=00007ffbaef70000 'ext-ms-win-rtcore-ntuser-window-ext-l1-1-0.dll'
234c.1b7c: supR3HardenedIsApiSetDll: ApiSetQueryApiSetPresence(ext-ms-win-rtcore-ntuser-integration-l1-1-0.dll) -> 0x0, fPresent=1
234c.1b7c: supR3HardenedMonitor_LdrLoadDll: pName=ext-ms-win-rtcore-ntuser-integration-l1-1-0.dll (rcNtResolve=0x0) *pfFlags=0x0 pwszSearchPath=0000000000000001:<flags> [calling]
234c.1b7c: supR3HardenedMonitor_LdrLoadDll: returns rcNt=0x0 hMod=00007ffbaef70000 'ext-ms-win-rtcore-ntuser-integration-l1-1-0.dll'
234c.1b7c: supR3HardenedWinVerifyCacheScheduleImports: Import todo: #0 'msvcrt.dll'.
234c.1b7c: supR3HardenedWinVerifyCacheScheduleImports: Import todo: #33 'coremessaging.dll'.
234c.1b7c: supHardenedWinVerifyImageByHandle: -> 0 (\Device\HarddiskVolume3\Windows\System32\CoreUIComponents.dll)
234c.1b7c: supR3HardenedWinVerifyCacheInsert: \Device\HarddiskVolume3\Windows\System32\CoreUIComponents.dll
234c.1b7c: supR3HardenedDllNotificationCallback: load   00007ffba54d0000 LB 0x0036d000 C:\Windows\SYSTEM32\CoreUIComponents.dll [fFlags=0x0]
234c.1b7c: supR3HardenedScreenImage/LdrLoadDll: cache hit (VINF_SUCCESS) on \Device\HarddiskVolume3\Windows\System32\CoreUIComponents.dll [avoiding WinVerifyTrust]
234c.1b7c: supR3HardenedWinVerifyCacheProcessImportTodos: Processing 'coremessaging.dll'...
234c.1b7c: supR3HardenedWinVerifyCacheProcessImportTodos: 'coremessaging.dll' -> '\Device\HarddiskVolume3\Windows\System32\coremessaging.dll' [rcNtRedir=0xc0150008]
234c.1b7c: supR3HardenedScreenImage/Imports: cache hit (VINF_SUCCESS) on \Device\HarddiskVolume3\Windows\System32\CoreMessaging.dll
234c.1b7c: supR3HardenedWinVerifyCacheProcessImportTodos: Processing 'msvcrt.dll'...
234c.1b7c: supR3HardenedWinVerifyCacheProcessImportTodos: 'msvcrt.dll' -> '\Device\HarddiskVolume3\Windows\System32\msvcrt.dll' [rcNtRedir=0xc0150008]
234c.1b7c: supR3HardenedMonitor_LdrLoadDll: returns rcNt=0x0 hMod=00007ffbab9d0000 'C:\Windows\system32\rsaenh.dll'
234c.1b7c: supR3HardenedMonitor_LdrLoadDll: returns rcNt=0x0 hMod=00007ffbaca60000 'C:\Windows\System32\crypt32.dll'
234c.1b7c: supR3HardenedWinVerifyCacheProcessWvtTodos: 0 (was 0) fWinVerifyTrust=1 for '\Device\HarddiskVolume3\Windows\System32\CoreUIComponents.dll'
234c.1b7c: supR3HardenedMonitor_LdrLoadDll: returns rcNt=0x0 hMod=00007ffbadf40000 'C:\Windows\System32\RPCRT4.dll'
234c.1b7c: supR3HardenedIsApiSetDll: ApiSetQueryApiSetPresence(api-ms-win-security-systemfunctions-l1-1-0) -> 0x0, fPresent=1
234c.1b7c: supR3HardenedMonitor_LdrLoadDll: pName=api-ms-win-security-systemfunctions-l1-1-0 (rcNtResolve=0x0) *pfFlags=0x0 pwszSearchPath=0000000000000801:<flags> [calling]
234c.1b7c: supR3HardenedMonitor_LdrLoadDll: returns rcNt=0x0 hMod=00007ffbaf2d0000 'api-ms-win-security-systemfunctions-l1-1-0'
234c.1b7c: supR3HardenedScreenImage/LdrLoadDll: cache hit (VINF_SUCCESS) on \Device\HarddiskVolume3\Windows\System32\msctf.dll
234c.1b7c: supR3HardenedMonitor_LdrLoadDll: pName=C:\Windows\System32\MSCTF.dll (rcNtResolve=0xc0150008) *pfFlags=0x0 pwszSearchPath=0000000000000009:<flags> [calling]
234c.1b7c: supR3HardenedMonitor_LdrLoadDll: returns rcNt=0x0 hMod=00007ffbadce0000 'C:\Windows\System32\MSCTF.dll'
234c.1b7c: supR3HardenedMonitor_LdrLoadDll: returns rcNt=0x0 hMod=00007ffbaf2d0000 'C:\Windows\System32\ADVAPI32.dll'
234c.1b7c: supR3HardenedMonitor_LdrLoadDll: returns rcNt=0x0 hMod=00007ffbaf560000 'C:\Windows\System32\ole32.dll'
234c.1b7c: supR3HardenedMonitor_LdrLoadDll: returns rcNt=0x0 hMod=00007ffbae590000 'C:\Windows\System32\OLEAUT32.dll'
234c.1b7c: supR3HardNtViCallWinVerifyTrustCatFile: hFile=0000000000000c74 pwszName=\Device\HarddiskVolume3\Windows\System32\wbem\wbemprox.dll
234c.1b7c: supR3HardNtViCallWinVerifyTrustCatFile: Cached context 000001e52ca9f790
234c.1b7c: supR3HardNtViCallWinVerifyTrustCatFile: hCatAdmin=000001e52ca9f790
234c.1b7c: supR3HardNtViCallWinVerifyTrustCatFile: cbHash=20 wszDigest=9AD36488966AA7858FEFB09EE4C1DB68C5F52047
234c.1b7c: supR3HardenedMonitor_LdrLoadDll: returns rcNt=0x0 hMod=00007ffbab9d0000 'C:\Windows\system32\rsaenh.dll'
234c.1b7c: supR3HardenedMonitor_LdrLoadDll: returns rcNt=0x0 hMod=00007ffbaca60000 'C:\Windows\System32\crypt32.dll'
234c.1b7c: supR3HardNtViCallWinVerifyTrustCatFile: WinVerifyTrust => 0x0; cat='C:\Windows\system32\CatRoot\{F750E6C3-38EE-11D1-85E5-00C04FC295EE}\Microsoft-Windows-Client-Desktop-Required-Package04~31bf3856ad364e35~amd64~~10.0.22621.4317.cat'; file='\Device\HarddiskVolume3\Windows\System32\wbem\wbemprox.dll'
234c.1b7c: supR3HardNtViCallWinVerifyTrustCatFile -> 0 (org 22900)
234c.1b7c: supR3HardenedWinVerifyCacheScheduleImports: Import todo: #0 'msvcrt.dll'.
234c.1b7c: supR3HardenedWinVerifyCacheScheduleImports: Import todo: #16 'wbemcomn.dll'.
234c.1b7c: supHardenedWinVerifyImageByHandle: -> 0 (\Device\HarddiskVolume3\Windows\System32\wbem\wbemprox.dll) WinVerifyTrust
234c.1b7c: supR3HardenedWinVerifyCacheInsert: \Device\HarddiskVolume3\Windows\System32\wbem\wbemprox.dll
234c.1b7c: supR3HardenedWinVerifyCacheProcessImportTodos: Processing 'wbemcomn.dll'...
234c.1b7c: supR3HardenedWinVerifyCacheProcessImportTodos: 'wbemcomn.dll' -> '\Device\HarddiskVolume3\Windows\System32\wbemcomn.dll' [rcNtRedir=0xc0150008]
234c.1b7c: supR3HardNtViCallWinVerifyTrustCatFile: hFile=0000000000000c50 pwszName=\Device\HarddiskVolume3\Windows\System32\wbemcomn.dll
234c.1b7c: supR3HardNtViCallWinVerifyTrustCatFile: Cached context 000001e52ca9f790
234c.1b7c: supR3HardNtViCallWinVerifyTrustCatFile: hCatAdmin=000001e52ca9f790
234c.1b7c: supR3HardNtViCallWinVerifyTrustCatFile: cbHash=20 wszDigest=48E4CF81FAA1F76B63306E69DB1B016762CEEDB5
234c.1b7c: supR3HardenedMonitor_LdrLoadDll: returns rcNt=0x0 hMod=00007ffbab9d0000 'C:\Windows\system32\rsaenh.dll'
234c.1b7c: supR3HardenedMonitor_LdrLoadDll: returns rcNt=0x0 hMod=00007ffbaca60000 'C:\Windows\System32\crypt32.dll'
234c.1b7c: supR3HardNtViCallWinVerifyTrustCatFile: WinVerifyTrust => 0x0; cat='C:\Windows\system32\CatRoot\{F750E6C3-38EE-11D1-85E5-00C04FC295EE}\Microsoft-Windows-Client-Desktop-Required-Package04~31bf3856ad364e35~amd64~~10.0.22621.4317.cat'; file='\Device\HarddiskVolume3\Windows\System32\wbemcomn.dll'
234c.1b7c: supR3HardNtViCallWinVerifyTrustCatFile -> 0 (org 22900)
234c.1b7c: supR3HardenedWinVerifyCacheScheduleImports: Import todo: #0 'msvcrt.dll'.
234c.1b7c: supHardenedWinVerifyImageByHandle: -> 0 (\Device\HarddiskVolume3\Windows\System32\wbemcomn.dll) WinVerifyTrust
234c.1b7c: supR3HardenedWinVerifyCacheInsert: \Device\HarddiskVolume3\Windows\System32\wbemcomn.dll
234c.1b7c: supR3HardenedWinVerifyCacheProcessImportTodos: Processing 'msvcrt.dll'...
234c.1b7c: supR3HardenedWinVerifyCacheProcessImportTodos: 'msvcrt.dll' -> '\Device\HarddiskVolume3\Windows\System32\msvcrt.dll' [rcNtRedir=0xc0150008]
234c.1b7c: supR3HardenedWinVerifyCacheProcessImportTodos: Processing 'msvcrt.dll'...
234c.1b7c: supR3HardenedWinVerifyCacheProcessImportTodos: 'msvcrt.dll' -> '\Device\HarddiskVolume3\Windows\System32\msvcrt.dll' [rcNtRedir=0xc0150008]
234c.1b7c: supR3HardenedMonitor_LdrLoadDll: pName=C:\Windows\system32\wbem\wbemprox.dll (rcNtResolve=0xc0150008) *pfFlags=0x0 pwszSearchPath=0000000000002009:<flags> [calling]
234c.1b7c: supR3HardenedScreenImage/NtCreateSection: cache hit (VINF_SUCCESS) on \Device\HarddiskVolume3\Windows\System32\wbem\wbemprox.dll
234c.1b7c: supR3HardenedScreenImage/NtCreateSection: cache hit (VINF_SUCCESS) on \Device\HarddiskVolume3\Windows\System32\wbemcomn.dll
234c.1b7c: supR3HardenedDllNotificationCallback: load   00007ffb9a1a0000 LB 0x00080000 C:\Windows\SYSTEM32\wbemcomn.dll [fFlags=0x0]
234c.1b7c: supR3HardenedScreenImage/LdrLoadDll: cache hit (VINF_SUCCESS) on \Device\HarddiskVolume3\Windows\System32\wbemcomn.dll
234c.1b7c: supR3HardenedDllNotificationCallback: load   00007ffb9a220000 LB 0x00010000 C:\Windows\system32\wbem\wbemprox.dll [fFlags=0x0]
234c.1b7c: supR3HardenedScreenImage/LdrLoadDll: cache hit (VINF_SUCCESS) on \Device\HarddiskVolume3\Windows\System32\wbem\wbemprox.dll
234c.1b7c: supR3HardenedIsApiSetDll: ApiSetQueryApiSetPresence(API-MS-Win-Core-LocalRegistry-L1-1-0.dll) -> 0x0, fPresent=1
234c.1b7c: supR3HardenedMonitor_LdrLoadDll: pName=API-MS-Win-Core-LocalRegistry-L1-1-0.dll (rcNtResolve=0x0) *pfFlags=0x0 pwszSearchPath=0000000000000009:<flags> [calling]
234c.1b7c: supR3HardenedMonitor_LdrLoadDll: returns rcNt=0x0 hMod=00007ffbace10000 'API-MS-Win-Core-LocalRegistry-L1-1-0.dll'
234c.1b7c: supR3HardenedMonitor_LdrLoadDll: returns rcNt=0x0 hMod=00007ffb9a220000 'C:\Windows\system32\wbem\wbemprox.dll'
234c.1b7c: supR3HardNtViCallWinVerifyTrustCatFile: hFile=0000000000000c78 pwszName=\Device\HarddiskVolume3\Windows\System32\wbem\wbemsvc.dll
234c.1b7c: supR3HardNtViCallWinVerifyTrustCatFile: Cached context 000001e52ca9f790
234c.1b7c: supR3HardNtViCallWinVerifyTrustCatFile: hCatAdmin=000001e52ca9f790
234c.1b7c: supR3HardNtViCallWinVerifyTrustCatFile: cbHash=20 wszDigest=90D9CA995849F184A9BB705EF47370C35858B12B
234c.1b7c: supR3HardenedMonitor_LdrLoadDll: returns rcNt=0x0 hMod=00007ffbab9d0000 'C:\Windows\system32\rsaenh.dll'
234c.1b7c: supR3HardenedMonitor_LdrLoadDll: returns rcNt=0x0 hMod=00007ffbaca60000 'C:\Windows\System32\crypt32.dll'
234c.1b7c: supR3HardNtViCallWinVerifyTrustCatFile: WinVerifyTrust => 0x0; cat='C:\Windows\system32\CatRoot\{F750E6C3-38EE-11D1-85E5-00C04FC295EE}\Microsoft-Windows-Client-Desktop-Required-Package04~31bf3856ad364e35~amd64~~10.0.22621.4317.cat'; file='\Device\HarddiskVolume3\Windows\System32\wbem\wbemsvc.dll'
234c.1b7c: supR3HardNtViCallWinVerifyTrustCatFile -> 0 (org 22900)
234c.1b7c: supR3HardenedWinVerifyCacheScheduleImports: Import todo: #0 'msvcrt.dll'.
234c.1b7c: supR3HardenedWinVerifyCacheScheduleImports: Import todo: #1 'rpcrt4.dll'.
234c.1b7c: supHardenedWinVerifyImageByHandle: -> 0 (\Device\HarddiskVolume3\Windows\System32\wbem\wbemsvc.dll) WinVerifyTrust
234c.1b7c: supR3HardenedWinVerifyCacheInsert: \Device\HarddiskVolume3\Windows\System32\wbem\wbemsvc.dll
234c.1b7c: supR3HardenedWinVerifyCacheProcessImportTodos: Processing 'rpcrt4.dll'...
234c.1b7c: supR3HardenedWinVerifyCacheProcessImportTodos: 'rpcrt4.dll' -> '\Device\HarddiskVolume3\Windows\System32\rpcrt4.dll' [rcNtRedir=0xc0150008]
234c.1b7c: supR3HardenedWinVerifyCacheProcessImportTodos: Processing 'msvcrt.dll'...
234c.1b7c: supR3HardenedWinVerifyCacheProcessImportTodos: 'msvcrt.dll' -> '\Device\HarddiskVolume3\Windows\System32\msvcrt.dll' [rcNtRedir=0xc0150008]
234c.1b7c: supR3HardenedMonitor_LdrLoadDll: pName=C:\Windows\system32\wbem\wbemsvc.dll (rcNtResolve=0xc0150008) *pfFlags=0x0 pwszSearchPath=0000000000002009:<flags> [calling]
234c.1b7c: supR3HardenedScreenImage/NtCreateSection: cache hit (VINF_SUCCESS) on \Device\HarddiskVolume3\Windows\System32\wbem\wbemsvc.dll
234c.1b7c: supR3HardenedDllNotificationCallback: load   00007ffb993d0000 LB 0x00014000 C:\Windows\system32\wbem\wbemsvc.dll [fFlags=0x0]
234c.1b7c: supR3HardenedScreenImage/LdrLoadDll: cache hit (VINF_SUCCESS) on \Device\HarddiskVolume3\Windows\System32\wbem\wbemsvc.dll
234c.1b7c: supR3HardenedMonitor_LdrLoadDll: returns rcNt=0x0 hMod=00007ffb993d0000 'C:\Windows\system32\wbem\wbemsvc.dll'
234c.1b7c: supR3HardenedIsApiSetDll: ApiSetQueryApiSetPresence(api-ms-win-core-localization-l1-2-0.dll) -> 0x0, fPresent=1
234c.1b7c: supR3HardenedMonitor_LdrLoadDll: pName=api-ms-win-core-localization-l1-2-0.dll (rcNtResolve=0x0) *pfFlags=0x0 pwszSearchPath=0000000000000009:<flags> [calling]
234c.1b7c: supR3HardenedMonitor_LdrLoadDll: returns rcNt=0x0 hMod=00007ffbace10000 'api-ms-win-core-localization-l1-2-0.dll'
234c.1b7c: supR3HardenedIsApiSetDll: ApiSetQueryApiSetPresence(api-ms-win-core-localization-obsolete-l1-1-0.dll) -> 0x0, fPresent=1
234c.1b7c: supR3HardenedMonitor_LdrLoadDll: pName=api-ms-win-core-localization-obsolete-l1-1-0.dll (rcNtResolve=0x0) *pfFlags=0x0 pwszSearchPath=0000000000000009:<flags> [calling]
234c.1b7c: supR3HardenedMonitor_LdrLoadDll: returns rcNt=0x0 hMod=00007ffbace10000 'api-ms-win-core-localization-obsolete-l1-1-0.dll'
234c.1b7c: supR3HardNtViCallWinVerifyTrustCatFile: hFile=0000000000000cd8 pwszName=\Device\HarddiskVolume3\Windows\System32\wbem\fastprox.dll
234c.1b7c: supR3HardNtViCallWinVerifyTrustCatFile: Cached context 000001e52ca9f790
234c.1b7c: supR3HardNtViCallWinVerifyTrustCatFile: hCatAdmin=000001e52ca9f790
234c.1b7c: supR3HardNtViCallWinVerifyTrustCatFile: cbHash=20 wszDigest=DC8B991B33B1EAEF6ABE184956A7D591BF63E61B
234c.1b7c: supR3HardenedMonitor_LdrLoadDll: returns rcNt=0x0 hMod=00007ffbab9d0000 'C:\Windows\system32\rsaenh.dll'
234c.1b7c: supR3HardenedMonitor_LdrLoadDll: returns rcNt=0x0 hMod=00007ffbaca60000 'C:\Windows\System32\crypt32.dll'
234c.1b7c: supR3HardNtViCallWinVerifyTrustCatFile: WinVerifyTrust => 0x0; cat='C:\Windows\system32\CatRoot\{F750E6C3-38EE-11D1-85E5-00C04FC295EE}\Microsoft-Windows-Client-Desktop-Required-Package04~31bf3856ad364e35~amd64~~10.0.22621.4317.cat'; file='\Device\HarddiskVolume3\Windows\System32\wbem\fastprox.dll'
234c.1b7c: supR3HardNtViCallWinVerifyTrustCatFile -> 0 (org 22900)
234c.1b7c: supR3HardenedWinVerifyCacheScheduleImports: Import todo: #0 'msvcrt.dll'.
234c.1b7c: supR3HardenedWinVerifyCacheScheduleImports: Import todo: #20 'wbemcomn.dll'.
234c.1b7c: supHardenedWinVerifyImageByHandle: -> 0 (\Device\HarddiskVolume3\Windows\System32\wbem\fastprox.dll) WinVerifyTrust
234c.1b7c: supR3HardenedWinVerifyCacheInsert: \Device\HarddiskVolume3\Windows\System32\wbem\fastprox.dll
234c.1b7c: supR3HardenedWinVerifyCacheProcessImportTodos: Processing 'wbemcomn.dll'...
234c.1b7c: supR3HardenedWinVerifyCacheProcessImportTodos: 'wbemcomn.dll' -> '\Device\HarddiskVolume3\Windows\System32\wbemcomn.dll' [rcNtRedir=0xc0150008]
234c.1b7c: supR3HardenedScreenImage/Imports: cache hit (VINF_SUCCESS) on \Device\HarddiskVolume3\Windows\System32\wbemcomn.dll
234c.1b7c: supR3HardenedWinVerifyCacheProcessImportTodos: Processing 'msvcrt.dll'...
234c.1b7c: supR3HardenedWinVerifyCacheProcessImportTodos: 'msvcrt.dll' -> '\Device\HarddiskVolume3\Windows\System32\msvcrt.dll' [rcNtRedir=0xc0150008]
234c.1b7c: supR3HardenedMonitor_LdrLoadDll: pName=C:\Windows\system32\wbem\fastprox.dll (rcNtResolve=0xc0150008) *pfFlags=0x0 pwszSearchPath=0000000000002009:<flags> [calling]
234c.1b7c: supR3HardenedScreenImage/NtCreateSection: cache hit (VINF_SUCCESS) on \Device\HarddiskVolume3\Windows\System32\wbem\fastprox.dll
234c.1b7c: supR3HardenedDllNotificationCallback: load   00007ffb993f0000 LB 0x000f8000 C:\Windows\system32\wbem\fastprox.dll [fFlags=0x0]
234c.1b7c: supR3HardenedScreenImage/LdrLoadDll: cache hit (VINF_SUCCESS) on \Device\HarddiskVolume3\Windows\System32\wbem\fastprox.dll
234c.1b7c: supR3HardenedMonitor_LdrLoadDll: returns rcNt=0x0 hMod=00007ffb993f0000 'C:\Windows\system32\wbem\fastprox.dll'
234c.1b7c: supR3HardNtViCallWinVerifyTrustCatFile: hFile=0000000000000cf0 pwszName=\Device\HarddiskVolume3\Windows\System32\amsi.dll
234c.1b7c: supR3HardNtViCallWinVerifyTrustCatFile: Cached context 000001e52ca9f790
234c.1b7c: supR3HardNtViCallWinVerifyTrustCatFile: hCatAdmin=000001e52ca9f790
234c.1b7c: supR3HardNtViCallWinVerifyTrustCatFile: cbHash=20 wszDigest=E2ACDC6C91AD00483DCF60BAE07E77D4A30A9EA6
234c.1b7c: supR3HardenedMonitor_LdrLoadDll: returns rcNt=0x0 hMod=00007ffbab9d0000 'C:\Windows\system32\rsaenh.dll'
234c.1b7c: supR3HardenedMonitor_LdrLoadDll: returns rcNt=0x0 hMod=00007ffbaca60000 'C:\Windows\System32\crypt32.dll'
234c.1b7c: supR3HardNtViCallWinVerifyTrustCatFile: WinVerifyTrust => 0x0; cat='C:\Windows\system32\CatRoot\{F750E6C3-38EE-11D1-85E5-00C04FC295EE}\Microsoft-Windows-Client-Desktop-Required-Package05~31bf3856ad364e35~amd64~~10.0.22621.4317.cat'; file='\Device\HarddiskVolume3\Windows\System32\amsi.dll'
234c.1b7c: supR3HardNtViCallWinVerifyTrustCatFile -> 0 (org 22900)
234c.1b7c: supR3HardenedWinVerifyCacheScheduleImports: Import todo: #0 'msvcrt.dll'.
234c.1b7c: supR3HardenedWinVerifyCacheScheduleImports: Import todo: #14 'rpcrt4.dll'.
234c.1b7c: supHardenedWinVerifyImageByHandle: -> 0 (\Device\HarddiskVolume3\Windows\System32\amsi.dll) WinVerifyTrust
234c.1b7c: supR3HardenedWinVerifyCacheInsert: \Device\HarddiskVolume3\Windows\System32\amsi.dll
234c.1b7c: supR3HardenedWinVerifyCacheProcessImportTodos: Processing 'rpcrt4.dll'...
234c.1b7c: supR3HardenedWinVerifyCacheProcessImportTodos: 'rpcrt4.dll' -> '\Device\HarddiskVolume3\Windows\System32\rpcrt4.dll' [rcNtRedir=0xc0150008]
234c.1b7c: supR3HardenedWinVerifyCacheProcessImportTodos: Processing 'msvcrt.dll'...
234c.1b7c: supR3HardenedWinVerifyCacheProcessImportTodos: 'msvcrt.dll' -> '\Device\HarddiskVolume3\Windows\System32\msvcrt.dll' [rcNtRedir=0xc0150008]
234c.1b7c: supR3HardenedMonitor_LdrLoadDll: pName=C:\Windows\System32\amsi.dll (Input=amsi.dll, rcNtResolve=0xc0150008) *pfFlags=0x0 pwszSearchPath=0000000000000801:<flags> [calling]
234c.1b7c: supR3HardenedScreenImage/NtCreateSection: cache hit (VINF_SUCCESS) on \Device\HarddiskVolume3\Windows\System32\amsi.dll
234c.1b7c: supR3HardenedDllNotificationCallback: load   00007ffb9a000000 LB 0x0001d000 C:\Windows\System32\amsi.dll [fFlags=0x0]
234c.1b7c: supR3HardenedScreenImage/LdrLoadDll: cache hit (VINF_SUCCESS) on \Device\HarddiskVolume3\Windows\System32\amsi.dll
234c.1b7c: supR3HardenedMonitor_LdrLoadDll: returns rcNt=0x0 hMod=00007ffb9a000000 'C:\Windows\System32\amsi.dll'
234c.1b7c: supR3HardenedMonitor_LdrLoadDll: returns rcNt=0x0 hMod=00007ffbab9d0000 'C:\Windows\system32\rsaenh.dll'
234c.1b7c: supR3HardenedMonitor_LdrLoadDll: returns rcNt=0x0 hMod=00007ffbaca60000 'C:\Windows\System32\crypt32.dll'
234c.1b7c: supR3HardenedWinVerifyCacheScheduleImports: Import todo: #2 'advapi32.dll'.
234c.1b7c: supR3HardenedWinVerifyCacheScheduleImports: Import todo: #3 'oleaut32.dll'.
234c.1b7c: supR3HardenedWinVerifyCacheScheduleImports: Import todo: #4 'ole32.dll'.
234c.1b7c: supHardenedWinVerifyImageByHandle: -> 0 (\Device\HarddiskVolume3\ProgramData\Microsoft\Windows Defender\Platform\4.18.25090.3009-0\MpOAV.dll) WinVerifyTrust
234c.1b7c: supR3HardenedWinVerifyCacheInsert: \Device\HarddiskVolume3\ProgramData\Microsoft\Windows Defender\Platform\4.18.25090.3009-0\MpOAV.dll
234c.1b7c: supR3HardenedWinVerifyCacheProcessImportTodos: Processing 'ole32.dll'...
234c.1b7c: supR3HardenedWinVerifyCacheProcessImportTodos: 'ole32.dll' -> '\Device\HarddiskVolume3\Windows\System32\ole32.dll' [rcNtRedir=0xc0150008]
234c.1b7c: supR3HardenedWinVerifyCacheProcessImportTodos: Processing 'oleaut32.dll'...
234c.1b7c: supR3HardenedWinVerifyCacheProcessImportTodos: 'oleaut32.dll' -> '\Device\HarddiskVolume3\Windows\System32\oleaut32.dll' [rcNtRedir=0xc0150008]
234c.1b7c: supR3HardenedWinVerifyCacheProcessImportTodos: Processing 'advapi32.dll'...
234c.1b7c: supR3HardenedWinVerifyCacheProcessImportTodos: 'advapi32.dll' -> '\Device\HarddiskVolume3\Windows\System32\advapi32.dll' [rcNtRedir=0xc0150008]
234c.1b7c: supR3HardenedMonitor_LdrLoadDll: pName=C:\ProgramData\Microsoft\Windows Defender\Platform\4.18.25090.3009-0\MpOav.dll (rcNtResolve=0xc0150008) *pfFlags=0x0 pwszSearchPath=0000000000000001:<flags> [calling]
234c.1b7c: supR3HardenedScreenImage/NtCreateSection: cache hit (VINF_SUCCESS) on \Device\HarddiskVolume3\ProgramData\Microsoft\Windows Defender\Platform\4.18.25090.3009-0\MpOAV.dll
234c.1b7c: supR3HardenedDllNotificationCallback: load   00007ffb99f50000 LB 0x000a2000 C:\ProgramData\Microsoft\Windows Defender\Platform\4.18.25090.3009-0\MpOav.dll [fFlags=0x0]
234c.1b7c: supR3HardenedScreenImage/LdrLoadDll: cache hit (VINF_SUCCESS) on \Device\HarddiskVolume3\ProgramData\Microsoft\Windows Defender\Platform\4.18.25090.3009-0\MpOAV.dll
234c.1b7c: supR3HardenedIsApiSetDll: ApiSetQueryApiSetPresence(api-ms-win-core-synch-l1-2-0) -> 0x0, fPresent=1
234c.1b7c: supR3HardenedMonitor_LdrLoadDll: pName=api-ms-win-core-synch-l1-2-0 (rcNtResolve=0x0) *pfFlags=0x0 pwszSearchPath=0000000000000801:<flags> [calling]
234c.1b7c: supR3HardenedMonitor_LdrLoadDll: returns rcNt=0x0 hMod=00007ffbace10000 'api-ms-win-core-synch-l1-2-0'
234c.1b7c: supR3HardenedIsApiSetDll: ApiSetQueryApiSetPresence(api-ms-win-core-fibers-l1-1-1) -> 0x0, fPresent=1
234c.1b7c: supR3HardenedMonitor_LdrLoadDll: pName=api-ms-win-core-fibers-l1-1-1 (rcNtResolve=0x0) *pfFlags=0x0 pwszSearchPath=0000000000000801:<flags> [calling]
234c.1b7c: supR3HardenedMonitor_LdrLoadDll: returns rcNt=0x0 hMod=00007ffbace10000 'api-ms-win-core-fibers-l1-1-1'
234c.1b7c: supR3HardenedIsApiSetDll: ApiSetQueryApiSetPresence(api-ms-win-core-synch-l1-2-0) -> 0x0, fPresent=1
234c.1b7c: supR3HardenedMonitor_LdrLoadDll: pName=api-ms-win-core-synch-l1-2-0 (rcNtResolve=0x0) *pfFlags=0x0 pwszSearchPath=0000000000000801:<flags> [calling]
234c.1b7c: supR3HardenedMonitor_LdrLoadDll: returns rcNt=0x0 hMod=00007ffbace10000 'api-ms-win-core-synch-l1-2-0'
234c.1b7c: supR3HardenedMonitor_LdrLoadDll: returns rcNt=0x0 hMod=00007ffbadbf0000 'C:\Windows\System32\kernel32.dll'
234c.1b7c: supR3HardenedScreenImage/LdrLoadDll: cache hit (VINF_SUCCESS) on \Device\HarddiskVolume3\Windows\System32\version.dll
234c.1b7c: supR3HardenedMonitor_LdrLoadDll: pName=C:\Windows\system32\version.dll (rcNtResolve=0xc0150008) *pfFlags=0x0 pwszSearchPath=0000000000000009:<flags> [calling]
234c.1b7c: supR3HardenedMonitor_LdrLoadDll: returns rcNt=0x0 hMod=00007ffba66c0000 'C:\Windows\system32\version.dll'
234c.1b7c: supR3HardenedMonitor_LdrLoadDll: returns rcNt=0x0 hMod=00007ffb99f50000 'C:\ProgramData\Microsoft\Windows Defender\Platform\4.18.25090.3009-0\MpOav.dll'
234c.3bb8: supR3HardenedMonitor_LdrLoadDll: returns rcNt=0x0 hMod=00007ffbaf560000 'C:\Windows\system32\ole32.dll'
234c.3bb8: supR3HardenedMonitor_LdrLoadDll: returns rcNt=0x0 hMod=00007ffbab9d0000 'C:\Windows\system32\rsaenh.dll'
234c.3bb8: supR3HardenedMonitor_LdrLoadDll: returns rcNt=0x0 hMod=00007ffbaca60000 'C:\Windows\System32\crypt32.dll'
234c.39d8: supR3HardenedMonitor_LdrLoadDll: returns rcNt=0x0 hMod=00007ffbab9d0000 'C:\Windows\system32\rsaenh.dll'
234c.39d8: supR3HardenedMonitor_LdrLoadDll: returns rcNt=0x0 hMod=00007ffbaca60000 'C:\Windows\System32\crypt32.dll'
234c.39d8: supR3HardenedWinVerifyCacheScheduleImports: Import todo: #0 'vboxrt.dll'.
234c.39d8: supR3HardenedWinVerifyCacheScheduleImports: Import todo: #3 'user32.dll'.
234c.39d8: supR3HardenedWinVerifyCacheScheduleImports: Import todo: #4 'shell32.dll'.
234c.39d8: supR3HardenedWinVerifyCacheScheduleImports: Import todo: #5 'ole32.dll'.
234c.39d8: supR3HardenedWinVerifyCacheScheduleImports: Import todo: #6 'vcruntime140.dll'.
234c.39d8: supR3HardenedWinVerifyCacheScheduleImports: Import todo: #7 'vcruntime140_1.dll'.
234c.39d8: supR3HardenedWinVerifyCacheScheduleImports: Import todo: #8 'msvcp140.dll'.
234c.39d8: supHardenedWinVerifyImageByHandle: -> 0 (\Device\HarddiskVolume3\Program Files\Oracle\VirtualBox\VBoxSharedClipboard.dll) WinVerifyTrust
234c.39d8: supR3HardenedWinVerifyCacheInsert: \Device\HarddiskVolume3\Program Files\Oracle\VirtualBox\VBoxSharedClipboard.dll
234c.39d8: supR3HardenedWinVerifyCacheProcessImportTodos: Processing 'msvcp140.dll'...
234c.39d8: supR3HardenedWinVerifyCacheProcessImportTodos: 'msvcp140.dll' -> '\Device\HarddiskVolume3\Windows\System32\msvcp140.dll' [rcNtRedir=0xc0150008]
234c.39d8: supR3HardenedScreenImage/Imports: cache hit (VINF_SUCCESS) on \Device\HarddiskVolume3\Windows\System32\msvcp140.dll
234c.39d8: supR3HardenedWinVerifyCacheProcessImportTodos: Processing 'vcruntime140_1.dll'...
234c.39d8: supR3HardenedWinVerifyCacheProcessImportTodos: 'vcruntime140_1.dll' -> '\Device\HarddiskVolume3\Windows\System32\vcruntime140_1.dll' [rcNtRedir=0xc0150008]
234c.39d8: supR3HardenedWinVerifyCacheProcessImportTodos: Processing 'vcruntime140.dll'...
234c.39d8: supR3HardenedWinVerifyCacheProcessImportTodos: 'vcruntime140.dll' -> '\Device\HarddiskVolume3\Windows\System32\vcruntime140.dll' [rcNtRedir=0xc0150008]
234c.39d8: supR3HardenedWinVerifyCacheProcessImportTodos: Processing 'ole32.dll'...
234c.39d8: supR3HardenedWinVerifyCacheProcessImportTodos: 'ole32.dll' -> '\Device\HarddiskVolume3\Windows\System32\ole32.dll' [rcNtRedir=0xc0150008]
234c.39d8: supR3HardenedWinVerifyCacheProcessImportTodos: Processing 'shell32.dll'...
234c.39d8: supR3HardenedWinVerifyCacheProcessImportTodos: 'shell32.dll' -> '\Device\HarddiskVolume3\Windows\System32\shell32.dll' [rcNtRedir=0xc0150008]
234c.39d8: supR3HardenedScreenImage/Imports: cache hit (VINF_SUCCESS) on \Device\HarddiskVolume3\Windows\System32\shell32.dll
234c.39d8: supR3HardenedWinVerifyCacheProcessImportTodos: Processing 'user32.dll'...
234c.39d8: supR3HardenedWinVerifyCacheProcessImportTodos: 'user32.dll' -> '\Device\HarddiskVolume3\Windows\System32\user32.dll' [rcNtRedir=0xc0150008]
234c.39d8: supR3HardenedWinVerifyCacheProcessImportTodos: Processing 'vboxrt.dll'...
234c.39d8: supR3HardenedWinVerifyCacheProcessImportTodos: 'vboxrt.dll' -> '\Device\HarddiskVolume3\Program Files\Oracle\VirtualBox\vboxrt.dll' [rcNtRedir=0xc0150008]
234c.39d8: supR3HardenedMonitor_LdrLoadDll: pName=C:\Program Files\Oracle\VirtualBox\VBoxSharedClipboard.DLL (rcNtResolve=0xc0150008) *pfFlags=0x0 pwszSearchPath=0000000000000001:<flags> [calling]
234c.39d8: supR3HardenedScreenImage/NtCreateSection: cache hit (VINF_SUCCESS) on \Device\HarddiskVolume3\Program Files\Oracle\VirtualBox\VBoxSharedClipboard.dll
234c.39d8: supR3HardenedDllNotificationCallback: load   00007ffb9b300000 LB 0x00022000 C:\Program Files\Oracle\VirtualBox\VBoxSharedClipboard.DLL [fFlags=0x0]
234c.39d8: supR3HardenedScreenImage/LdrLoadDll: cache hit (VINF_SUCCESS) on \Device\HarddiskVolume3\Program Files\Oracle\VirtualBox\VBoxSharedClipboard.dll
234c.39d8: supR3HardenedMonitor_LdrLoadDll: returns rcNt=0x0 hMod=00007ffb9b300000 'C:\Program Files\Oracle\VirtualBox\VBoxSharedClipboard.DLL'
234c.2564: supR3HardenedMonitor_LdrLoadDll: returns rcNt=0x0 hMod=00007ffbab9d0000 'C:\Windows\system32\rsaenh.dll'
234c.2564: supR3HardenedMonitor_LdrLoadDll: returns rcNt=0x0 hMod=00007ffbaca60000 'C:\Windows\System32\crypt32.dll'
234c.2564: supR3HardenedWinVerifyCacheScheduleImports: Import todo: #0 'vboxrt.dll'.
234c.2564: supR3HardenedWinVerifyCacheScheduleImports: Import todo: #2 'vcruntime140.dll'.
234c.2564: supR3HardenedWinVerifyCacheScheduleImports: Import todo: #3 'vcruntime140_1.dll'.
234c.2564: supR3HardenedWinVerifyCacheScheduleImports: Import todo: #4 'msvcp140.dll'.
234c.2564: supHardenedWinVerifyImageByHandle: -> 0 (\Device\HarddiskVolume3\Program Files\Oracle\VirtualBox\VBoxDragAndDropSvc.dll) WinVerifyTrust
234c.2564: supR3HardenedWinVerifyCacheInsert: \Device\HarddiskVolume3\Program Files\Oracle\VirtualBox\VBoxDragAndDropSvc.dll
234c.2564: supR3HardenedWinVerifyCacheProcessImportTodos: Processing 'msvcp140.dll'...
234c.2564: supR3HardenedWinVerifyCacheProcessImportTodos: 'msvcp140.dll' -> '\Device\HarddiskVolume3\Windows\System32\msvcp140.dll' [rcNtRedir=0xc0150008]
234c.2564: supR3HardenedWinVerifyCacheProcessImportTodos: Processing 'vcruntime140_1.dll'...
234c.2564: supR3HardenedWinVerifyCacheProcessImportTodos: 'vcruntime140_1.dll' -> '\Device\HarddiskVolume3\Windows\System32\vcruntime140_1.dll' [rcNtRedir=0xc0150008]
234c.2564: supR3HardenedScreenImage/Imports: cache hit (VINF_SUCCESS) on \Device\HarddiskVolume3\Windows\System32\vcruntime140_1.dll
234c.2564: supR3HardenedWinVerifyCacheProcessImportTodos: Processing 'vcruntime140.dll'...
234c.2564: supR3HardenedWinVerifyCacheProcessImportTodos: 'vcruntime140.dll' -> '\Device\HarddiskVolume3\Windows\System32\vcruntime140.dll' [rcNtRedir=0xc0150008]
234c.2564: supR3HardenedWinVerifyCacheProcessImportTodos: Processing 'vboxrt.dll'...
234c.2564: supR3HardenedWinVerifyCacheProcessImportTodos: 'vboxrt.dll' -> '\Device\HarddiskVolume3\Program Files\Oracle\VirtualBox\vboxrt.dll' [rcNtRedir=0xc0150008]
234c.2564: supR3HardenedMonitor_LdrLoadDll: pName=C:\Program Files\Oracle\VirtualBox\VBoxDragAndDropSvc.DLL (rcNtResolve=0xc0150008) *pfFlags=0x0 pwszSearchPath=0000000000000001:<flags> [calling]
234c.2564: supR3HardenedScreenImage/NtCreateSection: cache hit (VINF_SUCCESS) on \Device\HarddiskVolume3\Program Files\Oracle\VirtualBox\VBoxDragAndDropSvc.dll
234c.2564: supR3HardenedDllNotificationCallback: load   00007ffba6bc0000 LB 0x0000d000 C:\Program Files\Oracle\VirtualBox\VBoxDragAndDropSvc.DLL [fFlags=0x0]
234c.2564: supR3HardenedScreenImage/LdrLoadDll: cache hit (VINF_SUCCESS) on \Device\HarddiskVolume3\Program Files\Oracle\VirtualBox\VBoxDragAndDropSvc.dll
234c.2564: supR3HardenedMonitor_LdrLoadDll: returns rcNt=0x0 hMod=00007ffba6bc0000 'C:\Program Files\Oracle\VirtualBox\VBoxDragAndDropSvc.DLL'
234c.3bb8: supR3HardenedScreenImage/LdrLoadDll: cache hit (VINF_SUCCESS) on \Device\HarddiskVolume3\Windows\System32\shell32.dll
234c.3bb8: supR3HardenedMonitor_LdrLoadDll: pName=C:\Windows\system32\Shell32.dll (rcNtResolve=0xc0150008) *pfFlags=0x0 pwszSearchPath=0000000000000001:<flags> [calling]
234c.3bb8: supR3HardenedMonitor_LdrLoadDll: returns rcNt=0x0 hMod=00007ffbae700000 'C:\Windows\system32\Shell32.dll'
234c.3bb8: supR3HardNtViCallWinVerifyTrustCatFile: hFile=0000000000001164 pwszName=\Device\HarddiskVolume3\Windows\System32\WinHvPlatform.dll
234c.3bb8: supR3HardNtViCallWinVerifyTrustCatFile: Cached context 000001e52ca9f790
234c.3bb8: supR3HardNtViCallWinVerifyTrustCatFile: hCatAdmin=000001e52ca9f790
234c.3bb8: supR3HardNtViCallWinVerifyTrustCatFile: cbHash=20 wszDigest=E00664AAD131505CFEA4FB69BEF260571D07D0D8
234c.3bb8: supR3HardenedMonitor_LdrLoadDll: returns rcNt=0x0 hMod=00007ffbab9d0000 'C:\Windows\system32\rsaenh.dll'
234c.3bb8: supR3HardenedMonitor_LdrLoadDll: returns rcNt=0x0 hMod=00007ffbaca60000 'C:\Windows\System32\crypt32.dll'
234c.3bb8: supR3HardNtViCallWinVerifyTrustCatFile: WinVerifyTrust => 0x0; cat='C:\Windows\system32\CatRoot\{F750E6C3-38EE-11D1-85E5-00C04FC295EE}\Microsoft-Windows-Client-Features-Package02~31bf3856ad364e35~amd64~~10.0.22621.4317.cat'; file='\Device\HarddiskVolume3\Windows\System32\WinHvPlatform.dll'
234c.3bb8: supR3HardNtViCallWinVerifyTrustCatFile -> 0 (org 22900)
234c.3bb8: supR3HardenedWinVerifyCacheScheduleImports: Import todo: #5 'vid.dll'.
234c.3bb8: supR3HardenedWinVerifyCacheScheduleImports: Import todo: #29 'devobj.dll'.
234c.3bb8: supHardenedWinVerifyImageByHandle: -> 0 (\Device\HarddiskVolume3\Windows\System32\WinHvPlatform.dll) WinVerifyTrust
234c.3bb8: supR3HardenedWinVerifyCacheInsert: \Device\HarddiskVolume3\Windows\System32\WinHvPlatform.dll
234c.3bb8: supR3HardenedWinVerifyCacheProcessImportTodos: Processing 'devobj.dll'...
234c.3bb8: supR3HardenedWinVerifyCacheProcessImportTodos: 'devobj.dll' -> '\Device\HarddiskVolume3\Windows\System32\devobj.dll' [rcNtRedir=0xc0150008]
234c.3bb8: supR3HardenedScreenImage/Imports: cache hit (VINF_SUCCESS) on \Device\HarddiskVolume3\Windows\System32\devobj.dll
234c.3bb8: supR3HardenedWinVerifyCacheProcessImportTodos: Processing 'vid.dll'...
234c.3bb8: supR3HardenedWinVerifyCacheProcessImportTodos: 'vid.dll' -> '\Device\HarddiskVolume3\Windows\System32\vid.dll' [rcNtRedir=0xc0150008]
234c.3bb8: supR3HardenedMonitor_LdrLoadDll: returns rcNt=0x0 hMod=00007ffbab9d0000 'C:\Windows\system32\rsaenh.dll'
234c.3bb8: supR3HardenedMonitor_LdrLoadDll: returns rcNt=0x0 hMod=00007ffbaca60000 'C:\Windows\System32\crypt32.dll'
234c.3bb8: supHardenedWinVerifyImageByHandle: -> 0 (\Device\HarddiskVolume3\Windows\System32\vid.dll) WinVerifyTrust
234c.3bb8: supR3HardenedWinVerifyCacheInsert: \Device\HarddiskVolume3\Windows\System32\vid.dll
234c.3bb8: supR3HardenedMonitor_LdrLoadDll: pName=C:\Windows\system32\WinHvPlatform.dll (rcNtResolve=0xc0150008) *pfFlags=0x0 pwszSearchPath=0000000000000001:<flags> [calling]
234c.3bb8: supR3HardenedScreenImage/NtCreateSection: cache hit (VINF_SUCCESS) on \Device\HarddiskVolume3\Windows\System32\WinHvPlatform.dll
234c.3bb8: supR3HardenedScreenImage/NtCreateSection: cache hit (VINF_SUCCESS) on \Device\HarddiskVolume3\Windows\System32\vid.dll
234c.3bb8: supR3HardenedDllNotificationCallback: load   00007ffb865d0000 LB 0x0003e000 C:\Windows\SYSTEM32\vid.dll [fFlags=0x0]
234c.3bb8: supR3HardenedScreenImage/LdrLoadDll: cache hit (VINF_SUCCESS) on \Device\HarddiskVolume3\Windows\System32\vid.dll
234c.3bb8: supR3HardenedDllNotificationCallback: load   00007ffb850a0000 LB 0x00047000 C:\Windows\system32\WinHvPlatform.dll [fFlags=0x0]
234c.3bb8: supR3HardenedScreenImage/LdrLoadDll: cache hit (VINF_SUCCESS) on \Device\HarddiskVolume3\Windows\System32\WinHvPlatform.dll
234c.3bb8: supR3HardenedMonitor_LdrLoadDll: returns rcNt=0x0 hMod=00007ffb850a0000 'C:\Windows\system32\WinHvPlatform.dll'
234c.3bb8: supR3HardenedScreenImage/LdrLoadDll: cache hit (VINF_SUCCESS) on \Device\HarddiskVolume3\Windows\System32\vid.dll
234c.3bb8: supR3HardenedMonitor_LdrLoadDll: pName=C:\Windows\system32\vid.dll (rcNtResolve=0xc0150008) *pfFlags=0x0 pwszSearchPath=0000000000000001:<flags> [calling]
234c.3bb8: supR3HardenedMonitor_LdrLoadDll: returns rcNt=0x0 hMod=00007ffb865d0000 'C:\Windows\system32\vid.dll'
234c.3bb8: supR3HardenedMonitor_LdrLoadDll: returns rcNt=0x0 hMod=00007ffbab9d0000 'C:\Windows\system32\rsaenh.dll'
234c.3bb8: supR3HardenedMonitor_LdrLoadDll: returns rcNt=0x0 hMod=00007ffbaca60000 'C:\Windows\System32\crypt32.dll'
234c.3bb8: '\Device\HarddiskVolume3\Windows\System32\ntdll.dll' has no imports
234c.3bb8: supHardenedWinVerifyImageByHandle: -> 0 (\Device\HarddiskVolume3\Windows\System32\ntdll.dll) WinVerifyTrust
234c.3bb8: supR3HardenedWinVerifyCacheInsert: \Device\HarddiskVolume3\Windows\System32\ntdll.dll
234c.3bb8: supR3HardenedMonitor_LdrLoadDll: pName=C:\Windows\system32\NTDLL.DLL (rcNtResolve=0xc0150008) *pfFlags=0x0 pwszSearchPath=0000000000000001:<flags> [calling]
234c.3bb8: supR3HardenedMonitor_LdrLoadDll: returns rcNt=0x0 hMod=00007ffbaf750000 'C:\Windows\system32\NTDLL.DLL'
234c.3bb8: supR3HardenedMonitor_LdrLoadDll: returns rcNt=0x0 hMod=00007ffbab9d0000 'C:\Windows\system32\rsaenh.dll'
234c.3bb8: supR3HardenedScreenImage/LdrLoadDll: cache hit (VINF_SUCCESS) on \Device\HarddiskVolume3\Windows\System32\crypt32.dll
234c.3bb8: supR3HardenedMonitor_LdrLoadDll: pName=C:\Windows\System32\crypt32.dll (Input=crypt32.dll, rcNtResolve=0xc0150008) *pfFlags=0x0 pwszSearchPath=0000000000000001:<flags> [calling]
234c.3bb8: supR3HardenedMonitor_LdrLoadDll: returns rcNt=0x0 hMod=00007ffbaca60000 'C:\Windows\System32\crypt32.dll'
234c.3bb8: supR3HardenedMonitor_LdrLoadDll: returns rcNt=0x0 hMod=00007ffbab9d0000 'C:\Windows\system32\rsaenh.dll'
234c.3bb8: supR3HardenedMonitor_LdrLoadDll: returns rcNt=0x0 hMod=00007ffbaca60000 'C:\Windows\System32\crypt32.dll'
234c.3bb8: supR3HardenedWinVerifyCacheScheduleImports: Import todo: #0 'vboxrt.dll'.
234c.3bb8: supR3HardenedWinVerifyCacheScheduleImports: Import todo: #1 'vboxddu.dll'.
234c.3bb8: supR3HardenedWinVerifyCacheScheduleImports: Import todo: #2 'vboxdd2.dll'.
234c.3bb8: supR3HardenedWinVerifyCacheScheduleImports: Import todo: #4 'user32.dll'.
234c.3bb8: supR3HardenedWinVerifyCacheScheduleImports: Import todo: #5 'setupapi.dll'.
234c.3bb8: supR3HardenedWinVerifyCacheScheduleImports: Import todo: #6 'ws2_32.dll'.
234c.3bb8: supR3HardenedWinVerifyCacheScheduleImports: Import todo: #7 'ole32.dll'.
234c.3bb8: supR3HardenedWinVerifyCacheScheduleImports: Import todo: #8 'oleaut32.dll'.
234c.3bb8: supR3HardenedWinVerifyCacheScheduleImports: Import todo: #9 'iphlpapi.dll'.
234c.3bb8: supR3HardenedWinVerifyCacheScheduleImports: Import todo: #21 'vcruntime140.dll'.
234c.3bb8: supR3HardenedWinVerifyCacheScheduleImports: Import todo: #22 'vcruntime140_1.dll'.
234c.3bb8: supHardenedWinVerifyImageByHandle: -> 0 (\Device\HarddiskVolume3\Program Files\Oracle\VirtualBox\VBoxDD.dll) WinVerifyTrust
234c.3bb8: supR3HardenedWinVerifyCacheInsert: \Device\HarddiskVolume3\Program Files\Oracle\VirtualBox\VBoxDD.dll
234c.3bb8: supR3HardenedWinVerifyCacheProcessImportTodos: Processing 'vcruntime140_1.dll'...
234c.3bb8: supR3HardenedWinVerifyCacheProcessImportTodos: 'vcruntime140_1.dll' -> '\Device\HarddiskVolume3\Windows\System32\vcruntime140_1.dll' [rcNtRedir=0xc0150008]
234c.3bb8: supR3HardenedWinVerifyCacheProcessImportTodos: Processing 'vcruntime140.dll'...
234c.3bb8: supR3HardenedWinVerifyCacheProcessImportTodos: 'vcruntime140.dll' -> '\Device\HarddiskVolume3\Windows\System32\vcruntime140.dll' [rcNtRedir=0xc0150008]
234c.3bb8: supR3HardenedWinVerifyCacheProcessImportTodos: Processing 'iphlpapi.dll'...
234c.3bb8: supR3HardenedWinVerifyCacheProcessImportTodos: 'iphlpapi.dll' -> '\Device\HarddiskVolume3\Windows\System32\iphlpapi.dll' [rcNtRedir=0xc0150008]
234c.3bb8: supR3HardenedMonitor_LdrLoadDll: returns rcNt=0x0 hMod=00007ffbab9d0000 'C:\Windows\system32\rsaenh.dll'
234c.3bb8: supR3HardenedMonitor_LdrLoadDll: returns rcNt=0x0 hMod=00007ffbaca60000 'C:\Windows\System32\crypt32.dll'
234c.3bb8: supHardenedWinVerifyImageByHandle: -> 0 (\Device\HarddiskVolume3\Windows\System32\IPHLPAPI.DLL) WinVerifyTrust
234c.3bb8: supR3HardenedWinVerifyCacheInsert: \Device\HarddiskVolume3\Windows\System32\IPHLPAPI.DLL
234c.3bb8: supR3HardenedWinVerifyCacheProcessImportTodos: Processing 'oleaut32.dll'...
234c.3bb8: supR3HardenedWinVerifyCacheProcessImportTodos: 'oleaut32.dll' -> '\Device\HarddiskVolume3\Windows\System32\oleaut32.dll' [rcNtRedir=0xc0150008]
234c.3bb8: supR3HardenedWinVerifyCacheProcessImportTodos: Processing 'ole32.dll'...
234c.3bb8: supR3HardenedWinVerifyCacheProcessImportTodos: 'ole32.dll' -> '\Device\HarddiskVolume3\Windows\System32\ole32.dll' [rcNtRedir=0xc0150008]
234c.3bb8: supR3HardenedWinVerifyCacheProcessImportTodos: Processing 'ws2_32.dll'...
234c.3bb8: supR3HardenedWinVerifyCacheProcessImportTodos: 'ws2_32.dll' -> '\Device\HarddiskVolume3\Windows\System32\ws2_32.dll' [rcNtRedir=0xc0150008]
234c.3bb8: supR3HardenedScreenImage/Imports: cache hit (VINF_SUCCESS) on \Device\HarddiskVolume3\Windows\System32\ws2_32.dll
234c.3bb8: supR3HardenedWinVerifyCacheProcessImportTodos: Processing 'setupapi.dll'...
234c.3bb8: supR3HardenedWinVerifyCacheProcessImportTodos: 'setupapi.dll' -> '\Device\HarddiskVolume3\Windows\System32\setupapi.dll' [rcNtRedir=0xc0150008]
234c.3bb8: supR3HardenedScreenImage/Imports: cache hit (VINF_SUCCESS) on \Device\HarddiskVolume3\Windows\System32\setupapi.dll
234c.3bb8: supR3HardenedWinVerifyCacheProcessImportTodos: Processing 'user32.dll'...
234c.3bb8: supR3HardenedWinVerifyCacheProcessImportTodos: 'user32.dll' -> '\Device\HarddiskVolume3\Windows\System32\user32.dll' [rcNtRedir=0xc0150008]
234c.3bb8: supR3HardenedWinVerifyCacheProcessImportTodos: Processing 'vboxdd2.dll'...
234c.3bb8: supR3HardenedWinVerifyCacheProcessImportTodos: 'vboxdd2.dll' -> '\Device\HarddiskVolume3\Program Files\Oracle\VirtualBox\vboxdd2.dll' [rcNtRedir=0xc0150008]
234c.3bb8: supR3HardenedMonitor_LdrLoadDll: returns rcNt=0x0 hMod=00007ffbab9d0000 'C:\Windows\system32\rsaenh.dll'
234c.3bb8: supR3HardenedMonitor_LdrLoadDll: returns rcNt=0x0 hMod=00007ffbaca60000 'C:\Windows\System32\crypt32.dll'
234c.3bb8: supR3HardenedWinVerifyCacheScheduleImports: Import todo: #0 'vboxrt.dll'.
234c.3bb8: supR3HardenedWinVerifyCacheScheduleImports: Import todo: #3 'vcruntime140.dll'.
234c.3bb8: supHardenedWinVerifyImageByHandle: -> 0 (\Device\HarddiskVolume3\Program Files\Oracle\VirtualBox\VBoxDD2.dll) WinVerifyTrust
234c.3bb8: supR3HardenedWinVerifyCacheInsert: \Device\HarddiskVolume3\Program Files\Oracle\VirtualBox\VBoxDD2.dll
234c.3bb8: supR3HardenedWinVerifyCacheProcessImportTodos: Processing 'vboxddu.dll'...
234c.3bb8: supR3HardenedWinVerifyCacheProcessImportTodos: 'vboxddu.dll' -> '\Device\HarddiskVolume3\Program Files\Oracle\VirtualBox\vboxddu.dll' [rcNtRedir=0xc0150008]
234c.3bb8: supR3HardenedWinVerifyCacheProcessImportTodos: Processing 'vcruntime140.dll'...
234c.3bb8: supR3HardenedWinVerifyCacheProcessImportTodos: 'vcruntime140.dll' -> '\Device\HarddiskVolume3\Windows\System32\vcruntime140.dll' [rcNtRedir=0xc0150008]
234c.3bb8: supR3HardenedWinVerifyCacheProcessImportTodos: Processing 'vboxrt.dll'...
234c.3bb8: supR3HardenedWinVerifyCacheProcessImportTodos: 'vboxrt.dll' -> '\Device\HarddiskVolume3\Program Files\Oracle\VirtualBox\vboxrt.dll' [rcNtRedir=0xc0150008]
234c.3bb8: supR3HardenedMonitor_LdrLoadDll: returns rcNt=0x0 hMod=00007ffbab9d0000 'C:\Windows\system32\rsaenh.dll'
234c.3bb8: supR3HardenedMonitor_LdrLoadDll: returns rcNt=0x0 hMod=00007ffbaca60000 'C:\Windows\System32\crypt32.dll'
234c.3bb8: supR3HardenedWinVerifyCacheScheduleImports: Import todo: #0 'vboxrt.dll'.
234c.3bb8: supR3HardenedWinVerifyCacheScheduleImports: Import todo: #2 'user32.dll'.
234c.3bb8: supR3HardenedWinVerifyCacheScheduleImports: Import todo: #3 'setupapi.dll'.
234c.3bb8: supR3HardenedWinVerifyCacheScheduleImports: Import todo: #5 'vcruntime140.dll'.
234c.3bb8: supR3HardenedWinVerifyCacheScheduleImports: Import todo: #6 'advapi32.dll'.
234c.3bb8: supHardenedWinVerifyImageByHandle: -> 0 (\Device\HarddiskVolume3\Program Files\Oracle\VirtualBox\VBoxDDU.dll) WinVerifyTrust
234c.3bb8: supR3HardenedWinVerifyCacheInsert: \Device\HarddiskVolume3\Program Files\Oracle\VirtualBox\VBoxDDU.dll
234c.3bb8: supR3HardenedWinVerifyCacheProcessImportTodos: Processing 'vboxrt.dll'...
234c.3bb8: supR3HardenedWinVerifyCacheProcessImportTodos: 'vboxrt.dll' -> '\Device\HarddiskVolume3\Program Files\Oracle\VirtualBox\vboxrt.dll' [rcNtRedir=0xc0150008]
234c.3bb8: supR3HardenedWinVerifyCacheProcessImportTodos: Processing 'advapi32.dll'...
234c.3bb8: supR3HardenedWinVerifyCacheProcessImportTodos: 'advapi32.dll' -> '\Device\HarddiskVolume3\Windows\System32\advapi32.dll' [rcNtRedir=0xc0150008]
234c.3bb8: supR3HardenedWinVerifyCacheProcessImportTodos: Processing 'vcruntime140.dll'...
234c.3bb8: supR3HardenedWinVerifyCacheProcessImportTodos: 'vcruntime140.dll' -> '\Device\HarddiskVolume3\Windows\System32\vcruntime140.dll' [rcNtRedir=0xc0150008]
234c.3bb8: supR3HardenedWinVerifyCacheProcessImportTodos: Processing 'setupapi.dll'...
234c.3bb8: supR3HardenedWinVerifyCacheProcessImportTodos: 'setupapi.dll' -> '\Device\HarddiskVolume3\Windows\System32\setupapi.dll' [rcNtRedir=0xc0150008]
234c.3bb8: supR3HardenedScreenImage/Imports: cache hit (VINF_SUCCESS) on \Device\HarddiskVolume3\Windows\System32\setupapi.dll
234c.3bb8: supR3HardenedWinVerifyCacheProcessImportTodos: Processing 'user32.dll'...
234c.3bb8: supR3HardenedWinVerifyCacheProcessImportTodos: 'user32.dll' -> '\Device\HarddiskVolume3\Windows\System32\user32.dll' [rcNtRedir=0xc0150008]
234c.3bb8: supR3HardenedWinVerifyCacheProcessImportTodos: Processing 'vboxrt.dll'...
234c.3bb8: supR3HardenedWinVerifyCacheProcessImportTodos: 'vboxrt.dll' -> '\Device\HarddiskVolume3\Program Files\Oracle\VirtualBox\vboxrt.dll' [rcNtRedir=0xc0150008]
234c.3bb8: supR3HardenedMonitor_LdrLoadDll: pName=C:\Program Files\Oracle\VirtualBox\VBoxDD.DLL (rcNtResolve=0xc0150008) *pfFlags=0x0 pwszSearchPath=0000000000000001:<flags> [calling]
234c.3bb8: supR3HardenedScreenImage/NtCreateSection: cache hit (VINF_SUCCESS) on \Device\HarddiskVolume3\Program Files\Oracle\VirtualBox\VBoxDD.dll
234c.3bb8: supR3HardenedScreenImage/NtCreateSection: cache hit (VINF_SUCCESS) on \Device\HarddiskVolume3\Program Files\Oracle\VirtualBox\VBoxDDU.dll
234c.3bb8: supR3HardenedScreenImage/NtCreateSection: cache hit (VINF_SUCCESS) on \Device\HarddiskVolume3\Program Files\Oracle\VirtualBox\VBoxDD2.dll
234c.3bb8: supR3HardenedScreenImage/NtCreateSection: cache hit (VINF_SUCCESS) on \Device\HarddiskVolume3\Windows\System32\IPHLPAPI.DLL
234c.3bb8: supR3HardenedDllNotificationCallback: load   00007ffb49b30000 LB 0x00073000 C:\Program Files\Oracle\VirtualBox\VBoxDDU.dll [fFlags=0x0]
234c.3bb8: supR3HardenedScreenImage/LdrLoadDll: cache hit (VINF_SUCCESS) on \Device\HarddiskVolume3\Program Files\Oracle\VirtualBox\VBoxDDU.dll
234c.3bb8: supR3HardenedDllNotificationCallback: load   00007ffb11a70000 LB 0x00e5e000 C:\Program Files\Oracle\VirtualBox\VBoxDD2.dll [fFlags=0x0]
234c.3bb8: supR3HardenedScreenImage/LdrLoadDll: cache hit (VINF_SUCCESS) on \Device\HarddiskVolume3\Program Files\Oracle\VirtualBox\VBoxDD2.dll
234c.3bb8: supR3HardenedDllNotificationCallback: load   00007ffbab4e0000 LB 0x0002d000 C:\Windows\SYSTEM32\IPHLPAPI.DLL [fFlags=0x0]
234c.3bb8: supR3HardenedScreenImage/LdrLoadDll: cache hit (VINF_SUCCESS) on \Device\HarddiskVolume3\Windows\System32\IPHLPAPI.DLL
234c.3bb8: supR3HardenedDllNotificationCallback: load   00007ffb14fc0000 LB 0x00ae2000 C:\Program Files\Oracle\VirtualBox\VBoxDD.DLL [fFlags=0x0]
234c.3bb8: supR3HardenedScreenImage/LdrLoadDll: cache hit (VINF_SUCCESS) on \Device\HarddiskVolume3\Program Files\Oracle\VirtualBox\VBoxDD.dll
234c.3bb8: supR3HardenedMonitor_LdrLoadDll: returns rcNt=0x0 hMod=00007ffb14fc0000 'C:\Program Files\Oracle\VirtualBox\VBoxDD.DLL'
234c.3bb8: supR3HardenedMonitor_LdrLoadDll: returns rcNt=0x0 hMod=00007ffbab9d0000 'C:\Windows\system32\rsaenh.dll'
234c.3bb8: supR3HardenedMonitor_LdrLoadDll: returns rcNt=0x0 hMod=00007ffbaca60000 'C:\Windows\System32\crypt32.dll'
234c.3bb8: supR3HardenedScreenImage/LdrLoadDll: cache hit (VINF_SUCCESS) on \Device\HarddiskVolume3\Program Files\Oracle\VirtualBox\VBoxC.dll
234c.3bb8: supR3HardenedMonitor_LdrLoadDll: pName=C:\Program Files\Oracle\VirtualBox\VBoxC.DLL (rcNtResolve=0xc0150008) *pfFlags=0x0 pwszSearchPath=0000000000000001:<flags> [calling]
234c.3bb8: supR3HardenedMonitor_LdrLoadDll: returns rcNt=0x0 hMod=00007ffb29150000 'C:\Program Files\Oracle\VirtualBox\VBoxC.DLL'
234c.3bb8: supR3HardenedScreenImage/LdrLoadDll: cache hit (VINF_SUCCESS) on \Device\HarddiskVolume3\Windows\System32\rsaenh.dll
234c.3bb8: supR3HardenedMonitor_LdrLoadDll: pName=C:\Windows\system32\rsaenh.dll (rcNtResolve=0xc0150008) *pfFlags=0x0 pwszSearchPath=0000000000000001:<flags> [calling]
234c.3bb8: supR3HardenedMonitor_LdrLoadDll: returns rcNt=0x0 hMod=00007ffbab9d0000 'C:\Windows\system32\rsaenh.dll'
234c.3bb8: supR3HardenedMonitor_LdrLoadDll: returns rcNt=0x0 hMod=00007ffbaca60000 'C:\Windows\System32\crypt32.dll'
234c.3bb8: supR3HardenedScreenImage/LdrLoadDll: cache hit (VINF_SUCCESS) on \Device\HarddiskVolume3\Program Files\Oracle\VirtualBox\VBoxDD2.dll
234c.3bb8: supR3HardenedMonitor_LdrLoadDll: pName=C:\Program Files\Oracle\VirtualBox\VBoxDD2.DLL (rcNtResolve=0xc0150008) *pfFlags=0x0 pwszSearchPath=0000000000000001:<flags> [calling]
234c.3bb8: supR3HardenedMonitor_LdrLoadDll: returns rcNt=0x0 hMod=00007ffb11a70000 'C:\Program Files\Oracle\VirtualBox\VBoxDD2.DLL'
234c.254c: supR3HardenedMonitor_LdrLoadDll: returns rcNt=0x0 hMod=00007ffbab9d0000 'C:\Windows\system32\rsaenh.dll'
234c.254c: supR3HardenedMonitor_LdrLoadDll: returns rcNt=0x0 hMod=00007ffbaca60000 'C:\Windows\System32\crypt32.dll'
234c.254c: supR3HardenedWinVerifyCacheScheduleImports: Import todo: #0 'vboxrt.dll'.
234c.254c: supR3HardenedWinVerifyCacheScheduleImports: Import todo: #1 'vcruntime140.dll'.
234c.254c: supHardenedWinVerifyImageByHandle: -> 0 (\Device\HarddiskVolume3\Program Files\Oracle\VirtualBox\VBoxSharedFolders.dll) WinVerifyTrust
234c.254c: supR3HardenedWinVerifyCacheInsert: \Device\HarddiskVolume3\Program Files\Oracle\VirtualBox\VBoxSharedFolders.dll
234c.254c: supR3HardenedWinVerifyCacheProcessImportTodos: Processing 'vcruntime140.dll'...
234c.254c: supR3HardenedWinVerifyCacheProcessImportTodos: 'vcruntime140.dll' -> '\Device\HarddiskVolume3\Windows\System32\vcruntime140.dll' [rcNtRedir=0xc0150008]
234c.254c: supR3HardenedWinVerifyCacheProcessImportTodos: Processing 'vboxrt.dll'...
234c.254c: supR3HardenedWinVerifyCacheProcessImportTodos: 'vboxrt.dll' -> '\Device\HarddiskVolume3\Program Files\Oracle\VirtualBox\vboxrt.dll' [rcNtRedir=0xc0150008]
234c.254c: supR3HardenedMonitor_LdrLoadDll: pName=C:\Program Files\Oracle\VirtualBox\VBoxSharedFolders.DLL (rcNtResolve=0xc0150008) *pfFlags=0x0 pwszSearchPath=0000000000000001:<flags> [calling]
234c.254c: supR3HardenedScreenImage/NtCreateSection: cache hit (VINF_SUCCESS) on \Device\HarddiskVolume3\Program Files\Oracle\VirtualBox\VBoxSharedFolders.dll
234c.254c: supR3HardenedDllNotificationCallback: load   00007ffb8d800000 LB 0x00014000 C:\Program Files\Oracle\VirtualBox\VBoxSharedFolders.DLL [fFlags=0x0]
234c.254c: supR3HardenedScreenImage/LdrLoadDll: cache hit (VINF_SUCCESS) on \Device\HarddiskVolume3\Program Files\Oracle\VirtualBox\VBoxSharedFolders.dll
234c.254c: supR3HardenedMonitor_LdrLoadDll: returns rcNt=0x0 hMod=00007ffb8d800000 'C:\Program Files\Oracle\VirtualBox\VBoxSharedFolders.DLL'
234c.3e74: supR3HardenedMonitor_LdrLoadDll: returns rcNt=0x0 hMod=00007ffbab9d0000 'C:\Windows\system32\rsaenh.dll'
234c.3e74: supR3HardenedMonitor_LdrLoadDll: returns rcNt=0x0 hMod=00007ffbaca60000 'C:\Windows\System32\crypt32.dll'
234c.3e74: supR3HardenedWinVerifyCacheScheduleImports: Import todo: #0 'vboxrt.dll'.
234c.3e74: supR3HardenedWinVerifyCacheScheduleImports: Import todo: #2 'vcruntime140.dll'.
234c.3e74: supR3HardenedWinVerifyCacheScheduleImports: Import todo: #3 'vcruntime140_1.dll'.
234c.3e74: supR3HardenedWinVerifyCacheScheduleImports: Import todo: #4 'msvcp140.dll'.
234c.3e74: supHardenedWinVerifyImageByHandle: -> 0 (\Device\HarddiskVolume3\Program Files\Oracle\VirtualBox\VBoxGuestControlSvc.dll) WinVerifyTrust
234c.3e74: supR3HardenedWinVerifyCacheInsert: \Device\HarddiskVolume3\Program Files\Oracle\VirtualBox\VBoxGuestControlSvc.dll
234c.3e74: supR3HardenedWinVerifyCacheProcessImportTodos: Processing 'msvcp140.dll'...
234c.3e74: supR3HardenedWinVerifyCacheProcessImportTodos: 'msvcp140.dll' -> '\Device\HarddiskVolume3\Windows\System32\msvcp140.dll' [rcNtRedir=0xc0150008]
234c.3e74: supR3HardenedWinVerifyCacheProcessImportTodos: Processing 'vcruntime140_1.dll'...
234c.3e74: supR3HardenedWinVerifyCacheProcessImportTodos: 'vcruntime140_1.dll' -> '\Device\HarddiskVolume3\Windows\System32\vcruntime140_1.dll' [rcNtRedir=0xc0150008]
234c.3e74: supR3HardenedWinVerifyCacheProcessImportTodos: Processing 'vcruntime140.dll'...
234c.3e74: supR3HardenedWinVerifyCacheProcessImportTodos: 'vcruntime140.dll' -> '\Device\HarddiskVolume3\Windows\System32\vcruntime140.dll' [rcNtRedir=0xc0150008]
234c.3e74: supR3HardenedWinVerifyCacheProcessImportTodos: Processing 'vboxrt.dll'...
234c.3e74: supR3HardenedWinVerifyCacheProcessImportTodos: 'vboxrt.dll' -> '\Device\HarddiskVolume3\Program Files\Oracle\VirtualBox\vboxrt.dll' [rcNtRedir=0xc0150008]
234c.3e74: supR3HardenedMonitor_LdrLoadDll: pName=C:\Program Files\Oracle\VirtualBox\VBoxGuestControlSvc.DLL (rcNtResolve=0xc0150008) *pfFlags=0x0 pwszSearchPath=0000000000000001:<flags> [calling]
234c.3e74: supR3HardenedScreenImage/NtCreateSection: cache hit (VINF_SUCCESS) on \Device\HarddiskVolume3\Program Files\Oracle\VirtualBox\VBoxGuestControlSvc.dll
234c.3e74: supR3HardenedDllNotificationCallback: load   00007ffb9c270000 LB 0x0000c000 C:\Program Files\Oracle\VirtualBox\VBoxGuestControlSvc.DLL [fFlags=0x0]
234c.3e74: supR3HardenedScreenImage/LdrLoadDll: cache hit (VINF_SUCCESS) on \Device\HarddiskVolume3\Program Files\Oracle\VirtualBox\VBoxGuestControlSvc.dll
234c.3e74: supR3HardenedMonitor_LdrLoadDll: returns rcNt=0x0 hMod=00007ffb9c270000 'C:\Program Files\Oracle\VirtualBox\VBoxGuestControlSvc.DLL'
234c.3540: supR3HardenedMonitor_LdrLoadDll: returns rcNt=0x0 hMod=00007ffbab9d0000 'C:\Windows\system32\rsaenh.dll'
234c.3540: supR3HardenedMonitor_LdrLoadDll: returns rcNt=0x0 hMod=00007ffbaca60000 'C:\Windows\System32\crypt32.dll'
234c.3540: supR3HardenedWinVerifyCacheScheduleImports: Import todo: #0 'vboxrt.dll'.
234c.3540: supR3HardenedWinVerifyCacheScheduleImports: Import todo: #2 'vcruntime140.dll'.
234c.3540: supR3HardenedWinVerifyCacheScheduleImports: Import todo: #3 'vcruntime140_1.dll'.
234c.3540: supR3HardenedWinVerifyCacheScheduleImports: Import todo: #4 'msvcp140.dll'.
234c.3540: supHardenedWinVerifyImageByHandle: -> 0 (\Device\HarddiskVolume3\Program Files\Oracle\VirtualBox\VBoxGuestPropSvc.dll) WinVerifyTrust
234c.3540: supR3HardenedWinVerifyCacheInsert: \Device\HarddiskVolume3\Program Files\Oracle\VirtualBox\VBoxGuestPropSvc.dll
234c.3540: supR3HardenedWinVerifyCacheProcessImportTodos: Processing 'msvcp140.dll'...
234c.3540: supR3HardenedWinVerifyCacheProcessImportTodos: 'msvcp140.dll' -> '\Device\HarddiskVolume3\Windows\System32\msvcp140.dll' [rcNtRedir=0xc0150008]
234c.3540: supR3HardenedWinVerifyCacheProcessImportTodos: Processing 'vcruntime140_1.dll'...
234c.3540: supR3HardenedWinVerifyCacheProcessImportTodos: 'vcruntime140_1.dll' -> '\Device\HarddiskVolume3\Windows\System32\vcruntime140_1.dll' [rcNtRedir=0xc0150008]
234c.3540: supR3HardenedWinVerifyCacheProcessImportTodos: Processing 'vcruntime140.dll'...
234c.3540: supR3HardenedWinVerifyCacheProcessImportTodos: 'vcruntime140.dll' -> '\Device\HarddiskVolume3\Windows\System32\vcruntime140.dll' [rcNtRedir=0xc0150008]
234c.3540: supR3HardenedWinVerifyCacheProcessImportTodos: Processing 'vboxrt.dll'...
234c.3540: supR3HardenedWinVerifyCacheProcessImportTodos: 'vboxrt.dll' -> '\Device\HarddiskVolume3\Program Files\Oracle\VirtualBox\vboxrt.dll' [rcNtRedir=0xc0150008]
234c.3540: supR3HardenedMonitor_LdrLoadDll: pName=C:\Program Files\Oracle\VirtualBox\VBoxGuestPropSvc.DLL (rcNtResolve=0xc0150008) *pfFlags=0x0 pwszSearchPath=0000000000000001:<flags> [calling]
234c.3540: supR3HardenedScreenImage/NtCreateSection: cache hit (VINF_SUCCESS) on \Device\HarddiskVolume3\Program Files\Oracle\VirtualBox\VBoxGuestPropSvc.dll
234c.3540: supR3HardenedDllNotificationCallback: load   00007ffb9b460000 LB 0x0000d000 C:\Program Files\Oracle\VirtualBox\VBoxGuestPropSvc.DLL [fFlags=0x0]
234c.3540: supR3HardenedScreenImage/LdrLoadDll: cache hit (VINF_SUCCESS) on \Device\HarddiskVolume3\Program Files\Oracle\VirtualBox\VBoxGuestPropSvc.dll
234c.3540: supR3HardenedMonitor_LdrLoadDll: returns rcNt=0x0 hMod=00007ffb9b460000 'C:\Program Files\Oracle\VirtualBox\VBoxGuestPropSvc.DLL'
234c.3bb8: supR3HardenedMonitor_LdrLoadDll: returns rcNt=0x0 hMod=00007ffbab9d0000 'C:\Windows\system32\rsaenh.dll'
234c.3bb8: supR3HardenedMonitor_LdrLoadDll: returns rcNt=0x0 hMod=00007ffbaca60000 'C:\Windows\System32\crypt32.dll'
234c.3bb8: supR3HardenedWinVerifyCacheScheduleImports: Import todo: #14 'ws2_32.dll'.
234c.3bb8: supR3HardenedWinVerifyCacheScheduleImports: Import todo: #22 'rpcrt4.dll'.
234c.3bb8: supHardenedWinVerifyImageByHandle: -> 0 (\Device\HarddiskVolume3\Windows\System32\mswsock.dll) WinVerifyTrust
234c.3bb8: supR3HardenedWinVerifyCacheInsert: \Device\HarddiskVolume3\Windows\System32\mswsock.dll
234c.3bb8: supR3HardenedWinVerifyCacheProcessImportTodos: Processing 'rpcrt4.dll'...
234c.3bb8: supR3HardenedWinVerifyCacheProcessImportTodos: 'rpcrt4.dll' -> '\Device\HarddiskVolume3\Windows\System32\rpcrt4.dll' [rcNtRedir=0xc0150008]
234c.3bb8: supR3HardenedWinVerifyCacheProcessImportTodos: Processing 'ws2_32.dll'...
234c.3bb8: supR3HardenedWinVerifyCacheProcessImportTodos: 'ws2_32.dll' -> '\Device\HarddiskVolume3\Windows\System32\ws2_32.dll' [rcNtRedir=0xc0150008]
234c.3bb8: supR3HardenedScreenImage/Imports: cache hit (VINF_SUCCESS) on \Device\HarddiskVolume3\Windows\System32\ws2_32.dll
234c.3bb8: supR3HardenedMonitor_LdrLoadDll: pName=C:\Windows\system32\mswsock.dll (rcNtResolve=0xc0150008) *pfFlags=0x0 pwszSearchPath=0000000000000001:<flags> [calling]
234c.3bb8: supR3HardenedScreenImage/NtCreateSection: cache hit (VINF_SUCCESS) on \Device\HarddiskVolume3\Windows\System32\mswsock.dll
234c.3bb8: supR3HardenedDllNotificationCallback: load   00007ffbabed0000 LB 0x00069000 C:\Windows\system32\mswsock.dll [fFlags=0x0]
234c.3bb8: supR3HardenedScreenImage/LdrLoadDll: cache hit (VINF_SUCCESS) on \Device\HarddiskVolume3\Windows\System32\mswsock.dll
234c.3bb8: supR3HardenedMonitor_LdrLoadDll: returns rcNt=0x0 hMod=00007ffbabed0000 'C:\Windows\system32\mswsock.dll'
234c.3bb8: supR3HardenedMonitor_LdrLoadDll: returns rcNt=0x0 hMod=00007ffbab9d0000 'C:\Windows\system32\rsaenh.dll'
234c.3bb8: supR3HardenedMonitor_LdrLoadDll: returns rcNt=0x0 hMod=00007ffbaca60000 'C:\Windows\System32\crypt32.dll'
234c.3bb8: supR3HardenedWinVerifyCacheScheduleImports: Import todo: #0 'msvcp_win.dll'.
234c.3bb8: supHardenedWinVerifyImageByHandle: -> 0 (\Device\HarddiskVolume3\Windows\System32\MMDevAPI.dll) WinVerifyTrust
234c.3bb8: supR3HardenedWinVerifyCacheInsert: \Device\HarddiskVolume3\Windows\System32\MMDevAPI.dll
234c.3bb8: supR3HardenedWinVerifyCacheProcessImportTodos: Processing 'msvcp_win.dll'...
234c.3bb8: supR3HardenedWinVerifyCacheProcessImportTodos: 'msvcp_win.dll' -> '\Device\HarddiskVolume3\Windows\System32\msvcp_win.dll' [rcNtRedir=0xc0150008]
234c.3bb8: supR3HardenedMonitor_LdrLoadDll: pName=C:\Windows\System32\MMDevApi.dll (rcNtResolve=0xc0150008) *pfFlags=0x0 pwszSearchPath=0000000000002009:<flags> [calling]
234c.3bb8: supR3HardenedScreenImage/NtCreateSection: cache hit (VINF_SUCCESS) on \Device\HarddiskVolume3\Windows\System32\MMDevAPI.dll
234c.3bb8: supR3HardenedDllNotificationCallback: load   00007ffba1570000 LB 0x0009e000 C:\Windows\System32\MMDevApi.dll [fFlags=0x0]
234c.3bb8: supR3HardenedScreenImage/LdrLoadDll: cache hit (VINF_SUCCESS) on \Device\HarddiskVolume3\Windows\System32\MMDevAPI.dll
234c.3bb8: supR3HardenedMonitor_LdrLoadDll: returns rcNt=0x0 hMod=00007ffba1570000 'C:\Windows\System32\MMDevApi.dll'
234c.3bb8: supR3HardenedScreenImage/LdrLoadDll: cache hit (VINF_SUCCESS) on \Device\HarddiskVolume3\Windows\System32\MMDevAPI.dll
234c.3bb8: supR3HardenedMonitor_LdrLoadDll: pName=C:\Windows\System32\MMDEVAPI.DLL (Input=MMDEVAPI.DLL, rcNtResolve=0xc0150008) *pfFlags=0x0 pwszSearchPath=0000000000000001:<flags> [calling]
234c.3bb8: supR3HardenedMonitor_LdrLoadDll: returns rcNt=0x0 hMod=00007ffba1570000 'C:\Windows\System32\MMDEVAPI.DLL'
234c.1b7c: supR3HardenedScreenImage/NtCreateSection: cache hit (VINF_SUCCESS) on \Device\HarddiskVolume3\Windows\System32\imageres.dll
234c.1b7c: supR3HardenedMonitor_NtCreateSection: NtMapViewOfSection failed on 0000000000000d78 (hFile=00000000000010fc) with 0xc0000022 -> STATUS_TRUST_FAILURE
234c.1b7c: supR3HardenedMonitor_NtCreateSection: NtMapViewOfSection failed on 00000000000010fc (hFile=0000000000000d78) with 0xc0000022 -> STATUS_TRUST_FAILURE
234c.1b7c: supR3HardenedMonitor_NtCreateSection: NtMapViewOfSection failed on 0000000000000d78 (hFile=00000000000010fc) with 0xc0000022 -> STATUS_TRUST_FAILURE
234c.1b7c: supR3HardenedMonitor_NtCreateSection: NtMapViewOfSection failed on 00000000000010fc (hFile=0000000000000d78) with 0xc0000022 -> STATUS_TRUST_FAILURE
234c.1b7c: supR3HardenedScreenImage/LdrLoadDll: cache hit (VINF_SUCCESS) on \Device\HarddiskVolume3\Windows\System32\ole32.dll
234c.1b7c: supR3HardenedMonitor_LdrLoadDll: pName=C:\Windows\system32\ole32.dll (rcNtResolve=0xc0150008) *pfFlags=0x0 pwszSearchPath=0000000000000009:<flags> [calling]
234c.1b7c: supR3HardenedMonitor_LdrLoadDll: returns rcNt=0x0 hMod=00007ffbaf560000 'C:\Windows\system32\ole32.dll'
234c.34b8: supR3HardenedDllNotificationCallback: load   00007ffbae6f0000 LB 0x00009000 C:\Windows\System32\NSI.dll [fFlags=0x0]
234c.34b8: supHardenedWinVerifyImageByHandle: -> 0 (\Device\HarddiskVolume3\Windows\System32\nsi.dll)
234c.34b8: supR3HardenedWinVerifyCacheInsert: \Device\HarddiskVolume3\Windows\System32\nsi.dll
234c.34b8: supR3HardenedWinVerifyCacheScheduleImports: Import todo: #3 'rpcrt4.dll'.
234c.34b8: supHardenedWinVerifyImageByHandle: -> 0 (\Device\HarddiskVolume3\Windows\System32\dhcpcsvc6.dll)
234c.34b8: supR3HardenedWinVerifyCacheInsert: \Device\HarddiskVolume3\Windows\System32\dhcpcsvc6.dll
234c.34b8: supR3HardenedDllNotificationCallback: load   00007ffba63d0000 LB 0x00019000 C:\Windows\SYSTEM32\dhcpcsvc6.DLL [fFlags=0x0]
234c.34b8: supR3HardenedScreenImage/LdrLoadDll: cache hit (VINF_SUCCESS) on \Device\HarddiskVolume3\Windows\System32\dhcpcsvc6.dll [avoiding WinVerifyTrust]
234c.34b8: supR3HardenedWinVerifyCacheScheduleImports: Import todo: #3 'rpcrt4.dll'.
234c.34b8: supHardenedWinVerifyImageByHandle: -> 0 (\Device\HarddiskVolume3\Windows\System32\dhcpcsvc.dll)
234c.34b8: supR3HardenedWinVerifyCacheInsert: \Device\HarddiskVolume3\Windows\System32\dhcpcsvc.dll
234c.34b8: supR3HardenedDllNotificationCallback: load   00007ffba5e80000 LB 0x0001f000 C:\Windows\SYSTEM32\dhcpcsvc.DLL [fFlags=0x0]
234c.34b8: supR3HardenedScreenImage/LdrLoadDll: cache hit (VINF_SUCCESS) on \Device\HarddiskVolume3\Windows\System32\dhcpcsvc.dll [avoiding WinVerifyTrust]
234c.34b8: supHardenedWinVerifyImageByHandle: -> 0 (\Device\HarddiskVolume3\Windows\System32\dnsapi.dll)
234c.34b8: supR3HardenedWinVerifyCacheInsert: \Device\HarddiskVolume3\Windows\System32\dnsapi.dll
234c.34b8: supR3HardenedDllNotificationCallback: load   00007ffbab550000 LB 0x00102000 C:\Windows\SYSTEM32\DNSAPI.dll [fFlags=0x0]
234c.34b8: supR3HardenedScreenImage/LdrLoadDll: cache hit (VINF_SUCCESS) on \Device\HarddiskVolume3\Windows\System32\dnsapi.dll [avoiding WinVerifyTrust]
234c.34b8: supR3HardenedWinVerifyCacheProcessImportTodos: Processing 'rpcrt4.dll'...
234c.34b8: supR3HardenedWinVerifyCacheProcessImportTodos: 'rpcrt4.dll' -> '\Device\HarddiskVolume3\Windows\System32\rpcrt4.dll' [rcNtRedir=0xc0150008]
234c.34b8: supR3HardenedWinVerifyCacheProcessImportTodos: Processing 'rpcrt4.dll'...
234c.34b8: supR3HardenedWinVerifyCacheProcessImportTodos: 'rpcrt4.dll' -> '\Device\HarddiskVolume3\Windows\System32\rpcrt4.dll' [rcNtRedir=0xc0150008]
234c.34b8: supR3HardenedMonitor_LdrLoadDll: returns rcNt=0x0 hMod=00007ffbab9d0000 'C:\Windows\system32\rsaenh.dll'
234c.34b8: supR3HardenedScreenImage/LdrLoadDll: cache hit (VINF_SUCCESS) on \Device\HarddiskVolume3\Windows\System32\wintrust.dll
234c.34b8: supR3HardenedMonitor_LdrLoadDll: pName=C:\Windows\System32\WINTRUST.DLL (Input=WINTRUST.DLL, rcNtResolve=0xc0150008) *pfFlags=0x0 pwszSearchPath=0000000000000001:<flags> [calling]
234c.34b8: supR3HardenedMonitor_LdrLoadDll: returns rcNt=0x0 hMod=00007ffbacda0000 'C:\Windows\System32\WINTRUST.DLL'
234c.34b8: supR3HardenedMonitor_LdrLoadDll: returns rcNt=0x0 hMod=00007ffbaca60000 'C:\Windows\System32\CRYPT32.dll'
234c.34b8: supR3HardenedMonitor_LdrLoadDll: returns rcNt=0x0 hMod=00007ffbaca60000 'C:\Windows\System32\crypt32.dll'
234c.34b8: supR3HardenedWinVerifyCacheProcessWvtTodos: 0 (was 0) fWinVerifyTrust=1 for '\Device\HarddiskVolume3\Windows\System32\dnsapi.dll'
234c.34b8: supR3HardenedMonitor_LdrLoadDll: returns rcNt=0x0 hMod=00007ffbab9d0000 'C:\Windows\system32\rsaenh.dll'
234c.34b8: supR3HardenedMonitor_LdrLoadDll: returns rcNt=0x0 hMod=00007ffbaca60000 'C:\Windows\System32\crypt32.dll'
234c.34b8: supR3HardenedWinVerifyCacheProcessWvtTodos: 0 (was 0) fWinVerifyTrust=1 for '\Device\HarddiskVolume3\Windows\System32\dhcpcsvc.dll'
234c.34b8: supR3HardenedMonitor_LdrLoadDll: returns rcNt=0x0 hMod=00007ffbab9d0000 'C:\Windows\system32\rsaenh.dll'
234c.34b8: supR3HardenedMonitor_LdrLoadDll: returns rcNt=0x0 hMod=00007ffbaca60000 'C:\Windows\System32\crypt32.dll'
234c.34b8: supR3HardenedWinVerifyCacheProcessWvtTodos: 0 (was 0) fWinVerifyTrust=1 for '\Device\HarddiskVolume3\Windows\System32\dhcpcsvc6.dll'
234c.34b8: supR3HardenedMonitor_LdrLoadDll: returns rcNt=0x0 hMod=00007ffbab9d0000 'C:\Windows\system32\rsaenh.dll'
234c.34b8: supR3HardenedMonitor_LdrLoadDll: returns rcNt=0x0 hMod=00007ffbaca60000 'C:\Windows\System32\crypt32.dll'
234c.34b8: supR3HardenedWinVerifyCacheProcessWvtTodos: 0 (was 0) fWinVerifyTrust=1 for '\Device\HarddiskVolume3\Windows\System32\nsi.dll'
234c.34b8: supR3HardenedScreenImage/LdrLoadDll: cache hit (VINF_SUCCESS) on \Device\HarddiskVolume3\Windows\System32\mswsock.dll
234c.34b8: supR3HardenedMonitor_LdrLoadDll: pName=C:\Windows\system32\mswsock.dll (rcNtResolve=0xc0150008) *pfFlags=0x0 pwszSearchPath=0000000000000001:<flags> [calling]
234c.34b8: supR3HardenedMonitor_LdrLoadDll: returns rcNt=0x0 hMod=00007ffbabed0000 'C:\Windows\system32\mswsock.dll'
234c.3540: supR3HardenedDllNotificationCallback: Unload 00007ffb9b460000 LB 0x0000d000 C:\Program Files\Oracle\VirtualBox\VBoxGuestPropSvc.DLL [flags=0x0]
234c.3e74: supR3HardenedDllNotificationCallback: Unload 00007ffb9c270000 LB 0x0000c000 C:\Program Files\Oracle\VirtualBox\VBoxGuestControlSvc.DLL [flags=0x0]
234c.254c: supR3HardenedDllNotificationCallback: Unload 00007ffb8d800000 LB 0x00014000 C:\Program Files\Oracle\VirtualBox\VBoxSharedFolders.DLL [flags=0x0]
234c.2564: supR3HardenedDllNotificationCallback: Unload 00007ffba6bc0000 LB 0x0000d000 C:\Program Files\Oracle\VirtualBox\VBoxDragAndDropSvc.DLL [flags=0x0]
234c.39d8: supR3HardenedWinVerifyCacheScheduleImports: Import todo: #0 'msvcrt.dll'.
234c.39d8: supHardenedWinVerifyImageByHandle: -> 22900 (\Device\HarddiskVolume3\Windows\System32\edputil.dll)
234c.39d8: supR3HardenedWinVerifyCacheInsert: \Device\HarddiskVolume3\Windows\System32\edputil.dll
234c.39d8: supR3HardenedDllNotificationCallback: load   00007ffb9c050000 LB 0x00028000 C:\Windows\SYSTEM32\edputil.dll [fFlags=0x0]
234c.39d8: supR3HardenedScreenImage/LdrLoadDll: cache hit (22900) on \Device\HarddiskVolume3\Windows\System32\edputil.dll [avoiding WinVerifyTrust]
234c.39d8: supR3HardenedDllNotificationCallback: Unload 00007ffb9b300000 LB 0x00022000 C:\Program Files\Oracle\VirtualBox\VBoxSharedClipboard.DLL [flags=0x0]
234c.3bb8: supR3HardenedDllNotificationCallback: Unload 00007ffb14fc0000 LB 0x00ae2000 C:\Program Files\Oracle\VirtualBox\VBoxDD.DLL [flags=0x0]
234c.3bb8: supR3HardenedDllNotificationCallback: Unload 00007ffb49b30000 LB 0x00073000 C:\Program Files\Oracle\VirtualBox\VBoxDDU.dll [flags=0x0]
234c.3bb8: supR3HardenedDllNotificationCallback: Unload 00007ffb11a70000 LB 0x00e5e000 C:\Program Files\Oracle\VirtualBox\VBoxDD2.dll [flags=0x0]
234c.1b7c: supR3HardenedDllNotificationCallback: Unload 00007ffb55fa0000 LB 0x005ad000 C:\Program Files\Oracle\VirtualBox\VBoxVMM.DLL [flags=0x0]
234c.1b7c: supR3HardenedDllNotificationCallback: Unload 00007ffb993d0000 LB 0x00014000 C:\Windows\system32\wbem\wbemsvc.dll [flags=0x0]
234c.1b7c: supR3HardenedDllNotificationCallback: Unload 00007ffb9a220000 LB 0x00010000 C:\Windows\system32\wbem\wbemprox.dll [flags=0x0]
234c.1b7c: supR3HardenedDllNotificationCallback: Unload 00007ffb993f0000 LB 0x000f8000 C:\Windows\system32\wbem\fastprox.dll [flags=0x0]
234c.1b7c: supR3HardenedDllNotificationCallback: Unload 00007ffb9a1a0000 LB 0x00080000 C:\Windows\SYSTEM32\wbemcomn.dll [flags=0x0]
234c.1b7c: supR3HardenedDllNotificationCallback: Unload 00007ffb4a430000 LB 0x000e7000 C:\Program Files\Oracle\VirtualBox\VBoxProxyStub.dll [flags=0x0]
234c.1b7c: supR3HardenedDllNotificationCallback: Unload 00007ffb85920000 LB 0x0005e000 C:\Windows\system32\dataexchange.dll [flags=0x0]
234c.1b7c: supR3HardenedDllNotificationCallback: Unload 00007ffba43a0000 LB 0x002a2000 C:\Windows\system32\twinapi.appcore.dll [flags=0x0]
234c.1b7c: supR3HardenedDllNotificationCallback: Unload 00007ffb29150000 LB 0x0041b000 C:\Program Files\Oracle\VirtualBox\VBoxC.dll [flags=0x0]
234c.1b7c: Terminating the normal way: rcExit=0
2f54.3aa0: supR3HardNtChildWaitFor[2]: Quitting: ExitCode=0x0 (rcNtWait=0x0, rcNt1=0x0, rcNt2=0x103, rcNt3=0x103, 10109716 ms, the end);
2674.1a84: supR3HardNtChildWaitFor[1]: Quitting: ExitCode=0x0 (rcNtWait=0x0, rcNt1=0x0, rcNt2=0x103, rcNt3=0x103, 10110801 ms, the end);
