00:00:11.512945 VirtualBox VM 7.2.2 r170484 win.amd64 (Sep 10 2025 19:56:01) release log
00:00:11.512948 Log opened 2025-11-12T11:38:08.027645700Z
00:00:11.512949 Build Type: release
00:00:11.512956 OS Product: Windows 11
00:00:11.513279 OS Release: 10.0.22621.4317
00:00:11.513291 OS Service Pack: 
00:00:11.692114 DMI Product Name: Latitude E7270
00:00:11.700538 DMI Product Version: 
00:00:11.700560 Firmware type: UEFI
00:00:11.701255 Secure Boot: Disabled
00:00:11.701287 Host RAM: 8075MB (7.8GB) total, 2503MB (2.4GB) available
00:00:11.701290 Executable: C:\Program Files\Oracle\VirtualBox\VirtualBoxVM.exe
00:00:11.701291 Process ID: 9036
00:00:11.701291 Package type: WINDOWS_64BITS_GENERIC
00:00:11.701291 Windows Features:
00:00:11.701292   Core Isolation (Memory Integrity): ENABLED
00:00:11.703106 Installed Extension Packs:
00:00:11.703166   None installed!
00:00:11.704487 Console: Machine state changed to 'Starting'
00:00:11.704880 GUI: Qt version: 6.8.0
00:00:11.704900 GUI: HID LEDs sync is enabled
00:00:11.715905 GUI: UIMediumEnumerator: Medium-enumeration finished!
00:00:11.794839 GUI: Cannot notify guest about VM window out-of-focus event
00:00:11.915760 GUI: UIMediumEnumerator: Medium-enumeration finished!
00:00:12.017060 SUP: seg #0: R   0x00000000 LB 0x00001000
00:00:12.017083 SUP: seg #1: R X 0x00001000 LB 0x001fd000
00:00:12.017092 SUP: seg #2: R   0x001fe000 LB 0x00054000
00:00:12.017100 SUP: seg #3: RW  0x00252000 LB 0x00013000
00:00:12.017108 SUP: seg #4: R   0x00265000 LB 0x00014000
00:00:12.017116 SUP: seg #5: RW  0x00279000 LB 0x00004000
00:00:12.017123 SUP: seg #6: R   0x0027d000 LB 0x00008000
00:00:12.017131 SUP: seg #7: R X 0x00285000 LB 0x00002000
00:00:12.017138 SUP: seg #8: R   0x00287000 LB 0x00007000
00:00:12.020687 SUP: Loaded VMMR0.r0 (C:\Program Files\Oracle\VirtualBox/VMMR0.r0) at 0xXXXXXXXXXXXXXXXX - ModuleInit at XXXXXXXXXXXXXXXX and ModuleTerm at XXXXXXXXXXXXXXXX using the native ring-0 loader
00:00:12.020743 SUP: VMMR0EntryEx located at XXXXXXXXXXXXXXXX and VMMR0EntryFast at XXXXXXXXXXXXXXXX
00:00:12.020755 SUP: windbg> .reload /f C:\Program Files\Oracle\VirtualBox/VMMR0.r0=0xXXXXXXXXXXXXXXXX
00:00:12.026232 Guest architecture: x86
00:00:12.026336 Guest OS type: 'Ubuntu_64'
00:00:12.027527 fHMForced=true - No raw-mode support in this build!
00:00:12.027563 Using execution engine 1
00:00:12.034508 File system of 'C:\Users\Dell\Downloads\ubuntu-24.04.3-live-server-amd64\ubuntu-24.04.3-live-server-amd64.iso' (DVD) is ntfs
00:00:12.036866 File system of 'C:\Users\Dell\VirtualBox VMs\ubuntu\ubuntu.vdi' is ntfs
00:00:12.069003 Shared Clipboard: Initialized OLE
00:00:12.069077 Shared Clipboard: Service loaded
00:00:12.069092 Shared Clipboard: Mode: Off
00:00:12.069205 Shared Clipboard: Service running in normal mode
00:00:12.087184 Drag and drop service loaded
00:00:12.087198 Drag and drop mode: Off
00:00:12.088425 Audio: Detected default audio driver type is 'HostAudioWas'
00:00:12.094277 ************************* CFGM dump *************************
00:00:12.094296 [/] (level 0)
00:00:12.094298   CpuExecutionCap   <integer> = 0x0000000000000064 (100)
00:00:12.094300   EnablePAE         <integer> = 0x0000000000000001 (1)
00:00:12.094301   HMEnabled         <integer> = 0x0000000000000001 (1)
00:00:12.094302   MemBalloonSize    <integer> = 0x0000000000000000 (0, 0 B)
00:00:12.094312   Name              <string>  = "ubuntu" (cb=7)
00:00:12.094313   NumCPUs           <integer> = 0x0000000000000001 (1)
00:00:12.094314   PageFusionAllowed <integer> = 0x0000000000000000 (0)
00:00:12.094314   RamHoleSize       <integer> = 0x0000000020000000 (536 870 912, 512.0 MiB)
00:00:12.094316   RamSize           <integer> = 0x0000000080000000 (2 147 483 648, 2.0 GiB)
00:00:12.094318   TimerMillies      <integer> = 0x000000000000000a (10)
00:00:12.094318   UUID              <bytes>   = "fc df 31 e0 bc 81 00 4c 9d 89 53 ff e9 dd 22 c6" (cb=16)
00:00:12.094321 
00:00:12.094321 [/CPUM/] (level 1)
00:00:12.094322   Enable64bit        <integer> = 0x0000000000000001 (1)
00:00:12.094323   GuestCpuName       <string>  = "host" (cb=5)
00:00:12.094324   NestedHWVirt       <integer> = 0x0000000000000000 (0)
00:00:12.094324   PortableCpuIdLevel <integer> = 0x0000000000000000 (0)
00:00:12.094325   SpecCtrl           <integer> = 0x0000000000000000 (0)
00:00:12.094325 
00:00:12.094326 [/CPUM/IsaExts/] (level 2)
00:00:12.094326 
00:00:12.094327 [/DBGC/] (level 1)
00:00:12.094328   GlobalInitScript <string>  = "C:\Users\Dell\.VirtualBox/dbgc-init" (cb=36)
00:00:12.094329   HistoryFile      <string>  = "C:\Users\Dell\.VirtualBox/dbgc-history" (cb=39)
00:00:12.094329   LocalInitScript  <string>  = "C:\Users\Dell\VirtualBox VMs\ubuntu/dbgc-init" (cb=46)
00:00:12.094330 
00:00:12.094330 [/DBGF/] (level 1)
00:00:12.094331   Path <string>  = "C:\Users\Dell\VirtualBox VMs\ubuntu/debug/;C:\Users\Dell\VirtualBox VMs\ubuntu/;cache*C:\Users\Dell\VirtualBox VMs\ubuntu/dbgcache/;C:\Users\Dell\" (cb=147)
00:00:12.094332 
00:00:12.094332 [/Devices/] (level 1)
00:00:12.094333 
00:00:12.094333 [/Devices/3c501/] (level 2)
00:00:12.094334 
00:00:12.094334 [/Devices/8237A/] (level 2)
00:00:12.094335 
00:00:12.094335 [/Devices/8237A/0/] (level 3)
00:00:12.094336   Trusted <integer> = 0x0000000000000001 (1)
00:00:12.094337 
00:00:12.094337 [/Devices/GIMDev/] (level 2)
00:00:12.094338 
00:00:12.094338 [/Devices/GIMDev/0/] (level 3)
00:00:12.094339   Trusted <integer> = 0x0000000000000001 (1)
00:00:12.094339 
00:00:12.094340 [/Devices/VMMDev/] (level 2)
00:00:12.094340 
00:00:12.094341 [/Devices/VMMDev/0/] (level 3)
00:00:12.094342   PCIBusNo      <integer> = 0x0000000000000000 (0)
00:00:12.094342   PCIDeviceNo   <integer> = 0x0000000000000004 (4)
00:00:12.094343   PCIFunctionNo <integer> = 0x0000000000000000 (0)
00:00:12.094343   Trusted       <integer> = 0x0000000000000001 (1)
00:00:12.094344 
00:00:12.094344 [/Devices/VMMDev/0/Config/] (level 4)
00:00:12.094345   GuestCoreDumpDir <string>  = "C:\Users\Dell\VirtualBox VMs\ubuntu\Snapshots" (cb=46)
00:00:12.094346 
00:00:12.094346 [/Devices/VMMDev/0/LUN#0/] (level 4)
00:00:12.094347   Driver <string>  = "HGCM" (cb=5)
00:00:12.094348 
00:00:12.094348 [/Devices/VMMDev/0/LUN#0/Config/] (level 5)
00:00:12.094349 
00:00:12.094349 [/Devices/VMMDev/0/LUN#999/] (level 4)
00:00:12.094350   Driver <string>  = "MainStatus" (cb=11)
00:00:12.094351 
00:00:12.094351 [/Devices/VMMDev/0/LUN#999/Config/] (level 5)
00:00:12.094352   First                <integer> = 0x0000000000000000 (0)
00:00:12.094353   HasMediumAttachments <integer> = 0x0000000000000000 (0)
00:00:12.094353   Last                 <integer> = 0x0000000000000000 (0)
00:00:12.094354   iLedSet              <integer> = 0x0000000000000006 (6)
00:00:12.094355 
00:00:12.094355 [/Devices/acpi/] (level 2)
00:00:12.094356 
00:00:12.094356 [/Devices/acpi/0/] (level 3)
00:00:12.094356   PCIBusNo      <integer> = 0x0000000000000000 (0)
00:00:12.094357   PCIDeviceNo   <integer> = 0x0000000000000007 (7)
00:00:12.094358   PCIFunctionNo <integer> = 0x0000000000000000 (0)
00:00:12.094358   Trusted       <integer> = 0x0000000000000001 (1)
00:00:12.094359 
00:00:12.094359 [/Devices/acpi/0/Config/] (level 4)
00:00:12.094360   CpuHotPlug          <integer> = 0x0000000000000000 (0)
00:00:12.094366   FdcEnabled          <integer> = 0x0000000000000000 (0)
00:00:12.094367   HostBusPciAddress   <integer> = 0x0000000000000000 (0)
00:00:12.094368   HpetEnabled         <integer> = 0x0000000000000000 (0)
00:00:12.094368   IOAPIC              <integer> = 0x0000000000000001 (1)
00:00:12.094369   IocPciAddress       <integer> = 0x0000000000010000 (65 536)
00:00:12.094370   NumCPUs             <integer> = 0x0000000000000001 (1)
00:00:12.094370   Parallel0IoPortBase <integer> = 0x0000000000000000 (0)
00:00:12.094371   Parallel0Irq        <integer> = 0x0000000000000000 (0)
00:00:12.094372   Parallel1IoPortBase <integer> = 0x0000000000000000 (0)
00:00:12.094372   Parallel1Irq        <integer> = 0x0000000000000000 (0)
00:00:12.094373   Serial0IoPortBase   <integer> = 0x0000000000000000 (0)
00:00:12.094373   Serial0Irq          <integer> = 0x0000000000000000 (0)
00:00:12.094374   Serial1IoPortBase   <integer> = 0x0000000000000000 (0)
00:00:12.094374   Serial1Irq          <integer> = 0x0000000000000000 (0)
00:00:12.094375   ShowCpu             <integer> = 0x0000000000000001 (1)
00:00:12.094376   ShowRtc             <integer> = 0x0000000000000000 (0)
00:00:12.094376   SmcEnabled          <integer> = 0x0000000000000000 (0)
00:00:12.094377 
00:00:12.094377 [/Devices/acpi/0/LUN#0/] (level 4)
00:00:12.094378   Driver <string>  = "ACPIHost" (cb=9)
00:00:12.094379 
00:00:12.094379 [/Devices/acpi/0/LUN#0/Config/] (level 5)
00:00:12.094380 
00:00:12.094380 [/Devices/ahci/] (level 2)
00:00:12.094381 
00:00:12.094381 [/Devices/ahci/0/] (level 3)
00:00:12.094382   PCIBusNo      <integer> = 0x0000000000000000 (0)
00:00:12.094382   PCIDeviceNo   <integer> = 0x000000000000000d (13)
00:00:12.094383   PCIFunctionNo <integer> = 0x0000000000000000 (0)
00:00:12.094384   Trusted       <integer> = 0x0000000000000001 (1)
00:00:12.094384 
00:00:12.094384 [/Devices/ahci/0/Config/] (level 4)
00:00:12.094385   Bootable  <integer> = 0x0000000000000001 (1)
00:00:12.094386   PortCount <integer> = 0x0000000000000001 (1)
00:00:12.094386 
00:00:12.094387 [/Devices/ahci/0/Config/Port0/] (level 5)
00:00:12.094387   Hotpluggable <integer> = 0x0000000000000000 (0)
00:00:12.094388 
00:00:12.094388 [/Devices/ahci/0/LUN#0/] (level 4)
00:00:12.094389   Driver <string>  = "VD" (cb=3)
00:00:12.094390 
00:00:12.094390 [/Devices/ahci/0/LUN#0/Config/] (level 5)
00:00:12.094391   BlockCache <integer> = 0x0000000000000001 (1)
00:00:12.094392   Format     <string>  = "VDI" (cb=4)
00:00:12.094392   Mountable  <integer> = 0x0000000000000000 (0)
00:00:12.094393   Path       <string>  = "C:\Users\Dell\VirtualBox VMs\ubuntu\ubuntu.vdi" (cb=47)
00:00:12.094394   Type       <string>  = "HardDisk" (cb=9)
00:00:12.094394   UseNewIo   <integer> = 0x0000000000000001 (1)
00:00:12.094395 
00:00:12.094395 [/Devices/ahci/0/LUN#0/Config/VDConfig/] (level 6)
00:00:12.094396   AllocationBlockSize <string>  = "1048576" (cb=8)
00:00:12.094397 
00:00:12.094397 [/Devices/ahci/0/LUN#999/] (level 4)
00:00:12.094398   Driver <string>  = "MainStatus" (cb=11)
00:00:12.094398 
00:00:12.094398 [/Devices/ahci/0/LUN#999/Config/] (level 5)
00:00:12.094399   DeviceInstance       <string>  = "ahci/0" (cb=7)
00:00:12.094400   First                <integer> = 0x0000000000000000 (0)
00:00:12.094401   HasMediumAttachments <integer> = 0x0000000000000001 (1)
00:00:12.094401   Last                 <integer> = 0x0000000000000000 (0)
00:00:12.094402   iLedSet              <integer> = 0x0000000000000004 (4)
00:00:12.094403 
00:00:12.094403 [/Devices/apic/] (level 2)
00:00:12.094403 
00:00:12.094404 [/Devices/apic/0/] (level 3)
00:00:12.094405   Trusted <integer> = 0x0000000000000001 (1)
00:00:12.094405 
00:00:12.094405 [/Devices/apic/0/Config/] (level 4)
00:00:12.094406   IOAPIC  <integer> = 0x0000000000000001 (1)
00:00:12.094407   Mode    <integer> = 0x0000000000000003 (3)
00:00:12.094407   NumCPUs <integer> = 0x0000000000000001 (1)
00:00:12.094408 
00:00:12.094408 [/Devices/dp8390/] (level 2)
00:00:12.094409 
00:00:12.094413 [/Devices/e1000/] (level 2)
00:00:12.094414 
00:00:12.094414 [/Devices/e1000/0/] (level 3)
00:00:12.094415   PCIBusNo      <integer> = 0x0000000000000000 (0)
00:00:12.094416   PCIDeviceNo   <integer> = 0x0000000000000003 (3)
00:00:12.094416   PCIFunctionNo <integer> = 0x0000000000000000 (0)
00:00:12.094417   Trusted       <integer> = 0x0000000000000001 (1)
00:00:12.094417 
00:00:12.094418 [/Devices/e1000/0/Config/] (level 4)
00:00:12.094419   AdapterType    <integer> = 0x0000000000000000 (0)
00:00:12.094419   CableConnected <integer> = 0x0000000000000001 (1)
00:00:12.094420   LineSpeed      <integer> = 0x0000000000000000 (0)
00:00:12.094420   MAC            <bytes>   = "08 00 27 7c 13 0f" (cb=6)
00:00:12.094422 
00:00:12.094422 [/Devices/e1000/0/LUN#0/] (level 4)
00:00:12.094423   Driver <string>  = "NAT" (cb=4)
00:00:12.094423 
00:00:12.094423 [/Devices/e1000/0/LUN#0/Config/] (level 5)
00:00:12.094425   AliasMode          <integer> = 0x0000000000000000 (0)
00:00:12.094425   DNSProxy           <integer> = 0x0000000000000000 (0)
00:00:12.094426   EnableTFTP         <integer> = 0x0000000000000000 (0)
00:00:12.094427   ForwardBroadcast   <integer> = 0x0000000000000000 (0)
00:00:12.094427   LocalhostReachable <integer> = 0x0000000000000000 (0)
00:00:12.094428   Network            <string>  = "10.0.2.0/24" (cb=12)
00:00:12.094428   PassDomain         <integer> = 0x0000000000000001 (1)
00:00:12.094429   UseHostResolver    <integer> = 0x0000000000000000 (0)
00:00:12.094430 
00:00:12.094430 [/Devices/e1000/0/LUN#999/] (level 4)
00:00:12.094431   Driver <string>  = "MainStatus" (cb=11)
00:00:12.094431 
00:00:12.094431 [/Devices/e1000/0/LUN#999/Config/] (level 5)
00:00:12.094432   First                <integer> = 0x0000000000000000 (0)
00:00:12.094433   HasMediumAttachments <integer> = 0x0000000000000000 (0)
00:00:12.094434   Last                 <integer> = 0x0000000000000000 (0)
00:00:12.094434   iLedSet              <integer> = 0x0000000000000005 (5)
00:00:12.094435 
00:00:12.094435 [/Devices/i8254/] (level 2)
00:00:12.094436 
00:00:12.094436 [/Devices/i8254/0/] (level 3)
00:00:12.094437 
00:00:12.094437 [/Devices/i8254/0/Config/] (level 4)
00:00:12.094438 
00:00:12.094438 [/Devices/i8259/] (level 2)
00:00:12.094439 
00:00:12.094439 [/Devices/i8259/0/] (level 3)
00:00:12.094440   Trusted <integer> = 0x0000000000000001 (1)
00:00:12.094440 
00:00:12.094440 [/Devices/i8259/0/Config/] (level 4)
00:00:12.094441 
00:00:12.094441 [/Devices/ichac97/] (level 2)
00:00:12.094442 
00:00:12.094442 [/Devices/ichac97/0/] (level 3)
00:00:12.094443   PCIBusNo      <integer> = 0x0000000000000000 (0)
00:00:12.094444   PCIDeviceNo   <integer> = 0x0000000000000005 (5)
00:00:12.094444   PCIFunctionNo <integer> = 0x0000000000000000 (0)
00:00:12.094445   Trusted       <integer> = 0x0000000000000001 (1)
00:00:12.094445 
00:00:12.094445 [/Devices/ichac97/0/AudioConfig/] (level 4)
00:00:12.094446 
00:00:12.094447 [/Devices/ichac97/0/Config/] (level 4)
00:00:12.094447   Codec        <string>  = "AD1980" (cb=7)
00:00:12.094448   DebugEnabled <integer> = 0x0000000000000000 (0)
00:00:12.094449 
00:00:12.094449 [/Devices/ichac97/0/LUN#0/] (level 4)
00:00:12.094450   Driver <string>  = "AUDIO" (cb=6)
00:00:12.094450 
00:00:12.094450 [/Devices/ichac97/0/LUN#0/AttachedDriver/] (level 5)
00:00:12.094451   Driver <string>  = "HostAudioWas" (cb=13)
00:00:12.094452 
00:00:12.094452 [/Devices/ichac97/0/LUN#0/AttachedDriver/Config/] (level 6)
00:00:12.094453   VmName <string>  = "ubuntu" (cb=7)
00:00:12.094454   VmUuid <string>  = "e031dffc-81bc-4c00-9d89-53ffe9dd22c6" (cb=37)
00:00:12.094454 
00:00:12.094454 [/Devices/ichac97/0/LUN#0/Config/] (level 5)
00:00:12.094455   DriverName    <string>  = "HostAudioWas" (cb=13)
00:00:12.094456   InputEnabled  <integer> = 0x0000000000000000 (0)
00:00:12.094456   OutputEnabled <integer> = 0x0000000000000001 (1)
00:00:12.094457 
00:00:12.094457 [/Devices/ichac97/0/LUN#1/] (level 4)
00:00:12.094458   Driver <string>  = "AUDIO" (cb=6)
00:00:12.094463 
00:00:12.094463 [/Devices/ichac97/0/LUN#2/] (level 4)
00:00:12.094464   Driver <string>  = "AUDIO" (cb=6)
00:00:12.094464 
00:00:12.094464 [/Devices/ioapic/] (level 2)
00:00:12.094465 
00:00:12.094465 [/Devices/ioapic/0/] (level 3)
00:00:12.094466   Trusted <integer> = 0x0000000000000001 (1)
00:00:12.094467 
00:00:12.094467 [/Devices/ioapic/0/Config/] (level 4)
00:00:12.094468   NumCPUs <integer> = 0x0000000000000001 (1)
00:00:12.094468 
00:00:12.094468 [/Devices/mc146818/] (level 2)
00:00:12.094469 
00:00:12.094469 [/Devices/mc146818/0/] (level 3)
00:00:12.094470 
00:00:12.094470 [/Devices/mc146818/0/Config/] (level 4)
00:00:12.094471   UseUTC <integer> = 0x0000000000000001 (1)
00:00:12.094472 
00:00:12.094472 [/Devices/parallel/] (level 2)
00:00:12.094472 
00:00:12.094473 [/Devices/pcarch/] (level 2)
00:00:12.094473 
00:00:12.094474 [/Devices/pcarch/0/] (level 3)
00:00:12.094474   Trusted <integer> = 0x0000000000000001 (1)
00:00:12.094475 
00:00:12.094475 [/Devices/pcarch/0/Config/] (level 4)
00:00:12.094476 
00:00:12.094476 [/Devices/pcbios/] (level 2)
00:00:12.094477 
00:00:12.094477 [/Devices/pcbios/0/] (level 3)
00:00:12.094478   Trusted <integer> = 0x0000000000000001 (1)
00:00:12.094478 
00:00:12.094478 [/Devices/pcbios/0/Config/] (level 4)
00:00:12.094480   APIC               <integer> = 0x0000000000000001 (1)
00:00:12.094481   BootDevice0        <string>  = "FLOPPY" (cb=7)
00:00:12.094481   BootDevice1        <string>  = "DVD" (cb=4)
00:00:12.094482   BootDevice2        <string>  = "IDE" (cb=4)
00:00:12.094482   BootDevice3        <string>  = "NONE" (cb=5)
00:00:12.094483   DmiSystemSerial    <string>  = "VirtualBox-<DmiSystemUuid>" (cb=27)
00:00:12.094484   FloppyDevice       <string>  = "i82078" (cb=7)
00:00:12.094484   HardDiskDevice     <string>  = "piix3ide" (cb=9)
00:00:12.094485   IOAPIC             <integer> = 0x0000000000000001 (1)
00:00:12.094485   McfgBase           <integer> = 0x0000000000000000 (0)
00:00:12.094486   McfgLength         <integer> = 0x0000000000000000 (0)
00:00:12.094487   NumCPUs            <integer> = 0x0000000000000001 (1)
00:00:12.094487   PXEDebug           <integer> = 0x0000000000000000 (0)
00:00:12.094488   SataHardDiskDevice <string>  = "ahci" (cb=5)
00:00:12.094488   SataLUN1           <integer> = 0x0000000000000000 (0)
00:00:12.094489   UUID               <bytes>   = "fc df 31 e0 bc 81 00 4c 9d 89 53 ff e9 dd 22 c6" (cb=16)
00:00:12.094491   UuidLe             <integer> = 0x0000000000000001 (1)
00:00:12.094492 
00:00:12.094492 [/Devices/pcbios/0/Config/NetBoot/] (level 5)
00:00:12.094493 
00:00:12.094493 [/Devices/pcbios/0/Config/NetBoot/0/] (level 6)
00:00:12.094494   NIC           <integer> = 0x0000000000000000 (0)
00:00:12.094495   PCIBusNo      <integer> = 0x0000000000000000 (0)
00:00:12.094495   PCIDeviceNo   <integer> = 0x0000000000000003 (3)
00:00:12.094496   PCIFunctionNo <integer> = 0x0000000000000000 (0)
00:00:12.094496 
00:00:12.094497 [/Devices/pci/] (level 2)
00:00:12.094497 
00:00:12.094498 [/Devices/pci/0/] (level 3)
00:00:12.094498   Trusted <integer> = 0x0000000000000001 (1)
00:00:12.094499 
00:00:12.094499 [/Devices/pci/0/Config/] (level 4)
00:00:12.094500   IOAPIC <integer> = 0x0000000000000001 (1)
00:00:12.094500 
00:00:12.094501 [/Devices/pcibridge/] (level 2)
00:00:12.094501 
00:00:12.094502 [/Devices/pckbd/] (level 2)
00:00:12.094502 
00:00:12.094503 [/Devices/pckbd/0/] (level 3)
00:00:12.094503   Trusted <integer> = 0x0000000000000001 (1)
00:00:12.094504 
00:00:12.094504 [/Devices/pckbd/0/Config/] (level 4)
00:00:12.094505 
00:00:12.094505 [/Devices/pckbd/0/LUN#0/] (level 4)
00:00:12.094506   Driver <string>  = "KeyboardQueue" (cb=14)
00:00:12.094506 
00:00:12.094506 [/Devices/pckbd/0/LUN#0/AttachedDriver/] (level 5)
00:00:12.094508   Driver <string>  = "MainKeyboard" (cb=13)
00:00:12.094508 
00:00:12.094508 [/Devices/pckbd/0/LUN#0/Config/] (level 5)
00:00:12.094509   QueueSize <integer> = 0x0000000000000040 (64, 64 B)
00:00:12.094510 
00:00:12.094510 [/Devices/pckbd/0/LUN#1/] (level 4)
00:00:12.094516   Driver <string>  = "MouseQueue" (cb=11)
00:00:12.094516 
00:00:12.094516 [/Devices/pckbd/0/LUN#1/AttachedDriver/] (level 5)
00:00:12.094517   Driver <string>  = "MainMouse" (cb=10)
00:00:12.094518 
00:00:12.094518 [/Devices/pckbd/0/LUN#1/Config/] (level 5)
00:00:12.094519   QueueSize <integer> = 0x0000000000000080 (128, 128 B)
00:00:12.094520 
00:00:12.094520 [/Devices/pcnet/] (level 2)
00:00:12.094521 
00:00:12.094521 [/Devices/piix3ide/] (level 2)
00:00:12.094522 
00:00:12.094522 [/Devices/piix3ide/0/] (level 3)
00:00:12.094523   PCIBusNo      <integer> = 0x0000000000000000 (0)
00:00:12.094523   PCIDeviceNo   <integer> = 0x0000000000000001 (1)
00:00:12.094524   PCIFunctionNo <integer> = 0x0000000000000001 (1)
00:00:12.094524   Trusted       <integer> = 0x0000000000000001 (1)
00:00:12.094525 
00:00:12.094525 [/Devices/piix3ide/0/Config/] (level 4)
00:00:12.094526   Type <string>  = "PIIX4" (cb=6)
00:00:12.094527 
00:00:12.094527 [/Devices/piix3ide/0/LUN#0/] (level 4)
00:00:12.094528   Driver <string>  = "VD" (cb=3)
00:00:12.094528 
00:00:12.094528 [/Devices/piix3ide/0/LUN#0/Config/] (level 5)
00:00:12.094529   Format    <string>  = "RAW" (cb=4)
00:00:12.094530   Mountable <integer> = 0x0000000000000001 (1)
00:00:12.094530   Path      <string>  = "C:\Users\Dell\Downloads\ubuntu-24.04.3-live-server-amd64\ubuntu-24.04.3-live-server-amd64.iso" (cb=94)
00:00:12.094531   ReadOnly  <integer> = 0x0000000000000001 (1)
00:00:12.094532   Type      <string>  = "DVD" (cb=4)
00:00:12.094532 
00:00:12.094533 [/Devices/piix3ide/0/LUN#999/] (level 4)
00:00:12.094533   Driver <string>  = "MainStatus" (cb=11)
00:00:12.094534 
00:00:12.094534 [/Devices/piix3ide/0/LUN#999/Config/] (level 5)
00:00:12.094535   DeviceInstance       <string>  = "piix3ide/0" (cb=11)
00:00:12.094536   First                <integer> = 0x0000000000000000 (0)
00:00:12.094536   HasMediumAttachments <integer> = 0x0000000000000001 (1)
00:00:12.094537   Last                 <integer> = 0x0000000000000003 (3)
00:00:12.094538   iLedSet              <integer> = 0x0000000000000003 (3)
00:00:12.094538 
00:00:12.094539 [/Devices/serial/] (level 2)
00:00:12.094539 
00:00:12.094539 [/Devices/usb-ehci/] (level 2)
00:00:12.094540 
00:00:12.094540 [/Devices/usb-ehci/0/] (level 3)
00:00:12.094541   PCIBusNo      <integer> = 0x0000000000000000 (0)
00:00:12.094542   PCIDeviceNo   <integer> = 0x000000000000000b (11)
00:00:12.094542   PCIFunctionNo <integer> = 0x0000000000000000 (0)
00:00:12.094543   Trusted       <integer> = 0x0000000000000001 (1)
00:00:12.094543 
00:00:12.094544 [/Devices/usb-ehci/0/Config/] (level 4)
00:00:12.094544 
00:00:12.094545 [/Devices/usb-ehci/0/LUN#0/] (level 4)
00:00:12.094545   Driver <string>  = "VUSBRootHub" (cb=12)
00:00:12.094546 
00:00:12.094546 [/Devices/usb-ehci/0/LUN#0/Config/] (level 5)
00:00:12.094547 
00:00:12.094547 [/Devices/usb-ehci/0/LUN#999/] (level 4)
00:00:12.094548   Driver <string>  = "MainStatus" (cb=11)
00:00:12.094549 
00:00:12.094549 [/Devices/usb-ehci/0/LUN#999/Config/] (level 5)
00:00:12.094550   First                <integer> = 0x0000000000000000 (0)
00:00:12.094551   HasMediumAttachments <integer> = 0x0000000000000000 (0)
00:00:12.094551   Last                 <integer> = 0x0000000000000000 (0)
00:00:12.094552   iLedSet              <integer> = 0x0000000000000002 (2)
00:00:12.094552 
00:00:12.094553 [/Devices/usb-ohci/] (level 2)
00:00:12.094553 
00:00:12.094554 [/Devices/usb-ohci/0/] (level 3)
00:00:12.094554   PCIBusNo      <integer> = 0x0000000000000000 (0)
00:00:12.094555   PCIDeviceNo   <integer> = 0x0000000000000006 (6)
00:00:12.094555   PCIFunctionNo <integer> = 0x0000000000000000 (0)
00:00:12.094556   Trusted       <integer> = 0x0000000000000001 (1)
00:00:12.094556 
00:00:12.094557 [/Devices/usb-ohci/0/Config/] (level 4)
00:00:12.094557 
00:00:12.094558 [/Devices/usb-ohci/0/LUN#0/] (level 4)
00:00:12.094558   Driver <string>  = "VUSBRootHub" (cb=12)
00:00:12.094559 
00:00:12.094559 [/Devices/usb-ohci/0/LUN#0/Config/] (level 5)
00:00:12.094564 
00:00:12.094565 [/Devices/usb-ohci/0/LUN#999/] (level 4)
00:00:12.094566   Driver <string>  = "MainStatus" (cb=11)
00:00:12.094566 
00:00:12.094566 [/Devices/usb-ohci/0/LUN#999/Config/] (level 5)
00:00:12.094567   First                <integer> = 0x0000000000000000 (0)
00:00:12.094568   HasMediumAttachments <integer> = 0x0000000000000000 (0)
00:00:12.094568   Last                 <integer> = 0x0000000000000000 (0)
00:00:12.094569   iLedSet              <integer> = 0x0000000000000001 (1)
00:00:12.094570 
00:00:12.094570 [/Devices/vga/] (level 2)
00:00:12.094571 
00:00:12.094571 [/Devices/vga/0/] (level 3)
00:00:12.094572   PCIBusNo      <integer> = 0x0000000000000000 (0)
00:00:12.094572   PCIDeviceNo   <integer> = 0x0000000000000002 (2)
00:00:12.094573   PCIFunctionNo <integer> = 0x0000000000000000 (0)
00:00:12.094573   Trusted       <integer> = 0x0000000000000001 (1)
00:00:12.094574 
00:00:12.094574 [/Devices/vga/0/Config/] (level 4)
00:00:12.094575   3DEnabled             <integer> = 0x0000000000000000 (0)
00:00:12.094576   CustomVideoModes      <integer> = 0x0000000000000000 (0)
00:00:12.094576   FadeIn                <integer> = 0x0000000000000001 (1)
00:00:12.094577   FadeOut               <integer> = 0x0000000000000001 (1)
00:00:12.094578   HeightReduction       <integer> = 0x0000000000000000 (0)
00:00:12.094578   LogoFile              <string>  = "" (cb=1)
00:00:12.094579   LogoTime              <integer> = 0x0000000000000000 (0)
00:00:12.094580   MonitorCount          <integer> = 0x0000000000000001 (1)
00:00:12.094580   ShowBootMenu          <integer> = 0x0000000000000002 (2)
00:00:12.094581   VMSVGA3dEnabled       <integer> = 0x0000000000000000 (0)
00:00:12.094581   VMSVGAEnabled         <integer> = 0x0000000000000001 (1)
00:00:12.094582   VMSVGAPciBarLayout    <integer> = 0x0000000000000001 (1)
00:00:12.094583   VMSVGAPciId           <integer> = 0x0000000000000001 (1)
00:00:12.094583   VRamSize              <integer> = 0x0000000001000000 (16 777 216, 16.0 MiB)
00:00:12.094585   VmSvga3               <integer> = 0x0000000000000000 (0)
00:00:12.094585   VmSvgaExposeLegacyVga <integer> = 0x0000000000000001 (1)
00:00:12.094586 
00:00:12.094586 [/Devices/vga/0/LUN#0/] (level 4)
00:00:12.094587   Driver <string>  = "MainDisplay" (cb=12)
00:00:12.094587 
00:00:12.094588 [/Devices/vga/0/LUN#0/Config/] (level 5)
00:00:12.094588 
00:00:12.094589 [/Devices/vga/0/LUN#999/] (level 4)
00:00:12.094589   Driver <string>  = "MainStatus" (cb=11)
00:00:12.094590 
00:00:12.094590 [/Devices/vga/0/LUN#999/Config/] (level 5)
00:00:12.094591   First                <integer> = 0x0000000000000000 (0)
00:00:12.094592   HasMediumAttachments <integer> = 0x0000000000000000 (0)
00:00:12.094592   Last                 <integer> = 0x0000000000000000 (0)
00:00:12.094593   iLedSet              <integer> = 0x0000000000000000 (0)
00:00:12.094593 
00:00:12.094594 [/Devices/virtio-net/] (level 2)
00:00:12.094595 
00:00:12.094595 [/EM/] (level 1)
00:00:12.094595   TripleFaultReset <integer> = 0x0000000000000000 (0)
00:00:12.094596 
00:00:12.094596 [/GCM/] (level 1)
00:00:12.094597   MesaVmsvgaDrv <integer> = 0x0000000000000001 (1)
00:00:12.094597 
00:00:12.094597 [/GIM/] (level 1)
00:00:12.094598   Provider <string>  = "KVM" (cb=4)
00:00:12.094599 
00:00:12.094599 [/HM/] (level 1)
00:00:12.094600   64bitEnabled            <integer> = 0x0000000000000001 (1)
00:00:12.094600   EnableLargePages        <integer> = 0x0000000000000001 (1)
00:00:12.094601   EnableNestedPaging      <integer> = 0x0000000000000001 (1)
00:00:12.094602   EnableUX                <integer> = 0x0000000000000001 (1)
00:00:12.094602   EnableVPID              <integer> = 0x0000000000000001 (1)
00:00:12.094603   Exclusive               <integer> = 0x0000000000000000 (0)
00:00:12.094604   HMForced                <integer> = 0x0000000000000001 (1)
00:00:12.094604   IBPBOnVMEntry           <integer> = 0x0000000000000000 (0)
00:00:12.094605   IBPBOnVMExit            <integer> = 0x0000000000000000 (0)
00:00:12.094610   L1DFlushOnSched         <integer> = 0x0000000000000001 (1)
00:00:12.094611   L1DFlushOnVMEntry       <integer> = 0x0000000000000000 (0)
00:00:12.094612   LovelyMesaDrvWorkaround <integer> = 0x0000000000000001 (1)
00:00:12.094612   MDSClearOnSched         <integer> = 0x0000000000000001 (1)
00:00:12.094613   MDSClearOnVMEntry       <integer> = 0x0000000000000000 (0)
00:00:12.094613   SpecCtrlByHost          <integer> = 0x0000000000000000 (0)
00:00:12.094614   SvmVirtVmsaveVmload     <integer> = 0x0000000000000000 (0)
00:00:12.094615   UseNEMInstead           <integer> = 0x0000000000000000 (0)
00:00:12.094615 
00:00:12.094615 [/MM/] (level 1)
00:00:12.094616   CanUseLargerHeap <integer> = 0x0000000000000000 (0)
00:00:12.094616 
00:00:12.094617 [/NEM/] (level 1)
00:00:12.094617   Allow64BitGuests        <integer> = 0x0000000000000001 (1)
00:00:12.094618   IBPBOnVMEntry           <integer> = 0x0000000000000000 (0)
00:00:12.094619   IBPBOnVMExit            <integer> = 0x0000000000000000 (0)
00:00:12.094619   L1DFlushOnSched         <integer> = 0x0000000000000001 (1)
00:00:12.094620   L1DFlushOnVMEntry       <integer> = 0x0000000000000000 (0)
00:00:12.094620   LovelyMesaDrvWorkaround <integer> = 0x0000000000000001 (1)
00:00:12.094621   MDSClearOnSched         <integer> = 0x0000000000000001 (1)
00:00:12.094622   MDSClearOnVMEntry       <integer> = 0x0000000000000000 (0)
00:00:12.094622 
00:00:12.094622 [/PDM/] (level 1)
00:00:12.094623 
00:00:12.094623 [/PDM/AsyncCompletion/] (level 2)
00:00:12.094624 
00:00:12.094624 [/PDM/AsyncCompletion/File/] (level 3)
00:00:12.094625 
00:00:12.094625 [/PDM/AsyncCompletion/File/BwGroups/] (level 4)
00:00:12.094626 
00:00:12.094626 [/PDM/BlkCache/] (level 2)
00:00:12.094627   CacheSize <integer> = 0x0000000000500000 (5 242 880, 5.0 MiB)
00:00:12.094628 
00:00:12.094628 [/PDM/Devices/] (level 2)
00:00:12.094629 
00:00:12.094629 [/PDM/Drivers/] (level 2)
00:00:12.094630 
00:00:12.094630 [/PDM/Drivers/VBoxC/] (level 3)
00:00:12.094631   Path <string>  = "VBoxC" (cb=6)
00:00:12.094631 
00:00:12.094631 [/PDM/NetworkShaper/] (level 2)
00:00:12.094632 
00:00:12.094632 [/PDM/NetworkShaper/BwGroups/] (level 3)
00:00:12.094633 
00:00:12.094633 [/TM/] (level 1)
00:00:12.094634   UTCOffset <integer> = 0x0000000000000000 (0)
00:00:12.094634 
00:00:12.094635 [/USB/] (level 1)
00:00:12.094635 
00:00:12.094635 [/USB/HidMouse/] (level 2)
00:00:12.094636 
00:00:12.094636 [/USB/HidMouse/0/] (level 3)
00:00:12.094637 
00:00:12.094637 [/USB/HidMouse/0/Config/] (level 4)
00:00:12.094638   Mode <string>  = "absolute" (cb=9)
00:00:12.094638 
00:00:12.094638 [/USB/HidMouse/0/LUN#0/] (level 4)
00:00:12.094639   Driver <string>  = "MouseQueue" (cb=11)
00:00:12.094640 
00:00:12.094640 [/USB/HidMouse/0/LUN#0/AttachedDriver/] (level 5)
00:00:12.094641   Driver <string>  = "MainMouse" (cb=10)
00:00:12.094641 
00:00:12.094642 [/USB/HidMouse/0/LUN#0/Config/] (level 5)
00:00:12.094642   QueueSize <integer> = 0x0000000000000080 (128, 128 B)
00:00:12.094643 
00:00:12.094643 [/USB/USBProxy/] (level 2)
00:00:12.094644 
00:00:12.094644 [/USB/USBProxy/GlobalConfig/] (level 3)
00:00:12.094645 
00:00:12.094645 ********************* End of CFGM dump **********************
00:00:12.094931 HM: HMR3Init: Attempting fall back to NEM: VT-x is not available
00:00:12.200294 NEM:  info: Found optional import WinHvPlatform.dll!WHvQueryGpaRangeDirtyBitmap.
00:00:12.200312 NEM:  info: Found optional import WinHvPlatform.dll!WHvResumePartitionTime.
00:00:12.200322 NEM:  info: Found optional import WinHvPlatform.dll!WHvSuspendPartitionTime.
00:00:12.200330 NEM:  info: Found optional import WinHvPlatform.dll!WHvRequestInterrupt.
00:00:12.200338 NEM:  info: Found optional import WinHvPlatform.dll!WHvGetVirtualProcessorXsaveState.
00:00:12.200347 NEM:  info: Found optional import WinHvPlatform.dll!WHvSetVirtualProcessorXsaveState.
00:00:12.200355 NEM:  info: Found optional import WinHvPlatform.dll!WHvGetVirtualProcessorState.
00:00:12.200363 NEM:  info: Found optional import WinHvPlatform.dll!WHvSetVirtualProcessorState.
00:00:12.200372 NEM:  info: Found optional import WinHvPlatform.dll!WHvGetVirtualProcessorInterruptControllerState.
00:00:12.200380 NEM:  info: Found optional import WinHvPlatform.dll!WHvSetVirtualProcessorInterruptControllerState.
00:00:12.200389 NEM:  info: Found optional import WinHvPlatform.dll!WHvGetVirtualProcessorInterruptControllerState2.
00:00:12.200397 NEM:  info: Found optional import WinHvPlatform.dll!WHvSetVirtualProcessorInterruptControllerState2.
00:00:12.200406 NEM:  info: Found optional import vid.dll!VidGetHvPartitionId.
00:00:12.200414 NEM:  info: Found optional import vid.dll!VidGetPartitionProperty.
00:00:12.200512 NEM: WHvCapabilityCodeHypervisorPresent is TRUE, so this might work...
00:00:12.200528 NEM: WHvCapabilityCodeExtendedVmExits      = 0x0000000000007fff
00:00:12.200538 NEM:                           X64CpuidExit: 1
00:00:12.200547 NEM:                             X64MsrExit: 1
00:00:12.200555 NEM:                          ExceptionExit: 1
00:00:12.200563 NEM:                           X64RdtscExit: 1
00:00:12.200570 NEM:                     X64ApicSmiExitTrap: 1
00:00:12.200578 NEM:                          HypercallExit: 1
00:00:12.200586 NEM:                X64ApicInitSipiExitTrap: 1
00:00:12.200593 NEM:              X64ApicWriteLint0ExitTrap: 1
00:00:12.200601 NEM:              X64ApicWriteLint1ExitTrap: 1
00:00:12.200608 NEM:                X64ApicWriteSvrExitTrap: 1
00:00:12.200616 NEM:                 UnknownSynicConnection: 1
00:00:12.200631 NEM:              RetargetUnknownVpciDevice: 1
00:00:12.200639 NEM:                X64ApicWriteLdrExitTrap: 1
00:00:12.200647 NEM:                X64ApicWriteDfrExitTrap: 1
00:00:12.200655 NEM:                     GpaAccessFaultExit: 1
00:00:12.200663 NEM: WHvCapabilityCodeFeatures             = 0x00000000000002ff
00:00:12.200671 NEM:                           PartialUnmap: 1
00:00:12.200679 NEM:                     LocalApicEmulation: 1
00:00:12.200686 NEM:                                  Xsave: 1
00:00:12.200694 NEM:                      DirtyPageTracking: 1
00:00:12.200702 NEM:                     SpeculationControl: 1
00:00:12.200710 NEM:                         ApicRemoteRead: 1
00:00:12.200717 NEM:                            IdleSuspend: 1
00:00:12.200725 NEM:                VirtualPciDeviceSupport: 1
00:00:12.200733 NEM:                           IommuSupport: 0
00:00:12.200740 NEM:                         VpHotAddRemove: 1
00:00:12.200794 NEM: Supported xsave features: 0x383f
00:00:12.200813 NEM:                           XsaveSupport: 1
00:00:12.200823 NEM:                        XsaveoptSupport: 1
00:00:12.200831 NEM:                             AvxSupport: 1
00:00:12.200839 NEM:                            Avx2Support: 1
00:00:12.200846 NEM:                             FmaSupport: 1
00:00:12.200854 NEM:                             MpxSupport: 1
00:00:12.200862 NEM:                          Avx512Support: 0
00:00:12.200869 NEM:                        Avx512DQSupport: 0
00:00:12.200877 NEM:                        Avx512BWSupport: 0
00:00:12.200884 NEM:                        Avx512VLSupport: 0
00:00:12.200892 NEM:                       XsaveCompSupport: 1
00:00:12.200900 NEM:                 XsaveSupervisorSupport: 1
00:00:12.200907 NEM:                            Xcr1Support: 1
00:00:12.200915 NEM:                    Avx512BitalgSupport: 0
00:00:12.200923 NEM:                      Avx512IfmaSupport: 0
00:00:12.200930 NEM:                      Avx512VBmiSupport: 0
00:00:12.200938 NEM:                     Avx512VBmi2Support: 0
00:00:12.200945 NEM:                      Avx512VnniSupport: 0
00:00:12.200953 NEM:                            GfniSupport: 0
00:00:12.200960 NEM:                            VaesSupport: 0
00:00:12.200968 NEM:                 Avx512VPopcntdqSupport: 0
00:00:12.200976 NEM:                      VpclmulqdqSupport: 0
00:00:12.200983 NEM:                      Avx512Bf16Support: 0
00:00:12.200991 NEM:              Avx512Vp2IntersectSupport: 0
00:00:12.200998 NEM:                      Avx512Fp16Support: 0
00:00:12.201006 NEM:                             XfdSupport: 0
00:00:12.201014 NEM:                         AmxTileSupport: 0
00:00:12.201021 NEM:                         AmxBf16Support: 0
00:00:12.201029 NEM:                         AmxInt8Support: 0
00:00:12.201036 NEM:                         AvxVnniSupport: 0
00:00:12.201044 NEM: Supported exception exit bitmap: 0xf7dfb
00:00:12.201084 NEM: WHvCapabilityCodeProcessorVendor      = 1 - Intel
00:00:12.201124 NEM: WHvCapabilityCodeProcessorFeatures    = 0x100178ffe7f7859f
00:00:12.201134 NEM:                            Sse3Support: 1
00:00:12.201142 NEM:                        LahfSahfSupport: 1
00:00:12.201149 NEM:                           Ssse3Support: 1
00:00:12.201159 NEM:                          Sse4_1Support: 1
00:00:12.201168 NEM:                          Sse4_2Support: 1
00:00:12.201176 NEM:                           Sse4aSupport: 0
00:00:12.201184 NEM:                             XopSupport: 0
00:00:12.201191 NEM:                          PopCntSupport: 1
00:00:12.201199 NEM:                      Cmpxchg16bSupport: 1
00:00:12.201207 NEM:                       Altmovcr8Support: 0
00:00:12.201214 NEM:                           LzcntSupport: 1
00:00:12.201222 NEM:                     MisAlignSseSupport: 0
00:00:12.201230 NEM:                          MmxExtSupport: 0
00:00:12.201237 NEM:                        Amd3DNowSupport: 0
00:00:12.201245 NEM:                ExtendedAmd3DNowSupport: 0
00:00:12.201252 NEM:                         Page1GbSupport: 1
00:00:12.201260 NEM:                             AesSupport: 1
00:00:12.201268 NEM:                       PclmulqdqSupport: 1
00:00:12.201275 NEM:                            PcidSupport: 1
00:00:12.201283 NEM:                            Fma4Support: 0
00:00:12.201291 NEM:                            F16CSupport: 1
00:00:12.201298 NEM:                          RdRandSupport: 1
00:00:12.201306 NEM:                        RdWrFsGsSupport: 1
00:00:12.201314 NEM:                            SmepSupport: 1
00:00:12.201321 NEM:              EnhancedFastStringSupport: 1
00:00:12.201329 NEM:                            Bmi1Support: 1
00:00:12.201336 NEM:                            Bmi2Support: 1
00:00:12.201344 NEM:                              Reserved1: 0
00:00:12.201352 NEM:                           MovbeSupport: 1
00:00:12.201359 NEM:                          Npiep1Support: 1
00:00:12.201367 NEM:                   DepX87FPUSaveSupport: 1
00:00:12.201375 NEM:                          RdSeedSupport: 1
00:00:12.201382 NEM:                             AdxSupport: 1
00:00:12.201390 NEM:                   IntelPrefetchSupport: 1
00:00:12.201397 NEM:                            SmapSupport: 1
00:00:12.201405 NEM:                             HleSupport: 1
00:00:12.201413 NEM:                             RtmSupport: 1
00:00:12.201420 NEM:                          RdtscpSupport: 1
00:00:12.201428 NEM:                      ClflushoptSupport: 1
00:00:12.201436 NEM:                            ClwbSupport: 0
00:00:12.201443 NEM:                             ShaSupport: 0
00:00:12.201451 NEM:                X87PointersSavedSupport: 0
00:00:12.201459 NEM:                         InvpcidSupport: 1
00:00:12.201466 NEM:                            IbrsSupport: 1
00:00:12.201474 NEM:                           StibpSupport: 1
00:00:12.201482 NEM:                            IbpbSupport: 1
00:00:12.201489 NEM:                              Reserved2: 0
00:00:12.201497 NEM:                            SsbdSupport: 1
00:00:12.201505 NEM:                 FastShortRepMovSupport: 0
00:00:12.201512 NEM:                              Reserved3: 0
00:00:12.201520 NEM:                                 RdclNo: 0
00:00:12.201527 NEM:                         IbrsAllSupport: 0
00:00:12.201535 NEM:                              Reserved4: 0
00:00:12.201543 NEM:                                  SsbNo: 0
00:00:12.201550 NEM:                                 RsbANo: 0
00:00:12.201558 NEM:                              Reserved5: 0
00:00:12.201566 NEM:                           RdPidSupport: 0
00:00:12.201574 NEM:                            UmipSupport: 0
00:00:12.201581 NEM:                           MdsNoSupport: 0
00:00:12.201589 NEM:                         MdClearSupport: 1
00:00:12.201596 NEM:                           TaaNoSupport: 0
00:00:12.201604 NEM:                         TsxCtrlSupport: 0
00:00:12.201612 NEM:                              Reserved6: 0
00:00:12.201633 NEM: WHvCapabilityCodeProcessorClFlushSize = 2^8
00:00:12.201642 NEM: Warning! Unknown capability 0x4 returning: 3f 00 00 00 00 00 00 00 00 00 00 00 00 00 00 00 00 00 00 00 00 00 00 00
00:00:12.201652 NEM: Warning! Unknown capability 0x5 returning: 03 00 00 00 00 00 00 00 00 00 00 00 00 00 00 00 00 00 00 00 00 00 00 00
00:00:12.201708 NEM: Warning! Unknown capability 0x6 returning: 00 00 00 00 00 00 00 00 00 00 00 00 00 00 00 00 00 00 00 00 00 00 00 00
00:00:12.202810 NEM: Warning! Unknown capability 0x1003 returning: 3f 38 00 00 00 00 00 00 00 00 00 00 00 00 00 00 00 00 00 00 00 00 00 00
00:00:12.202850 NEM: Warning! Unknown capability 0x1004 returning: 3d ae 5e a7 00 00 00 00 00 00 00 00 00 00 00 00 00 00 00 00 00 00 00 00
00:00:12.202862 NEM: Warning! Unknown capability 0x1005 returning: 00 c2 eb 0b 00 00 00 00 00 00 00 00 00 00 00 00 00 00 00 00 00 00 00 00
00:00:12.202872 NEM: Warning! Unknown capability 0x1006 returning: 02 00 00 00 00 00 00 00 9f 85 f7 e7 ff 78 01 10 41 00 06 00 00 00 00 00
00:00:12.202882 NEM: Warning! Unknown capability 0x1007 returning: 00 00 00 00 00 00 00 00 00 00 00 00 00 00 00 00 00 00 00 00 00 00 00 00
00:00:12.202907 NEM: Warning! Unknown capability 0x1008 returning: 01 00 00 00 00 00 00 00 ff 8f 44 7f 00 00 00 00 00 00 00 00 00 00 00 00
00:00:12.202924 NEM: Warning! Unknown capability 0x1009 returning: 03 00 00 00 00 00 00 00 00 00 00 00 00 00 00 00 00 00 00 00 00 00 00 00
00:00:12.204703 NEM: Created partition 000001e5345fb240.
00:00:12.204741 NEM: Adjusting APIC configuration from X2APIC to APIC max mode.  X2APIC is not supported by the WinHvPlatform API!
00:00:12.204760 NEM: Disable Hyper-V if you need X2APIC for your guests!
00:00:12.204809 PGM: Enabling NEM mode
00:00:12.205145 NEM:
00:00:12.205146 NEM: NEMR3Init: Snail execution mode is active!
00:00:12.205146 NEM: Note! VirtualBox is not able to run at its full potential in this execution mode.
00:00:12.205146 NEM:       To see VirtualBox run at max speed you need to disable all Windows features
00:00:12.205147 NEM:       making use of Hyper-V.  That is a moving target, so google how and carefully
00:00:12.205147 NEM:       consider the consequences of disabling these features.
00:00:12.205147 NEM:
00:00:12.205182 CPUM: No hardware-virtualization capability detected
00:00:12.205197 CPUM: fXStateHostMask=0x7; host XCR0=0x1f
00:00:12.207040 CPUM: Matched host CPU INTEL 0x6/0x4e/0x3 Intel_Core7_Skylake with CPU DB entry 'Intel Core i7-6700K' (INTEL 0x6/0x5e/0x3 Intel_Core7_Skylake)
00:00:12.207317 CPUM: MXCSR_MASK=0xffff (host: 0xffff)
00:00:12.207388 CPUM: Microcode revision 0x000000D6
00:00:12.207421 CPUM: Changing leaf 13[0]: EBX=0x440 -> 0x340, ECX=0x440 -> 0x340
00:00:12.207477 CPUM: MSR/CPUID reconciliation insert: 0x0000010b IA32_FLUSH_CMD
00:00:12.207494 CPUM: MSR/CPUID reconciliation insert: 0x0000010a IA32_ARCH_CAPABILITIES
00:00:12.207519 CPUM: MSR fudge: 0x00000122 IA32_TSX_CTRL
00:00:12.207533 CPUM: MSR fudge: 0x00000123 IA32_MCU_OPT_CTRL
00:00:12.207563 CPUM: SetGuestCpuIdFeature: Enabled SYSENTER/EXIT
00:00:12.207576 CPUM: SetGuestCpuIdFeature: Enabled SYSCALL/RET
00:00:12.207586 CPUM: SetGuestCpuIdFeature: Enabled PAE
00:00:12.207596 CPUM: SetGuestCpuIdFeature: Enabled LAHF/SAHF
00:00:12.207606 CPUM: SetGuestCpuIdFeature: Enabled NX
00:00:12.207617 CPUM: SetGuestCpuIdFeature: Enabled LONG MODE
00:00:12.207630 CPUM: Enabled MTRR read-write support
00:00:12.207650 CPUM: Enabled fixed-range MTRRs and 16 (virtualized) variable-range MTRRs
00:00:12.219030 NEM: HvPartitionPropertyProcessorVendor=0x1 (1)
00:00:12.219263 NEM: cbXSaveArea=960
00:00:12.219327 NEM: Default XSAVE area returned by Hyper-V
00:00:12.219329 0000000bb77fd5b0/0000: 00 00 00 00 00 00 00 00-00 00 00 00 00 00 00 00 ................
00:00:12.219332 0000000bb77fd5c0/0010: 00 00 00 00 00 00 00 00-80 1f 00 00 ff ff 00 00 ................
00:00:12.219335 0000000bb77fd5d0/0020: 00 00 00 00 00 00 00 00-00 00 00 00 00 00 00 00 ................
00:00:12.219337 0000000bb77fd5e0/0030: 00 00 00 00 00 00 00 00-00 00 00 00 00 00 00 00 ................
00:00:12.219339 0000000bb77fd5f0/0040: 00 00 00 00 00 00 00 00-00 00 00 00 00 00 00 00 ................
00:00:12.219341 0000000bb77fd600/0050: 00 00 00 00 00 00 00 00-00 00 00 00 00 00 00 00 ................
00:00:12.219343 0000000bb77fd610/0060: 00 00 00 00 00 00 00 00-00 00 00 00 00 00 00 00 ................
00:00:12.219346 0000000bb77fd620/0070: 00 00 00 00 00 00 00 00-00 00 00 00 00 00 00 00 ................
00:00:12.219348 0000000bb77fd630/0080: 00 00 00 00 00 00 00 00-00 00 00 00 00 00 00 00 ................
00:00:12.219350 0000000bb77fd640/0090: 00 00 00 00 00 00 00 00-00 00 00 00 00 00 00 00 ................
00:00:12.219352 0000000bb77fd650/00a0: 00 00 00 00 00 00 00 00-00 00 00 00 00 00 00 00 ................
00:00:12.219354 0000000bb77fd660/00b0: 00 00 00 00 00 00 00 00-00 00 00 00 00 00 00 00 ................
00:00:12.219356 0000000bb77fd670/00c0: 00 00 00 00 00 00 00 00-00 00 00 00 00 00 00 00 ................
00:00:12.219359 0000000bb77fd680/00d0: 00 00 00 00 00 00 00 00-00 00 00 00 00 00 00 00 ................
00:00:12.219361 0000000bb77fd690/00e0: 00 00 00 00 00 00 00 00-00 00 00 00 00 00 00 00 ................
00:00:12.219363 0000000bb77fd6a0/00f0: 00 00 00 00 00 00 00 00-00 00 00 00 00 00 00 00 ................
00:00:12.219365 0000000bb77fd6b0/0100: 00 00 00 00 00 00 00 00-00 00 00 00 00 00 00 00 ................
00:00:12.219367 0000000bb77fd6c0/0110: 00 00 00 00 00 00 00 00-00 00 00 00 00 00 00 00 ................
00:00:12.219369 0000000bb77fd6d0/0120: 00 00 00 00 00 00 00 00-00 00 00 00 00 00 00 00 ................
00:00:12.219372 0000000bb77fd6e0/0130: 00 00 00 00 00 00 00 00-00 00 00 00 00 00 00 00 ................
00:00:12.219374 0000000bb77fd6f0/0140: 00 00 00 00 00 00 00 00-00 00 00 00 00 00 00 00 ................
00:00:12.219376 0000000bb77fd700/0150: 00 00 00 00 00 00 00 00-00 00 00 00 00 00 00 00 ................
00:00:12.219378 0000000bb77fd710/0160: 00 00 00 00 00 00 00 00-00 00 00 00 00 00 00 00 ................
00:00:12.219380 0000000bb77fd720/0170: 00 00 00 00 00 00 00 00-00 00 00 00 00 00 00 00 ................
00:00:12.219382 0000000bb77fd730/0180: 00 00 00 00 00 00 00 00-00 00 00 00 00 00 00 00 ................
00:00:12.219385 0000000bb77fd740/0190: 00 00 00 00 00 00 00 00-00 00 00 00 00 00 00 00 ................
00:00:12.219387 0000000bb77fd750/01a0: 00 00 00 00 00 00 00 00-00 00 00 00 00 00 00 00 ................
00:00:12.219389 0000000bb77fd760/01b0: 00 00 00 00 00 00 00 00-00 00 00 00 00 00 00 00 ................
00:00:12.219391 0000000bb77fd770/01c0: 00 00 00 00 00 00 00 00-00 00 00 00 00 00 00 00 ................
00:00:12.219393 0000000bb77fd780/01d0: 00 00 00 00 00 00 00 00-00 00 00 00 00 00 00 00 ................
00:00:12.219395 0000000bb77fd790/01e0: 00 00 00 00 00 00 00 00-00 00 00 00 00 00 00 00 ................
00:00:12.219398 0000000bb77fd7a0/01f0: 00 00 00 00 00 00 00 00-00 00 00 00 00 00 00 00 ................
00:00:12.219400 0000000bb77fd7b0/0200: 02 00 00 00 00 00 00 00-1f 00 00 00 00 00 00 80 ................
00:00:12.219402 0000000bb77fd7c0/0210: 00 00 00 00 00 00 00 00-00 00 00 00 00 00 00 00 ................
00:00:12.219404 0000000bb77fd7d0/0220: 00 00 00 00 00 00 00 00-00 00 00 00 00 00 00 00 ................
00:00:12.219406 0000000bb77fd7e0/0230: 00 00 00 00 00 00 00 00-00 00 00 00 00 00 00 00 ................
00:00:12.219408 0000000bb77fd7f0/0240: 00 00 00 00 00 00 00 00-00 00 00 00 00 00 00 00 ................
00:00:12.219411 0000000bb77fd800/0250: 00 00 00 00 00 00 00 00-00 00 00 00 00 00 00 00 ................
00:00:12.219413 0000000bb77fd810/0260: 00 00 00 00 00 00 00 00-00 00 00 00 00 00 00 00 ................
00:00:12.219415 0000000bb77fd820/0270: 00 00 00 00 00 00 00 00-00 00 00 00 00 00 00 00 ................
00:00:12.219417 0000000bb77fd830/0280: 00 00 00 00 00 00 00 00-00 00 00 00 00 00 00 00 ................
00:00:12.219419 0000000bb77fd840/0290: 00 00 00 00 00 00 00 00-00 00 00 00 00 00 00 00 ................
00:00:12.219421 0000000bb77fd850/02a0: 00 00 00 00 00 00 00 00-00 00 00 00 00 00 00 00 ................
00:00:12.219424 0000000bb77fd860/02b0: 00 00 00 00 00 00 00 00-00 00 00 00 00 00 00 00 ................
00:00:12.219426 0000000bb77fd870/02c0: 00 00 00 00 00 00 00 00-00 00 00 00 00 00 00 00 ................
00:00:12.219428 0000000bb77fd880/02d0: 00 00 00 00 00 00 00 00-00 00 00 00 00 00 00 00 ................
00:00:12.219430 0000000bb77fd890/02e0: 00 00 00 00 00 00 00 00-00 00 00 00 00 00 00 00 ................
00:00:12.219432 0000000bb77fd8a0/02f0: 00 00 00 00 00 00 00 00-00 00 00 00 00 00 00 00 ................
00:00:12.219434 0000000bb77fd8b0/0300: 00 00 00 00 00 00 00 00-00 00 00 00 00 00 00 00 ................
00:00:12.219437 0000000bb77fd8c0/0310: 00 00 00 00 00 00 00 00-00 00 00 00 00 00 00 00 ................
00:00:12.219439 0000000bb77fd8d0/0320: 00 00 00 00 00 00 00 00-00 00 00 00 00 00 00 00 ................
00:00:12.219441 0000000bb77fd8e0/0330: 00 00 00 00 00 00 00 00-00 00 00 00 00 00 00 00 ................
00:00:12.219443 0000000bb77fd8f0/0340: 00 00 00 00 00 00 00 00-00 00 00 00 00 00 00 00 ................
00:00:12.219445 0000000bb77fd900/0350: 00 00 00 00 00 00 00 00-00 00 00 00 00 00 00 00 ................
00:00:12.219447 0000000bb77fd910/0360: 00 00 00 00 00 00 00 00-00 00 00 00 00 00 00 00 ................
00:00:12.219449 0000000bb77fd920/0370: 00 00 00 00 00 00 00 00-00 00 00 00 00 00 00 00 ................
00:00:12.219452 0000000bb77fd930/0380: 00 00 00 00 00 00 00 00-00 00 00 00 00 00 00 00 ................
00:00:12.219454 0000000bb77fd940/0390: 00 00 00 00 00 00 00 00-00 00 00 00 00 00 00 00 ................
00:00:12.219456 0000000bb77fd950/03a0: 00 00 00 00 00 00 00 00-00 00 00 00 00 00 00 00 ................
00:00:12.219458 0000000bb77fd960/03b0: 00 00 00 00 00 00 00 00-00 00 00 00 00 00 00 00 ................
00:00:12.219481 NEM: Successfully set up partition (device handle 00000000000011c9, partition ID 0x0)
00:00:12.219811 PGM: Host paging mode: AMD64+NX
00:00:12.219839 PGM: PGMPool: cMaxPages=1280 (u64MaxPages=1058)
00:00:12.219850 PGM: pgmR3PoolInit: cMaxPages=0x500 cMaxUsers=0xa00 cMaxPhysExts=0xa00 fCacheEnable=true
00:00:12.246793 SUPLib: MEM_LARGE_PAGES privilege not held.
00:00:12.305221 TM: GIP - u32Mode=3 (Invariant) u32UpdateHz=93 u32UpdateIntervalNS=10741500 enmUseTscDelta=2 (Practically Zero) fGetGipCpu=0x1b cCpus=4
00:00:12.305249 TM: GIP - u64CpuHz=2 807 999 992 (0xa75eadf8)  SUPGetCpuHzFromGip => 2 807 999 992
00:00:12.305265 TM: GIP - CPU: iCpuSet=0x0 idCpu=0x0 idApic=0x0 iGipCpu=0x0 i64TSCDelta=0 enmState=3 u64CpuHz=2807999992(*) cErrors=0
00:00:12.305280 TM: GIP - CPU: iCpuSet=0x1 idCpu=0x1 idApic=0x1 iGipCpu=0x1 i64TSCDelta=0 enmState=3 u64CpuHz=2807990191(*) cErrors=0
00:00:12.305294 TM: GIP - CPU: iCpuSet=0x2 idCpu=0x2 idApic=0x2 iGipCpu=0x2 i64TSCDelta=0 enmState=3 u64CpuHz=2807994595(*) cErrors=0
00:00:12.305308 TM: GIP - CPU: iCpuSet=0x3 idCpu=0x3 idApic=0x3 iGipCpu=0x3 i64TSCDelta=0 enmState=3 u64CpuHz=2807999113(*) cErrors=0
00:00:12.305327 TM: NEM overrides the /TM/TSCModeSwitchAllowed setting.
00:00:12.305373 TM:     cTSCTicksPerSecond=2 807 999 992 (0xa75eadf8) enmTSCMode=4 (NativeApi) TSCMultiplier=1
00:00:12.305386 TM: cTSCTicksPerSecondHost=2 807 999 992 (0xa75eadf8)
00:00:12.305388 TM: TSCTiedToExecution=false TSCNotTiedToHalt=false
00:00:12.310547 EMR3Init: fIemExecutesAll=false fGuruOnTripleFault=true
00:00:12.311480 IEM: TargetCpu=CURRENT, Microarch=Intel_Core7_Skylake aidxTargetCpuEflFlavour={1,0}
00:00:12.315378 GIM: Using provider 'KVM' (Implementation version: 0)
00:00:12.315413 CPUM: SetGuestCpuIdFeature: Enabled Hypervisor Present bit
00:00:12.315532 GCM: Initialized - Fixer bits: 0x8 (MesaVmsvgaDrv)
00:00:12.315996 AIOMgr: Default manager type is 'Async'
00:00:12.316013 AIOMgr: Default file backend is 'NonBuffered'
00:00:12.316293 BlkCache: Cache successfully initialized. Cache size is 5242880 bytes
00:00:12.316309 BlkCache: Cache commit interval is 10000 ms
00:00:12.316324 BlkCache: Cache commit threshold is 2621440 bytes
00:00:13.283637 PcBios: [SMP] BIOS with 1 CPUs
00:00:13.283732 PcBios: Using the 386+ BIOS image.
00:00:13.284163 PcBios: MPS table at 000e1300
00:00:13.285307 PcBios: fCheckShutdownStatusForSoftReset=true  fClearShutdownStatusOnHardReset=true
00:00:13.286670 PDM: VirtualBox APIC backend registered
00:00:13.286697 CPUM: SetGuestCpuIdFeature: Enabled xAPIC
00:00:13.293105 IOAPIC: Version=2.0 ChipType=ICH9
00:00:13.293435 PIT: mode=3 count=0x10000 (65536) - 18.20 Hz (ch=0)
00:00:13.293990 VMMDev: cbDefaultBudget: 352 803 840 (15075c00)
00:00:13.318126 Shared Folders service loaded
00:00:13.337684 Guest Control service loaded
00:00:13.415030 VGA: Using the 386+ BIOS image.
00:00:13.419653 DrvVD: Flushes will be ignored
00:00:13.419682 DrvVD: Async flushes will be passed to the disk
00:00:13.421916 VD: VDInit finished with VINF_SUCCESS
00:00:13.422719 AIOMgr: Endpoint for file 'C:\Users\Dell\VirtualBox VMs\ubuntu\ubuntu.vdi' (flags 000c0723) created successfully
00:00:13.423958 VD: Opening the disk took 2486613 ns
00:00:13.424231 AHCI: LUN#0: disk, PCHS=16383/16/63, total number of sectors 52428800
00:00:13.424627 AHCI#0: Reset the HBA
00:00:13.424642 VD#0: Cancelling all active requests
00:00:13.426642 DrvVD: Flushes will be ignored
00:00:13.426674 DrvVD: Async flushes will be passed to the disk
00:00:13.426871 VD: Opening the disk took 168938 ns
00:00:13.427051 PIIX3 ATA: LUN#0: CD/DVD, total number of sectors 1613010, passthrough disabled
00:00:13.427178 PIIX3 ATA: LUN#1: no unit
00:00:13.427286 PIIX3 ATA: LUN#2: no unit
00:00:13.427308 PIIX3 ATA: LUN#3: no unit
00:00:13.427398 PIIX3 ATA: Ctl#0: finished processing RESET
00:00:13.427472 PIIX3 ATA: Ctl#1: finished processing RESET
00:00:13.427716 E1000#0: Chip=82540EM LinkUpDelay=5000ms EthernetCRC=on GSO=enabled Itr=disabled ItrRx=enabled TID=disabled R0=disabled RC=disabled
00:00:13.455358 AC97: Using codec 'AD1980'
00:00:13.494388 WasAPI: Input device is: {Default} (iface 000001e5327ec110)
00:00:13.496029 WasAPI: Output device is: {Default} (iface 000001e5327ec480)
00:00:13.503714 Audio: Found 4 devices for driver 'WasAPI'
00:00:13.503745 Audio: Device 'Speakers / Headphones (Realtek High Definition Audio)':
00:00:13.503746 Audio:   ID              = {0.0.0.00000000}.{86fb4959-e466-4ce9-86ea-a8e5e34d51ea}
00:00:13.503746 Audio:   Usage           = output
00:00:13.503747 Audio:   Flags           = DEFAULT_OUT
00:00:13.503747 Audio:   Input channels  = 0
00:00:13.503748 Audio:   Output channels = 2
00:00:13.503758 Audio: Device 'Speakers / Headphones (Realtek High Definition Audio)':
00:00:13.503759 Audio:   ID              = {0.0.0.00000000}.{86fb4959-e466-4ce9-86ea-a8e5e34d51ea}
00:00:13.503759 Audio:   Usage           = output
00:00:13.503759 Audio:   Flags           = NONE
00:00:13.503760 Audio:   Input channels  = 0
00:00:13.503760 Audio:   Output channels = 2
00:00:13.503769 Audio: Device 'Microphone Array (Realtek High Definition Audio)':
00:00:13.503770 Audio:   ID              = {0.0.1.00000000}.{ededdc99-505a-4112-b4a1-32d1a08fe1e8}
00:00:13.503770 Audio:   Usage           = input
00:00:13.503770 Audio:   Flags           = DEFAULT_IN
00:00:13.503771 Audio:   Input channels  = 2
00:00:13.503771 Audio:   Output channels = 0
00:00:13.503780 Audio: Device 'Microphone Array (Realtek High Definition Audio)':
00:00:13.503781 Audio:   ID              = {0.0.1.00000000}.{ededdc99-505a-4112-b4a1-32d1a08fe1e8}
00:00:13.503781 Audio:   Usage           = input
00:00:13.503781 Audio:   Flags           = NONE
00:00:13.503782 Audio:   Input channels  = 2
00:00:13.503782 Audio:   Output channels = 0
00:00:13.504258 AC97: Reset
00:00:13.504280 AC97: Mixer reset (EAID=0x809, EACS=0x9)
00:00:13.504290 AC97: Record select to left=mic, right=mic
00:00:13.504300 Audio Mixer: MUTING master volume of 'AC'97 Mixer' -- channel volumes: ff ff ff ff ff ff ff ff ff ff ff ff
00:00:13.504325 Audio Mixer: MUTING sink 'AC'97 Mixer/Line In' -- channel volumes: 00 00 00 00 00 00 00 00 00 00 00 00
00:00:13.504343 Audio Mixer: MUTING sink 'AC'97 Mixer/Microphone In' -- channel volumes: 00 00 00 00 00 00 00 00 00 00 00 00
00:00:13.504355 Audio Mixer: MUTING sink 'AC'97 Mixer/PCM Output' -- channel volumes: 00 00 00 00 00 00 00 00 00 00 00 00
00:00:13.504372 Audio Mixer: MUTING sink 'AC'97 Mixer/PCM Output' -- channel volumes: 00 00 00 00 00 00 00 00 00 00 00 00
00:00:13.504395 Audio Mixer: MUTING sink 'AC'97 Mixer/Line In' -- channel volumes: 00 00 00 00 00 00 00 00 00 00 00 00
00:00:13.504411 Audio Mixer: MUTING sink 'AC'97 Mixer/Line In' -- channel volumes: 00 00 00 00 00 00 00 00 00 00 00 00
00:00:13.504422 Audio Mixer: MUTING sink 'AC'97 Mixer/Microphone In' -- channel volumes: 00 00 00 00 00 00 00 00 00 00 00 00
00:00:13.507342 VUSB: Attached 'HidMouse' to port 1 on RootHub#1 (FullSpeed)
00:00:13.507384 PGM: The CPU physical address width is 39 bits
00:00:13.507408 PGM: PGMR3InitFinalize: 4 MB PSE mask 0000007fffffffff -> VINF_SUCCESS
00:00:13.507425 TM: TMR3InitFinalize: fTSCModeSwitchAllowed=false
00:00:13.508504 CPUM: Mapped 1.0MiB (1048576 bytes) of RAM using fixed-range MTRRs
00:00:13.508542 CPUM: Mapped 2.0GiB (2147483648 bytes) of RAM using 1 variable-range MTRRs
00:00:13.508681 CPUM: Host IA32_ARCH_CAPABILITIES  = 0x4
00:00:13.508684 CPUM: Guest IA32_ARCH_CAPABILITIES = 0x4
00:00:13.508708 VMM: Thread-context hooks unavailable
00:00:13.508718 VMM: RTThreadPreemptIsPending() can be trusted
00:00:13.508727 VMM: Kernel preemption is possible
00:00:13.508763 EM: Exit history optimizations: enabled=true enabled-r0=true enabled-r0-no-preemption=false
00:00:13.509244 AIOMgr: Async flushes not supported
00:00:13.509281 PcBios: SATA LUN#0 LCHS=1024/255/63
00:00:13.509301 APIC: fPostedIntrsEnabled=false fVirtApicRegsEnabled=false fSupportsTscDeadline=false
00:00:13.509314 TMR3UtcNow: nsNow=1 762 947 490 023 522 200 nsPrev=0 -> cNsDelta=1 762 947 490 023 522 200 (offLag=0 offVirtualSync=0 offVirtualSyncGivenUp=0, NowAgain=1 762 947 490 023 522 200)
00:00:13.509330 VMM: fUsePeriodicPreemptionTimers=true
00:00:13.509342 CPUM: Logical host processors: 4 present, 4 max, 4 online, online mask: 000000000000000f
00:00:13.509343 CPUM: Physical host cores: 2
00:00:13.509344 ************************ CPUID dump *************************
00:00:13.510738          Raw Standard CPUID Leaves
00:00:13.510739      Leaf/sub-leaf  eax      ebx      ecx      edx
00:00:13.510747 Gst: 00000000/0000  00000016 756e6547 6c65746e 49656e69
00:00:13.510749 Hst:                00000016 756e6547 6c65746e 49656e69
00:00:13.510750 Gst: 00000001/0000  000406e3 00010800 f6da3203 178bfbff
00:00:13.510751 Hst:                000406e3 03100800 ffdaf38f bfebfbff
00:00:13.510752 Gst: 00000002/0000  76036301 00f0b5ff 00000000 00c30000
00:00:13.510754 Hst:                76036301 00f0b5ff 00000000 00c30000
00:00:13.510754 Gst: 00000003/0000  00000000 00000000 00000000 00000000
00:00:13.510755 Hst:                00000000 00000000 00000000 00000000
00:00:13.510756 Gst: 00000004/0000  00000121 01c0003f 0000003f 00000000
00:00:13.510757 Hst:                1c004121 01c0003f 0000003f 00000000
00:00:13.510758 Gst: 00000004/0001  00000122 01c0003f 0000003f 00000000
00:00:13.510759 Hst:                1c004122 01c0003f 0000003f 00000000
00:00:13.510760 Gst: 00000004/0002  00000143 00c0003f 000003ff 00000000
00:00:13.510761 Hst:                1c004143 00c0003f 000003ff 00000000
00:00:13.510762 Gst: 00000004/0003  00000163 03c0003f 00000fff 00000006
00:00:13.510763 Hst:                1c03c163 03c0003f 00000fff 00000006
00:00:13.510763 Gst: 00000004/0004  00000000 00000000 00000000 00000000
00:00:13.510764 Hst:                00000000 00000000 00000000 00000000
00:00:13.510765 Gst: 00000005/0000  00000000 00000000 00000000 00000000
00:00:13.510766 Hst:                00000040 00000040 00000003 00042120
00:00:13.510767 Gst: 00000006/0000  00000004 00000000 00000000 00000000
00:00:13.510768 Hst:                000007f3 00000002 00000009 00000000
00:00:13.510768 Gst: 00000007/0000  00000000 008c2529 00000000 30000400
00:00:13.510769 Hst:                00000000 009c6fb9 00000000 bc000400
00:00:13.510770 Gst: 00000007/0001  00000000 00000000 00000000 00000000
00:00:13.510771 Hst:                00000000 00000000 00000000 00000000
00:00:13.510772 Gst: 00000007/0002  00000000 00000000 00000000 00000000
00:00:13.510773 Hst:                00000000 00000000 00000000 00000000
00:00:13.510773 Gst: 00000008/0000  00000000 00000000 00000000 00000000
00:00:13.510774 Hst:                00000000 00000000 00000000 00000000
00:00:13.510775 Gst: 00000009/0000  00000000 00000000 00000000 00000000
00:00:13.510776 Hst:                00000000 00000000 00000000 00000000
00:00:13.510777 Gst: 0000000a/0000  00000000 00000000 00000000 00000000
00:00:13.510777 Hst:                07300404 00000000 00000000 00000603
00:00:13.510778 Gst: 0000000b/0000  00000000 00000001 00000100 00000000
00:00:13.510779 Hst:                00000001 00000002 00000100 00000003
00:00:13.510780 Gst: 0000000b/0001  00000001 00000001 00000201 00000000
00:00:13.510781 Hst:                00000004 00000004 00000201 00000003
00:00:13.510782 Gst: 0000000b/0002  00000000 00000000 00000002 00000000
00:00:13.510782 Hst:                00000000 00000000 00000002 00000003
00:00:13.510783 Gst: 0000000c/0000  00000000 00000000 00000000 00000000
00:00:13.510784 Hst:                00000000 00000000 00000000 00000000
00:00:13.510785 Gst: 0000000d/0000  00000007 00000340 00000340 00000000
00:00:13.510786 Hst:                0000001f 00000440 00000440 00000000
00:00:13.510786 Gst: 0000000d/0001  00000000 000003c0 00000000 00000000
00:00:13.510787 Hst:                0000000f 000003c0 00000000 00000000
00:00:13.510788 Gst: 0000000d/0002  00000100 00000240 00000000 00000000
00:00:13.510789 Hst:                00000100 00000240 00000000 00000000
00:00:13.510790 Gst: 0000000d/0003  00000000 00000000 00000000 00000000
00:00:13.510790 Hst:                00000040 000003c0 00000000 00000000
00:00:13.510791 Gst: 0000000d/0004  00000000 00000000 00000000 00000000
00:00:13.510792 Hst:                00000040 00000400 00000000 00000000
00:00:13.510793 Gst: 0000000d/0005  00000000 00000000 00000000 00000000
00:00:13.510794 Hst:                00000000 00000000 00000000 00000000
00:00:13.510794 Gst: 0000000e/0000  00000000 00000000 00000000 00000000
00:00:13.510795 Hst:                00000000 00000000 00000000 00000000
00:00:13.510796 Gst: 0000000f/0000  00000000 00000000 00000000 00000000
00:00:13.510797 Hst:                00000000 00000000 00000000 00000000
00:00:13.510797 Gst: 00000010/0000  00000000 00000000 00000000 00000000
00:00:13.510798 Hst:                00000000 00000000 00000000 00000000
00:00:13.510799 Gst: 00000011/0000  00000000 00000000 00000000 00000000
00:00:13.510800 Hst:                00000000 00000000 00000000 00000000
00:00:13.510801 Gst: 00000012/0000  00000000 00000000 00000000 00000000
00:00:13.510801 Hst:                00000000 00000000 00000000 00000000
00:00:13.510802 Gst: 00000013/0000  00000000 00000000 00000000 00000000
00:00:13.510803 Hst:                00000000 00000000 00000000 00000000
00:00:13.510804 Gst: 00000014/0000  00000000 00000000 00000000 00000000
00:00:13.510804 Hst:                00000001 0000000f 00000003 00000000
00:00:13.510805 Hst: 00000015/0000  00000002 000000ea 00000000 00000000
00:00:13.510806 Hst: 00000016/0000  00000000 00000000 00000000 00000000
00:00:13.510807                                Name: GenuineIntel
00:00:13.510808                            Supports: 0x00000000-0x00000016
00:00:13.510810                              Family:  6 	Extended: 0 	Effective: 6
00:00:13.510811                               Model: 14 	Extended: 4 	Effective: 78
00:00:13.510812                            Stepping: 3
00:00:13.510813                                Type: 0 (primary)
00:00:13.510814                             APIC ID: 0x00
00:00:13.510815                        Logical CPUs: 1
00:00:13.510815                        CLFLUSH Size: 8
00:00:13.510816                            Brand ID: 0x00
00:00:13.510817 Features
00:00:13.510817   Mnemonic - Description                                  = Guest (Host)
00:00:13.510819   FPU - x87 FPU on Chip                                   = 1 (1)
00:00:13.510820   VME - Virtual 8086 Mode Enhancements                    = 1 (1)
00:00:13.510821   DE - Debugging extensions                               = 1 (1)
00:00:13.510822   PSE - Page Size Extension                               = 1 (1)
00:00:13.510824   TSC - Time Stamp Counter                                = 1 (1)
00:00:13.510825   MSR - Model Specific Registers                          = 1 (1)
00:00:13.510826   PAE - Physical Address Extension                        = 1 (1)
00:00:13.510826   MCE - Machine Check Exception                           = 1 (1)
00:00:13.510827   CX8 - CMPXCHG8B instruction                             = 1 (1)
00:00:13.510828   APIC - APIC On-Chip                                     = 1 (1)
00:00:13.510830   SEP - SYSENTER and SYSEXIT Present                      = 1 (1)
00:00:13.510831   MTRR - Memory Type Range Registers                      = 1 (1)
00:00:13.510832   PGE - PTE Global Bit                                    = 1 (1)
00:00:13.510833   MCA - Machine Check Architecture                        = 1 (1)
00:00:13.510834   CMOV - Conditional Move instructions                    = 1 (1)
00:00:13.510835   PAT - Page Attribute Table                              = 1 (1)
00:00:13.510835   PSE-36 - 36-bit Page Size Extension                     = 1 (1)
00:00:13.510835   PSN - Processor Serial Number                           = 0 (0)
00:00:13.510835   CLFSH - CLFLUSH instruction                             = 1 (1)
00:00:13.510835   DS - Debug Store                                        = 0 (1)
00:00:13.510835   ACPI - Thermal Mon. & Soft. Clock Ctrl.                 = 0 (1)
00:00:13.510835   MMX - Intel MMX Technology                              = 1 (1)
00:00:13.510835   FXSR - FXSAVE and FXRSTOR instructions                  = 1 (1)
00:00:13.510835   SSE - SSE support                                       = 1 (1)
00:00:13.510835   SSE2 - SSE2 support                                     = 1 (1)
00:00:13.510835   SS - Self Snoop                                         = 0 (1)
00:00:13.510835   HTT - Hyper-Threading Technology                        = 1 (1)
00:00:13.510835   TM - Therm. Monitor                                     = 0 (1)
00:00:13.510835   PBE - Pending Break Enabled                             = 0 (1)
00:00:13.510835   SSE3 - SSE3 support                                     = 1 (1)
00:00:13.510835   PCLMUL - PCLMULQDQ support (for AES-GCM)                = 1 (1)
00:00:13.510835   DTES64 - DS Area 64-bit Layout                          = 0 (1)
00:00:13.510835   MONITOR - MONITOR/MWAIT instructions                    = 0 (1)
00:00:13.510835   CPL-DS - CPL Qualified Debug Store                      = 0 (0)
00:00:13.510835   VMX - Virtual Machine Extensions                        = 0 (0)
00:00:13.510835   SMX - Safer Mode Extensions                             = 0 (0)
00:00:13.510835   EST - Enhanced SpeedStep Technology                     = 0 (1)
00:00:13.510835   TM2 - Terminal Monitor 2                                = 0 (1)
00:00:13.510835   SSSE3 - Supplemental Streaming SIMD Extensions 3        = 1 (1)
00:00:13.510835   CNTX-ID - L1 Context ID                                 = 0 (0)
00:00:13.510835   SDBG - Silicon Debug interface                          = 0 (0)
00:00:13.510835   FMA - Fused Multiply Add extensions                     = 1 (1)
00:00:13.510835   CX16 - CMPXCHG16B instruction                           = 1 (1)
00:00:13.510835   TPRUPDATE - xTPR Update Control                         = 0 (1)
00:00:13.510835   PDCM - Perf/Debug Capability MSR                        = 0 (1)
00:00:13.510835   PCID - Process Context Identifiers                      = 1 (1)
00:00:13.510835   DCA - Direct Cache Access                               = 0 (0)
00:00:13.510835   SSE4_1 - SSE4_1 support                                 = 1 (1)
00:00:13.510835   SSE4_2 - SSE4_2 support                                 = 1 (1)
00:00:13.510835   X2APIC - x2APIC support                                 = 0 (0)
00:00:13.510835   MOVBE - MOVBE instruction                               = 1 (1)
00:00:13.510835   POPCNT - POPCNT instruction                             = 1 (1)
00:00:13.510835   TSCDEADL - Time Stamp Counter Deadline                  = 0 (1)
00:00:13.510835   AES - AES instructions                                  = 1 (1)
00:00:13.510835   XSAVE - XSAVE instruction                               = 1 (1)
00:00:13.510835   OSXSAVE - OSXSAVE instruction                           = 0 (1)
00:00:13.510835   AVX - AVX support                                       = 1 (1)
00:00:13.510835   F16C - 16-bit floating point conversion instructions    = 1 (1)
00:00:13.510835   RDRAND - RDRAND instruction                             = 1 (1)
00:00:13.510835   HVP - Hypervisor Present (we're a guest)                = 1 (1)
00:00:13.510835 Structured Extended Feature Flags Enumeration (leaf 7):
00:00:13.510835 Sub-leaf 0
00:00:13.510835   Mnemonic - Description                                  = Guest (Host)
00:00:13.510835   FSGSBASE - RDFSBASE/RDGSBASE/WRFSBASE/WRGSBASE instr.   = 1 (1)
00:00:13.510835   TSCADJUST - Supports MSR_IA32_TSC_ADJUST                = 0 (0)
00:00:13.510835   SGX - Supports Software Guard Extensions                = 0 (0)
00:00:13.510835   BMI1 - Advanced Bit Manipulation extension 1            = 1 (1)
00:00:13.510835   HLE - Hardware Lock Elision                             = 0 (1)
00:00:13.510835   AVX2 - Advanced Vector Extensions 2                     = 1 (1)
00:00:13.510835   FDP_EXCPTN_ONLY - FPU DP only updated on exceptions     = 0 (0)
00:00:13.510835   SMEP - Supervisor Mode Execution Prevention             = 0 (1)
00:00:13.510835   BMI2 - Advanced Bit Manipulation extension 2            = 1 (1)
00:00:13.510835   ERMS - Enhanced REP MOVSB/STOSB instructions            = 0 (1)
00:00:13.510835   INVPCID - INVPCID instruction                           = 1 (1)
00:00:13.510835   RTM - Restricted Transactional Memory                   = 0 (1)
00:00:13.510835   PQM - Platform Quality of Service Monitoring            = 0 (0)
00:00:13.510835   DEPFPU_CS_DS - Deprecates FPU CS, FPU DS values if set  = 1 (1)
00:00:13.510835   MPE - Intel Memory Protection Extensions                = 0 (1)
00:00:13.510835   PQE - Platform Quality of Service Enforcement           = 0 (0)
00:00:13.510835   AVX512F - AVX512 Foundation instructions                = 0 (0)
00:00:13.510835   RDSEED - RDSEED instruction                             = 1 (1)
00:00:13.510835   ADX - ADCX/ADOX instructions                            = 1 (1)
00:00:13.510835   SMAP - Supervisor Mode Access Prevention                = 0 (1)
00:00:13.510835   CLFLUSHOPT - CLFLUSHOPT (Cache Line Flush) instruction  = 1 (1)
00:00:13.510835   CLWB - CLWB instruction                                 = 0 (0)
00:00:13.510835   INTEL_PT - Intel Processor Trace                        = 0 (0)
00:00:13.510835   AVX512PF - AVX512 Prefetch instructions                 = 0 (0)
00:00:13.510835   AVX512ER - AVX512 Exponential & Reciprocal instructions = 0 (0)
00:00:13.510835   AVX512CD - AVX512 Conflict Detection instructions       = 0 (0)
00:00:13.510835   SHA - Secure Hash Algorithm extensions                  = 0 (0)
00:00:13.510835   PREFETCHWT1 - PREFETCHWT1 instruction                   = 0 (0)
00:00:13.510835   UMIP - User mode insturction prevention                 = 0 (0)
00:00:13.510835   PKU - Protection Key for Usermode pages                 = 0 (0)
00:00:13.510835   OSPKE - CR4.PKU mirror                                  = 0 (0)
00:00:13.510835   MAWAU - Value used by BNDLDX & BNDSTX                   = 0x0 (0x0)
00:00:13.510835   RDPID - Read processor ID support                       = 0 (0)
00:00:13.510835   SGX_LC - Supports SGX Launch Configuration              = 0 (0)
00:00:13.510835   MCU_OPT_CTRL - Supports IA32_MCU_OPT_CTRL               = 0 (0)
00:00:13.510835   MD_CLEAR - Supports MDS related buffer clearing         = 1 (1)
00:00:13.510835   TSX_FORCE_ABORT - Supports IA32_TSX_FORCE_ABORT         = 0 (0)
00:00:13.510835   CET_IBT - Supports indirect branch tracking w/ CET      = 0 (0)
00:00:13.510835   IBRS_IBPB - IA32_SPEC_CTRL.IBRS and IA32_PRED_CMD.IBPB  = 0 (1)
00:00:13.510835   STIBP - Supports IA32_SPEC_CTRL.STIBP                   = 0 (1)
00:00:13.510835   FLUSH_CMD - Supports IA32_FLUSH_CMD                     = 1 (1)
00:00:13.510835   ARCHCAP - Supports IA32_ARCH_CAP                        = 1 (1)
00:00:13.510835   CORECAP - Supports IA32_CORE_CAP                        = 0 (0)
00:00:13.510835   SSBD - Supports IA32_SPEC_CTRL.SSBD                     = 0 (1)
00:00:13.510835  Sub-leaf 2
00:00:13.510835   Mnemonic - Description                                  = Guest (Host)
00:00:13.510835   PSFD - Supports IA32_SPEC_CTRL[7] (PSFD)                = 0 (0)
00:00:13.510835   IPRED_CTRL - Supports IA32_SPEC_CTRL[4:3] (IPRED_DIS)   = 0 (0)
00:00:13.510835   RRSBA_CTRL - Supports IA32_SPEC_CTRL[6:5] (RRSBA_DIS)   = 0 (0)
00:00:13.510835   DDPD_U - Supports IA32_SPEC_CTRL[8] (DDPD_U)            = 0 (0)
00:00:13.510835   BHI_CTRL - Supports IA32_SPEC_CTRL[10] (BHI_DIS_S)      = 0 (0)
00:00:13.510835   MCDT_NO - No MXCSR Config Dependent Timing issues       = 0 (0)
00:00:13.510835   UC_LOCK_DIS - Supports UC-lock disable and causing #AC  = 0 (0)
00:00:13.510835   MONITOR_MITG_NO - No MONITOR/UMONITOR power issues      = 0 (0)
00:00:13.510835 Processor Extended State Enumeration (leaf 0xd):
00:00:13.510835    XSAVE area cur/max size by XCR0, Guest: 0x340/0x340
00:00:13.510835    XSAVE area cur/max size by XCR0,  Host: 0x440/0x440
00:00:13.510835                    Valid XCR0 bits, Guest: 0x00000000`00000007 ( x87 SSE YMM_Hi128 )
00:00:13.510835                    Valid XCR0 bits,  Host: 0x00000000`0000001f ( x87 SSE YMM_Hi128 BNDREGS BNDCSR )
00:00:13.510835                     XSAVE features, Guest
00:00:13.510835                     XSAVE features,  Host XSAVEOPT XSAVEC XGETBC1 XSAVES
00:00:13.510835       XSAVE area cur size XCR0|XSS, Guest: 0x3c0
00:00:13.510835       XSAVE area cur size XCR0|XSS,  Host: 0x3c0
00:00:13.510835                Valid IA32_XSS bits, Guest: 0x00000000`00000000
00:00:13.510835                Valid IA32_XSS bits,  Host: 0x00000000`00000000
00:00:13.510835   State #2, Guest: off=0x0240, cb=0x0100 IA32_XSS-bit -- YMM_Hi128
00:00:13.510835   State #2,  Host:  off=0x0240, cb=0x0100 IA32_XSS-bit -- YMM_Hi128
00:00:13.510835   State #3,  Host:  off=0x03c0, cb=0x0040 IA32_XSS-bit -- BNDREGS
00:00:13.510835   State #4,  Host:  off=0x0400, cb=0x0040 IA32_XSS-bit -- BNDCSR
00:00:13.510835          Raw Hypervisor CPUID Leaves
00:00:13.510835      Leaf/sub-leaf  eax      ebx      ecx      edx
00:00:13.510835 Gst: 40000000/0000  40000001 4b4d564b 564b4d56 0000004d
00:00:13.510835 Hst:                4000000c 7263694d 666f736f 76482074
00:00:13.510835 Gst: 40000001/0000  01000089 00000000 00000000 00000000
00:00:13.510835 Hst:                31237648 00000000 00000000 00000000
00:00:13.510835 Hst: 40000002/0000  0000585d 000a0000 00000004 000010dd
00:00:13.510835 Hst: 40000003/0000  00003fff 002bb9ff 00000022 7dfefbf6
00:00:13.510835 Hst: 40000004/0000  00062d1c 00000000 0000002e 00000000
00:00:13.510835 Hst: 40000005/0000  00000400 00000400 000002e8 00000000
00:00:13.510835 Hst: 40000006/0000  007200af 00000027 00000000 00000000
00:00:13.510835 Hst: 40000007/0000  80000007 0000000b 00000000 00000000
00:00:13.510835 Hst: 40000008/0000  00000000 00000000 00000000 00000000
00:00:13.510835 Hst: 40000009/0000  00000000 00000000 00000000 00000000
00:00:13.510835 Hst: 4000000a/0000  00000000 00000000 00000000 00000000
00:00:13.510835 Hst: 4000000b/0000  001ff002 00000000 00000000 00000000
00:00:13.510835 Hst: 4000000c/0000  00000000 00000000 00000000 00000000
00:00:13.510835          Raw Extended CPUID Leaves
00:00:13.510835      Leaf/sub-leaf  eax      ebx      ecx      edx
00:00:13.510835 Gst: 80000000/0000  80000008 00000000 00000000 00000000
00:00:13.510835 Hst:                80000008 00000000 00000000 00000000
00:00:13.510835 Gst: 80000001/0000  00000000 00000000 00000121 28100800
00:00:13.510835 Hst:                00000000 00000000 00000121 2c100800
00:00:13.510835 Gst: 80000002/0000  65746e49 2952286c 726f4320 4d542865
00:00:13.510835 Hst:                65746e49 2952286c 726f4320 4d542865
00:00:13.510835 Gst: 80000003/0000  37692029 3036362d 43205530 40205550
00:00:13.510835 Hst:                37692029 3036362d 43205530 40205550
00:00:13.510835 Gst: 80000004/0000  362e3220 7a484730 00000000 00000000
00:00:13.510835 Hst:                362e3220 7a484730 00000000 00000000
00:00:13.510835 Gst: 80000005/0000  00000000 00000000 00000000 00000000
00:00:13.510835 Hst:                00000000 00000000 00000000 00000000
00:00:13.510835 Gst: 80000006/0000  00000000 00000000 01006040 00000000
00:00:13.510835 Hst:                00000000 00000000 01006040 00000000
00:00:13.510835 Gst: 80000007/0000  00000000 00000000 00000000 00000100
00:00:13.510835 Hst:                00000000 00000000 00000000 00000100
00:00:13.510835 Gst: 80000008/0000  00003027 00000000 00000000 00000000
00:00:13.510835 Hst:                00003027 00000000 00000000 00000000
00:00:13.510835 Ext Name:                        
00:00:13.510835 Ext Supports:                    0x80000000-0x80000008
00:00:13.510835 Family:                          0  	Extended: 0 	Effective: 0
00:00:13.510835 Model:                           0  	Extended: 0 	Effective: 0
00:00:13.510835 Stepping:                        0
00:00:13.510835 Brand ID:                        0x000
00:00:13.510835 Ext Features
00:00:13.510835   Mnemonic - Description                                  = Guest (Host)
00:00:13.510835   FPU - x87 FPU on Chip                                   = 0 (0)
00:00:13.510835   VME - Virtual 8086 Mode Enhancements                    = 0 (0)
00:00:13.510835   DE - Debugging extensions                               = 0 (0)
00:00:13.510835   PSE - Page Size Extension                               = 0 (0)
00:00:13.510835   TSC - Time Stamp Counter                                = 0 (0)
00:00:13.510835   MSR - K86 Model Specific Registers                      = 0 (0)
00:00:13.510835   PAE - Physical Address Extension                        = 0 (0)
00:00:13.510835   MCE - Machine Check Exception                           = 0 (0)
00:00:13.510835   CX8 - CMPXCHG8B instruction                             = 0 (0)
00:00:13.510835   APIC - APIC On-Chip                                     = 0 (0)
00:00:13.510835   SEP - SYSCALL/SYSRET                                    = 1 (1)
00:00:13.510835   MTRR - Memory Type Range Registers                      = 0 (0)
00:00:13.510835   PGE - PTE Global Bit                                    = 0 (0)
00:00:13.510835   MCA - Machine Check Architecture                        = 0 (0)
00:00:13.510835   CMOV - Conditional Move instructions                    = 0 (0)
00:00:13.510835   PAT - Page Attribute Table                              = 0 (0)
00:00:13.510835   PSE-36 - 36-bit Page Size Extension                     = 0 (0)
00:00:13.510835   NX - No-Execute/Execute-Disable                         = 1 (1)
00:00:13.510835   AXMMX - AMD Extensions to MMX instructions              = 0 (0)
00:00:13.510835   MMX - Intel MMX Technology                              = 0 (0)
00:00:13.510835   FXSR - FXSAVE and FXRSTOR Instructions                  = 0 (0)
00:00:13.510835   FFXSR - AMD fast FXSAVE and FXRSTOR instructions        = 0 (0)
00:00:13.510835   Page1GB - 1 GB large page                               = 0 (1)
00:00:13.510835   RDTSCP - RDTSCP instruction                             = 1 (1)
00:00:13.510835   LM - AMD64 Long Mode                                    = 1 (1)
00:00:13.510835   3DNOWEXT - AMD Extensions to 3DNow                      = 0 (0)
00:00:13.510835   3DNOW - AMD 3DNow                                       = 0 (0)
00:00:13.510835   LahfSahf - LAHF/SAHF support in 64-bit mode             = 1 (1)
00:00:13.510835   CmpLegacy - Core multi-processing legacy mode           = 0 (0)
00:00:13.510835   SVM - AMD Secure Virtual Machine extensions             = 0 (0)
00:00:13.510835   EXTAPIC - AMD Extended APIC registers                   = 0 (0)
00:00:13.510835   CR8L - AMD LOCK MOV CR0 means MOV CR8                   = 0 (0)
00:00:13.510835   ABM - AMD Advanced Bit Manipulation                     = 1 (1)
00:00:13.510835   SSE4A - SSE4A instructions                              = 0 (0)
00:00:13.510835   MISALIGNSSE - AMD Misaligned SSE mode                   = 0 (0)
00:00:13.510835   3DNOWPRF - AMD PREFETCH and PREFETCHW instructions      = 1 (1)
00:00:13.510835   OSVW - AMD OS Visible Workaround                        = 0 (0)
00:00:13.510835   IBS - Instruct Based Sampling                           = 0 (0)
00:00:13.510835   XOP - Extended Operation support                        = 0 (0)
00:00:13.510835   SKINIT - SKINIT, STGI, and DEV support                  = 0 (0)
00:00:13.510835   WDT - AMD Watchdog Timer support                        = 0 (0)
00:00:13.510835   LWP - Lightweight Profiling support                     = 0 (0)
00:00:13.510835   FMA4 - Four operand FMA instruction support             = 0 (0)
00:00:13.510835   TCE - Translation Cache Extension support               = 0 (0)
00:00:13.510835   NodeId - NodeId in MSR C001_100C                        = 0 (0)
00:00:13.510835   TBM - Trailing Bit Manipulation instructions            = 0 (0)
00:00:13.510835   TOPOEXT - Topology Extensions                           = 0 (0)
00:00:13.510835   PRFEXTCORE - Performance Counter Extensions support     = 0 (0)
00:00:13.510835   PRFEXTNB - NB Performance Counter Extensions support    = 0 (0)
00:00:13.510835   DATABPEXT - Data-access Breakpoint Extension            = 0 (0)
00:00:13.510835   PERFTSC - Performance Time Stamp Counter                = 0 (0)
00:00:13.510835   PCX_L2I - L2I/L3 Performance Counter Extensions         = 0 (0)
00:00:13.510835   MONITORX - MWAITX and MONITORX instructions             = 0 (0)
00:00:13.510835   AddrMaskExt - BP Addressing masking extended to bit 31  = 0 (0)
00:00:13.510835 Full Name:                       "Intel(R) Core(TM) i7-6600U CPU @ 2.60GHz"
00:00:13.510835 TLB 2/4M Instr/Uni:              res0     0 entries
00:00:13.510835 TLB 2/4M Data:                   res0     0 entries
00:00:13.510835 TLB 4K Instr/Uni:                res0     0 entries
00:00:13.510835 TLB 4K Data:                     res0     0 entries
00:00:13.510835 L1 Instr Cache Line Size:        0 bytes
00:00:13.510835 L1 Instr Cache Lines Per Tag:    0
00:00:13.510835 L1 Instr Cache Associativity:    res0  
00:00:13.510835 L1 Instr Cache Size:             0 KB
00:00:13.510835 L1 Data Cache Line Size:         0 bytes
00:00:13.510835 L1 Data Cache Lines Per Tag:     0
00:00:13.510835 L1 Data Cache Associativity:     res0  
00:00:13.510835 L1 Data Cache Size:              0 KB
00:00:13.510835 L2 TLB 2/4M Instr/Uni:           off       0 entries
00:00:13.510835 L2 TLB 2/4M Data:                off       0 entries
00:00:13.510835 L2 TLB 4K Instr/Uni:             off       0 entries
00:00:13.510835 L2 TLB 4K Data:                  off       0 entries
00:00:13.510835 L2 Cache Line Size:              64 bytes
00:00:13.510835 L2 Cache Lines Per Tag:          0
00:00:13.510835 L2 Cache Associativity:          8 way 
00:00:13.510835 L2 Cache Size:                   256 KB
00:00:13.510835 L3 Cache Line Size:              0 bytes
00:00:13.510835 L3 Cache Lines Per Tag:          0
00:00:13.510835 L3 Cache Associativity:          off   
00:00:13.510835 L3 Cache Size:                   0 KB
00:00:13.510835 APM Features EDX
00:00:13.510835   Mnemonic - Description                                  = Guest (Host)
00:00:13.510835   TS - Temperature Sensor                                 = 0 (0)
00:00:13.510835   FID - Frequency ID control                              = 0 (0)
00:00:13.510835   VID - Voltage ID control                                = 0 (0)
00:00:13.510835   TTP - Thermal Trip                                      = 0 (0)
00:00:13.510835   TM - Hardware Thermal Control (HTC)                     = 0 (0)
00:00:13.510835   100MHzSteps - 100 MHz Multiplier control                = 0 (0)
00:00:13.510835   HwPstate - Hardware P-state control                     = 0 (0)
00:00:13.510835   TscInvariant - Invariant Time Stamp Counter             = 1 (1)
00:00:13.510835   CPB - Core Performance Boost                            = 0 (0)
00:00:13.510835   EffFreqRO - Read-only Effective Frequency Interface     = 0 (0)
00:00:13.510835   ProcFdbkIf - Processor Feedback Interface               = 0 (0)
00:00:13.510835   ProcPwrRep - Core power reporting interface support     = 0 (0)
00:00:13.510835   ConnectedStandby - Connected Standby                    = 0 (0)
00:00:13.510835   RAPL - Running average power limit                      = 0 (0)
00:00:13.510835 Physical Address Width:          39 bits
00:00:13.510835 Virtual Address Width:           48 bits
00:00:13.510835 Max page count for INVLPGB:      0x3027
00:00:13.510835 Max ECX for RDPRU:               0x0
00:00:13.510835 ********************* End of CPUID dump *********************
00:00:13.510835 VMEmt: Halt method global1 (5)
00:00:13.510835 VMEmt: HaltedGlobal1 config: cNsSpinBlockThresholdCfg=50000
00:00:13.510835 Changing the VM state from 'CREATING' to 'CREATED'
00:00:13.514141 NAT: DNS settings changed, triggering update
00:00:13.514166 NAT DNS Update: Stored 1165189750 as nameserver #0
00:00:13.514177 NAT DNS Update: Stored 1316184694 as nameserver #1
00:00:13.514187 NAT DNS Update: Stored 2 total nameservers
00:00:13.514655 Changing the VM state from 'CREATED' to 'POWERING_ON'
00:00:13.514892 VMSVGA3d: cap[0]=0x00000000 {3D}
00:00:13.514906 VMSVGA3d: cap[1]=0x00000000 {MAX_LIGHTS}
00:00:13.514907 VMSVGA3d: cap[2]=0x00000000 {MAX_TEXTURES}
00:00:13.514908 VMSVGA3d: cap[3]=0x00000000 {MAX_CLIP_PLANES}
00:00:13.514909 VMSVGA3d: cap[4]=0x00000000 {VERTEX_SHADER_VERSION}
00:00:13.514909 VMSVGA3d: cap[5]=0x00000000 {VERTEX_SHADER}
00:00:13.514910 VMSVGA3d: cap[6]=0x00000000 {FRAGMENT_SHADER_VERSION}
00:00:13.514911 VMSVGA3d: cap[7]=0x00000000 {FRAGMENT_SHADER}
00:00:13.514912 VMSVGA3d: cap[8]=0x00000000 {MAX_RENDER_TARGETS}
00:00:13.514912 VMSVGA3d: cap[9]=0x00000000 {S23E8_TEXTURES}
00:00:13.514913 VMSVGA3d: cap[10]=0x00000000 {S10E5_TEXTURES}
00:00:13.514914 VMSVGA3d: cap[11]=0x00000000 {MAX_FIXED_VERTEXBLEND}
00:00:13.514915 VMSVGA3d: cap[12]=0x00000000 {D16_BUFFER_FORMAT}
00:00:13.514916 VMSVGA3d: cap[13]=0x00000000 {D24S8_BUFFER_FORMAT}
00:00:13.514917 VMSVGA3d: cap[14]=0x00000000 {D24X8_BUFFER_FORMAT}
00:00:13.514917 VMSVGA3d: cap[15]=0x00000000 {QUERY_TYPES}
00:00:13.514918 VMSVGA3d: cap[16]=0x00000000 {TEXTURE_GRADIENT_SAMPLING}
00:00:13.514919 VMSVGA3d: cap[17]=0.000000 {MAX_POINT_SIZE}
00:00:13.514920 VMSVGA3d: cap[18]=0x00000000 {MAX_SHADER_TEXTURES}
00:00:13.514921 VMSVGA3d: cap[19]=0x00004000 {MAX_TEXTURE_WIDTH}
00:00:13.514922 VMSVGA3d: cap[20]=0x00004000 {MAX_TEXTURE_HEIGHT}
00:00:13.514923 VMSVGA3d: cap[21]=0x00000000 {MAX_VOLUME_EXTENT}
00:00:13.514924 VMSVGA3d: cap[22]=0x00000000 {MAX_TEXTURE_REPEAT}
00:00:13.514925 VMSVGA3d: cap[23]=0x00000000 {MAX_TEXTURE_ASPECT_RATIO}
00:00:13.514926 VMSVGA3d: cap[24]=0x00000000 {MAX_TEXTURE_ANISOTROPY}
00:00:13.514927 VMSVGA3d: cap[25]=0x00000000 {MAX_PRIMITIVE_COUNT}
00:00:13.514927 VMSVGA3d: cap[26]=0x00000000 {MAX_VERTEX_INDEX}
00:00:13.514928 VMSVGA3d: cap[27]=0x00000000 {MAX_VERTEX_SHADER_INSTRUCTIONS}
00:00:13.514929 VMSVGA3d: cap[28]=0x00000000 {MAX_FRAGMENT_SHADER_INSTRUCTIONS}
00:00:13.514930 VMSVGA3d: cap[29]=0x00000000 {MAX_VERTEX_SHADER_TEMPS}
00:00:13.514931 VMSVGA3d: cap[30]=0x00000000 {MAX_FRAGMENT_SHADER_TEMPS}
00:00:13.514932 VMSVGA3d: cap[31]=0x00000000 {TEXTURE_OPS}
00:00:13.514933 VMSVGA3d: cap[32]=0x00000000 {SURFACEFMT_X8R8G8B8}
00:00:13.514933 VMSVGA3d: cap[33]=0x00000000 {SURFACEFMT_A8R8G8B8}
00:00:13.514934 VMSVGA3d: cap[34]=0x00000000 {SURFACEFMT_A2R10G10B10}
00:00:13.514935 VMSVGA3d: cap[35]=0x00000000 {SURFACEFMT_X1R5G5B5}
00:00:13.514936 VMSVGA3d: cap[36]=0x00000000 {SURFACEFMT_A1R5G5B5}
00:00:13.514937 VMSVGA3d: cap[37]=0x00000000 {SURFACEFMT_A4R4G4B4}
00:00:13.514937 VMSVGA3d: cap[38]=0x00000000 {SURFACEFMT_R5G6B5}
00:00:13.514938 VMSVGA3d: cap[39]=0x00000000 {SURFACEFMT_LUMINANCE16}
00:00:13.514939 VMSVGA3d: cap[40]=0x00000000 {SURFACEFMT_LUMINANCE8_ALPHA8}
00:00:13.514940 VMSVGA3d: cap[41]=0x00000000 {SURFACEFMT_ALPHA8}
00:00:13.514941 VMSVGA3d: cap[42]=0x00000000 {SURFACEFMT_LUMINANCE8}
00:00:13.514942 VMSVGA3d: cap[43]=0x00000000 {SURFACEFMT_Z_D16}
00:00:13.514942 VMSVGA3d: cap[44]=0x00000000 {SURFACEFMT_Z_D24S8}
00:00:13.514955 VMSVGA3d: cap[45]=0x00000000 {SURFACEFMT_Z_D24X8}
00:00:13.514956 VMSVGA3d: cap[46]=0x00000000 {SURFACEFMT_DXT1}
00:00:13.514957 VMSVGA3d: cap[47]=0x00000000 {SURFACEFMT_DXT2}
00:00:13.514958 VMSVGA3d: cap[48]=0x00000000 {SURFACEFMT_DXT3}
00:00:13.514958 VMSVGA3d: cap[49]=0x00000000 {SURFACEFMT_DXT4}
00:00:13.514959 VMSVGA3d: cap[50]=0x00000000 {SURFACEFMT_DXT5}
00:00:13.514960 VMSVGA3d: cap[51]=0x00000000 {SURFACEFMT_BUMPX8L8V8U8}
00:00:13.514961 VMSVGA3d: cap[52]=0x00000000 {SURFACEFMT_A2W10V10U10}
00:00:13.514962 VMSVGA3d: cap[53]=0x00000000 {SURFACEFMT_BUMPU8V8}
00:00:13.514963 VMSVGA3d: cap[54]=0x00000000 {SURFACEFMT_Q8W8V8U8}
00:00:13.514963 VMSVGA3d: cap[55]=0x00000000 {SURFACEFMT_CxV8U8}
00:00:13.514964 VMSVGA3d: cap[56]=0x00000000 {SURFACEFMT_R_S10E5}
00:00:13.514965 VMSVGA3d: cap[57]=0x00000000 {SURFACEFMT_R_S23E8}
00:00:13.514966 VMSVGA3d: cap[58]=0x00000000 {SURFACEFMT_RG_S10E5}
00:00:13.514967 VMSVGA3d: cap[59]=0x00000000 {SURFACEFMT_RG_S23E8}
00:00:13.514968 VMSVGA3d: cap[60]=0x00000000 {SURFACEFMT_ARGB_S10E5}
00:00:13.514968 VMSVGA3d: cap[61]=0x00000000 {SURFACEFMT_ARGB_S23E8}
00:00:13.514969 VMSVGA3d: cap[62]=0x00000000 {MISSING62}
00:00:13.514970 VMSVGA3d: cap[63]=0x00000000 {MAX_VERTEX_SHADER_TEXTURES}
00:00:13.514971 VMSVGA3d: cap[64]=0x00000000 {MAX_SIMULTANEOUS_RENDER_TARGETS}
00:00:13.514972 VMSVGA3d: cap[65]=0x00000000 {SURFACEFMT_V16U16}
00:00:13.514973 VMSVGA3d: cap[66]=0x00000000 {SURFACEFMT_G16R16}
00:00:13.514973 VMSVGA3d: cap[67]=0x00000000 {SURFACEFMT_A16B16G16R16}
00:00:13.514974 VMSVGA3d: cap[68]=0x00000000 {SURFACEFMT_UYVY}
00:00:13.514975 VMSVGA3d: cap[69]=0x00000000 {SURFACEFMT_YUY2}
00:00:13.514976 VMSVGA3d: cap[70]=0x00000000 {DEAD4}
00:00:13.514977 VMSVGA3d: cap[71]=0x00000000 {DEAD5}
00:00:13.514978 VMSVGA3d: cap[72]=0x00000000 {DEAD7}
00:00:13.514979 VMSVGA3d: cap[73]=0x00000000 {DEAD6}
00:00:13.514980 VMSVGA3d: cap[74]=0x00000000 {AUTOGENMIPMAPS}
00:00:13.514981 VMSVGA3d: cap[75]=0x00000000 {SURFACEFMT_NV12}
00:00:13.514981 VMSVGA3d: cap[76]=0x00000000 {DEAD10}
00:00:13.514982 VMSVGA3d: cap[77]=0x00000000 {MAX_CONTEXT_IDS}
00:00:13.514983 VMSVGA3d: cap[78]=0x00000000 {MAX_SURFACE_IDS}
00:00:13.514984 VMSVGA3d: cap[79]=0x00000000 {SURFACEFMT_Z_DF16}
00:00:13.514985 VMSVGA3d: cap[80]=0x00000000 {SURFACEFMT_Z_DF24}
00:00:13.514986 VMSVGA3d: cap[81]=0x00000000 {SURFACEFMT_Z_D24S8_INT}
00:00:13.514986 VMSVGA3d: cap[82]=0x00000000 {SURFACEFMT_ATI1}
00:00:13.514987 VMSVGA3d: cap[83]=0x00000000 {SURFACEFMT_ATI2}
00:00:13.514988 VMSVGA3d: cap[84]=0x00000000 {DEAD1}
00:00:13.514989 VMSVGA3d: cap[85]=0x00000000 {DEAD8}
00:00:13.514990 VMSVGA3d: cap[86]=0x00000000 {DEAD9}
00:00:13.514990 VMSVGA3d: cap[87]=0x00000000 {LINE_AA}
00:00:13.514991 VMSVGA3d: cap[88]=0x00000000 {LINE_STIPPLE}
00:00:13.514992 VMSVGA3d: cap[89]=0.000000 {MAX_LINE_WIDTH}
00:00:13.514993 VMSVGA3d: cap[90]=0.000000 {MAX_AA_LINE_WIDTH}
00:00:13.514995 VMSVGA3d: cap[91]=0x00000000 {SURFACEFMT_YV12}
00:00:13.514996 VMSVGA3d: cap[92]=0x00000000 {DEAD3}
00:00:13.514996 VMSVGA3d: cap[93]=0x00000000 {TS_COLOR_KEY}
00:00:13.514997 VMSVGA3d: cap[94]=0x00000000 {DEAD2}
00:00:13.514998 VMSVGA3d: cap[95]=0x00000000 {DXCONTEXT}
00:00:13.514998 VMSVGA3d: cap[96]=0x00000000 {DEAD11}
00:00:13.514999 VMSVGA3d: cap[97]=0x00000000 {DX_MAX_VERTEXBUFFERS}
00:00:13.515000 VMSVGA3d: cap[98]=0x00000000 {DX_MAX_CONSTANT_BUFFERS}
00:00:13.515001 VMSVGA3d: cap[99]=0x00000000 {DX_PROVOKING_VERTEX}
00:00:13.515002 VMSVGA3d: cap[100]=0x00000005 {DXFMT_X8R8G8B8}
00:00:13.515003 VMSVGA3d: cap[101]=0x00000000 {DXFMT_A8R8G8B8}
00:00:13.515004 VMSVGA3d: cap[102]=0x00000000 {DXFMT_R5G6B5}
00:00:13.515005 VMSVGA3d: cap[103]=0x00000000 {DXFMT_X1R5G5B5}
00:00:13.515005 VMSVGA3d: cap[104]=0x00000000 {DXFMT_A1R5G5B5}
00:00:13.515006 VMSVGA3d: cap[105]=0x00000000 {DXFMT_A4R4G4B4}
00:00:13.515007 VMSVGA3d: cap[106]=0x00000000 {DXFMT_Z_D32}
00:00:13.515008 VMSVGA3d: cap[107]=0x00000000 {DXFMT_Z_D16}
00:00:13.515009 VMSVGA3d: cap[108]=0x00000000 {DXFMT_Z_D24S8}
00:00:13.515010 VMSVGA3d: cap[109]=0x00000000 {DXFMT_Z_D15S1}
00:00:13.515011 VMSVGA3d: cap[110]=0x00000000 {DXFMT_LUMINANCE8}
00:00:13.515011 VMSVGA3d: cap[111]=0x00000000 {DXFMT_LUMINANCE4_ALPHA4}
00:00:13.515012 VMSVGA3d: cap[112]=0x00000000 {DXFMT_LUMINANCE16}
00:00:13.515013 VMSVGA3d: cap[113]=0x00000000 {DXFMT_LUMINANCE8_ALPHA8}
00:00:13.515014 VMSVGA3d: cap[114]=0x00000000 {DXFMT_DXT1}
00:00:13.515015 VMSVGA3d: cap[115]=0x00000000 {DXFMT_DXT2}
00:00:13.515016 VMSVGA3d: cap[116]=0x00000000 {DXFMT_DXT3}
00:00:13.515017 VMSVGA3d: cap[117]=0x00000000 {DXFMT_DXT4}
00:00:13.515018 VMSVGA3d: cap[118]=0x00000000 {DXFMT_DXT5}
00:00:13.515018 VMSVGA3d: cap[119]=0x00000000 {DXFMT_BUMPU8V8}
00:00:13.515019 VMSVGA3d: cap[120]=0x00000000 {DXFMT_BUMPL6V5U5}
00:00:13.515020 VMSVGA3d: cap[121]=0x00000000 {DXFMT_BUMPX8L8V8U8}
00:00:13.515021 VMSVGA3d: cap[122]=0x00000000 {DXFMT_FORMAT_DEAD1}
00:00:13.515022 VMSVGA3d: cap[123]=0x00000000 {DXFMT_ARGB_S10E5}
00:00:13.515023 VMSVGA3d: cap[124]=0x00000000 {DXFMT_ARGB_S23E8}
00:00:13.515024 VMSVGA3d: cap[125]=0x00000000 {DXFMT_A2R10G10B10}
00:00:13.515025 VMSVGA3d: cap[126]=0x00000000 {DXFMT_V8U8}
00:00:13.515026 VMSVGA3d: cap[127]=0x00000000 {DXFMT_Q8W8V8U8}
00:00:13.515027 VMSVGA3d: cap[128]=0x00000000 {DXFMT_CxV8U8}
00:00:13.515028 VMSVGA3d: cap[129]=0x00000000 {DXFMT_X8L8V8U8}
00:00:13.515028 VMSVGA3d: cap[130]=0x00000000 {DXFMT_A2W10V10U10}
00:00:13.515030 VMSVGA3d: cap[131]=0x00000000 {DXFMT_ALPHA8}
00:00:13.515030 VMSVGA3d: cap[132]=0x00000000 {DXFMT_R_S10E5}
00:00:13.515031 VMSVGA3d: cap[133]=0x00000000 {DXFMT_R_S23E8}
00:00:13.515032 VMSVGA3d: cap[134]=0x00000000 {DXFMT_RG_S10E5}
00:00:13.515033 VMSVGA3d: cap[135]=0x00000000 {DXFMT_RG_S23E8}
00:00:13.515033 VMSVGA3d: cap[136]=0x00000000 {DXFMT_BUFFER}
00:00:13.515034 VMSVGA3d: cap[137]=0x00000000 {DXFMT_Z_D24X8}
00:00:13.515035 VMSVGA3d: cap[138]=0x00000000 {DXFMT_V16U16}
00:00:13.515036 VMSVGA3d: cap[139]=0x00000000 {DXFMT_G16R16}
00:00:13.515037 VMSVGA3d: cap[140]=0x00000000 {DXFMT_A16B16G16R16}
00:00:13.515037 VMSVGA3d: cap[141]=0x00000000 {DXFMT_UYVY}
00:00:13.515038 VMSVGA3d: cap[142]=0x00000000 {DXFMT_YUY2}
00:00:13.515039 VMSVGA3d: cap[143]=0x00000000 {DXFMT_NV12}
00:00:13.515040 VMSVGA3d: cap[144]=0x00000000 {DXFMT_FORMAT_DEAD2}
00:00:13.515041 VMSVGA3d: cap[145]=0x00000000 {DXFMT_R32G32B32A32_TYPELESS}
00:00:13.515042 VMSVGA3d: cap[146]=0x00000000 {DXFMT_R32G32B32A32_UINT}
00:00:13.515042 VMSVGA3d: cap[147]=0x00000000 {DXFMT_R32G32B32A32_SINT}
00:00:13.515043 VMSVGA3d: cap[148]=0x00000000 {DXFMT_R32G32B32_TYPELESS}
00:00:13.515044 VMSVGA3d: cap[149]=0x00000000 {DXFMT_R32G32B32_FLOAT}
00:00:13.515045 VMSVGA3d: cap[150]=0x00000000 {DXFMT_R32G32B32_UINT}
00:00:13.515046 VMSVGA3d: cap[151]=0x00000000 {DXFMT_R32G32B32_SINT}
00:00:13.515047 VMSVGA3d: cap[152]=0x00000000 {DXFMT_R16G16B16A16_TYPELESS}
00:00:13.515048 VMSVGA3d: cap[153]=0x00000000 {DXFMT_R16G16B16A16_UINT}
00:00:13.515049 VMSVGA3d: cap[154]=0x00000000 {DXFMT_R16G16B16A16_SNORM}
00:00:13.515050 VMSVGA3d: cap[155]=0x00000000 {DXFMT_R16G16B16A16_SINT}
00:00:13.515051 VMSVGA3d: cap[156]=0x00000000 {DXFMT_R32G32_TYPELESS}
00:00:13.515052 VMSVGA3d: cap[157]=0x00000000 {DXFMT_R32G32_UINT}
00:00:13.515053 VMSVGA3d: cap[158]=0x00000000 {DXFMT_R32G32_SINT}
00:00:13.515054 VMSVGA3d: cap[159]=0x00000000 {DXFMT_R32G8X24_TYPELESS}
00:00:13.515054 VMSVGA3d: cap[160]=0x00000000 {DXFMT_D32_FLOAT_S8X24_UINT}
00:00:13.515055 VMSVGA3d: cap[161]=0x00000000 {DXFMT_R32_FLOAT_X8X24}
00:00:13.515056 VMSVGA3d: cap[162]=0x00000000 {DXFMT_X32_G8X24_UINT}
00:00:13.515057 VMSVGA3d: cap[163]=0x00000000 {DXFMT_R10G10B10A2_TYPELESS}
00:00:13.515070 VMSVGA3d: cap[164]=0x00000000 {DXFMT_R10G10B10A2_UINT}
00:00:13.515071 VMSVGA3d: cap[165]=0x00000000 {DXFMT_R11G11B10_FLOAT}
00:00:13.515072 VMSVGA3d: cap[166]=0x00000000 {DXFMT_R8G8B8A8_TYPELESS}
00:00:13.515073 VMSVGA3d: cap[167]=0x00000000 {DXFMT_R8G8B8A8_UNORM}
00:00:13.515073 VMSVGA3d: cap[168]=0x00000000 {DXFMT_R8G8B8A8_UNORM_SRGB}
00:00:13.515074 VMSVGA3d: cap[169]=0x00000000 {DXFMT_R8G8B8A8_UINT}
00:00:13.515075 VMSVGA3d: cap[170]=0x00000000 {DXFMT_R8G8B8A8_SINT}
00:00:13.515076 VMSVGA3d: cap[171]=0x00000000 {DXFMT_R16G16_TYPELESS}
00:00:13.515077 VMSVGA3d: cap[172]=0x00000000 {DXFMT_R16G16_UINT}
00:00:13.515078 VMSVGA3d: cap[173]=0x00000000 {DXFMT_R16G16_SINT}
00:00:13.515079 VMSVGA3d: cap[174]=0x00000000 {DXFMT_R32_TYPELESS}
00:00:13.515079 VMSVGA3d: cap[175]=0x00000000 {DXFMT_D32_FLOAT}
00:00:13.515080 VMSVGA3d: cap[176]=0x00000000 {DXFMT_R32_UINT}
00:00:13.515081 VMSVGA3d: cap[177]=0x00000000 {DXFMT_R32_SINT}
00:00:13.515082 VMSVGA3d: cap[178]=0x00000000 {DXFMT_R24G8_TYPELESS}
00:00:13.515083 VMSVGA3d: cap[179]=0x00000000 {DXFMT_D24_UNORM_S8_UINT}
00:00:13.515084 VMSVGA3d: cap[180]=0x00000000 {DXFMT_R24_UNORM_X8}
00:00:13.515084 VMSVGA3d: cap[181]=0x00000000 {DXFMT_X24_G8_UINT}
00:00:13.515085 VMSVGA3d: cap[182]=0x00000000 {DXFMT_R8G8_TYPELESS}
00:00:13.515086 VMSVGA3d: cap[183]=0x00000000 {DXFMT_R8G8_UNORM}
00:00:13.515087 VMSVGA3d: cap[184]=0x00000000 {DXFMT_R8G8_UINT}
00:00:13.515088 VMSVGA3d: cap[185]=0x00000000 {DXFMT_R8G8_SINT}
00:00:13.515089 VMSVGA3d: cap[186]=0x00000000 {DXFMT_R16_TYPELESS}
00:00:13.515090 VMSVGA3d: cap[187]=0x00000000 {DXFMT_R16_UNORM}
00:00:13.515091 VMSVGA3d: cap[188]=0x00000000 {DXFMT_R16_UINT}
00:00:13.515092 VMSVGA3d: cap[189]=0x00000000 {DXFMT_R16_SNORM}
00:00:13.515092 VMSVGA3d: cap[190]=0x00000000 {DXFMT_R16_SINT}
00:00:13.515093 VMSVGA3d: cap[191]=0x00000000 {DXFMT_R8_TYPELESS}
00:00:13.515094 VMSVGA3d: cap[192]=0x00000000 {DXFMT_R8_UNORM}
00:00:13.515095 VMSVGA3d: cap[193]=0x00000000 {DXFMT_R8_UINT}
00:00:13.515096 VMSVGA3d: cap[194]=0x00000000 {DXFMT_R8_SNORM}
00:00:13.515097 VMSVGA3d: cap[195]=0x00000000 {DXFMT_R8_SINT}
00:00:13.515098 VMSVGA3d: cap[196]=0x00000000 {DXFMT_P8}
00:00:13.515099 VMSVGA3d: cap[197]=0x00000000 {DXFMT_R9G9B9E5_SHAREDEXP}
00:00:13.515100 VMSVGA3d: cap[198]=0x00000000 {DXFMT_R8G8_B8G8_UNORM}
00:00:13.515101 VMSVGA3d: cap[199]=0x00000000 {DXFMT_G8R8_G8B8_UNORM}
00:00:13.515101 VMSVGA3d: cap[200]=0x00000000 {DXFMT_BC1_TYPELESS}
00:00:13.515102 VMSVGA3d: cap[201]=0x00000000 {DXFMT_BC1_UNORM_SRGB}
00:00:13.515103 VMSVGA3d: cap[202]=0x00000000 {DXFMT_BC2_TYPELESS}
00:00:13.515104 VMSVGA3d: cap[203]=0x00000000 {DXFMT_BC2_UNORM_SRGB}
00:00:13.515105 VMSVGA3d: cap[204]=0x00000000 {DXFMT_BC3_TYPELESS}
00:00:13.515105 VMSVGA3d: cap[205]=0x00000000 {DXFMT_BC3_UNORM_SRGB}
00:00:13.515106 VMSVGA3d: cap[206]=0x00000000 {DXFMT_BC4_TYPELESS}
00:00:13.515107 VMSVGA3d: cap[207]=0x00000000 {DXFMT_ATI1}
00:00:13.515108 VMSVGA3d: cap[208]=0x00000000 {DXFMT_BC4_SNORM}
00:00:13.515109 VMSVGA3d: cap[209]=0x00000000 {DXFMT_BC5_TYPELESS}
00:00:13.515110 VMSVGA3d: cap[210]=0x00000000 {DXFMT_ATI2}
00:00:13.515110 VMSVGA3d: cap[211]=0x00000000 {DXFMT_BC5_SNORM}
00:00:13.515111 VMSVGA3d: cap[212]=0x00000000 {DXFMT_R10G10B10_XR_BIAS_A2_UNORM}
00:00:13.515112 VMSVGA3d: cap[213]=0x00000000 {DXFMT_B8G8R8A8_TYPELESS}
00:00:13.515113 VMSVGA3d: cap[214]=0x00000000 {DXFMT_B8G8R8A8_UNORM_SRGB}
00:00:13.515114 VMSVGA3d: cap[215]=0x00000000 {DXFMT_B8G8R8X8_TYPELESS}
00:00:13.515115 VMSVGA3d: cap[216]=0x00000000 {DXFMT_B8G8R8X8_UNORM_SRGB}
00:00:13.515115 VMSVGA3d: cap[217]=0x00000000 {DXFMT_Z_DF16}
00:00:13.515116 VMSVGA3d: cap[218]=0x00000000 {DXFMT_Z_DF24}
00:00:13.515117 VMSVGA3d: cap[219]=0x00000000 {DXFMT_Z_D24S8_INT}
00:00:13.515118 VMSVGA3d: cap[220]=0x00000000 {DXFMT_YV12}
00:00:13.515119 VMSVGA3d: cap[221]=0x00000000 {DXFMT_R32G32B32A32_FLOAT}
00:00:13.515120 VMSVGA3d: cap[222]=0x00000000 {DXFMT_R16G16B16A16_FLOAT}
00:00:13.515121 VMSVGA3d: cap[223]=0x00000000 {DXFMT_R16G16B16A16_UNORM}
00:00:13.515122 VMSVGA3d: cap[224]=0x00000000 {DXFMT_R32G32_FLOAT}
00:00:13.515123 VMSVGA3d: cap[225]=0x00000000 {DXFMT_R10G10B10A2_UNORM}
00:00:13.515124 VMSVGA3d: cap[226]=0x00000000 {DXFMT_R8G8B8A8_SNORM}
00:00:13.515125 VMSVGA3d: cap[227]=0x00000000 {DXFMT_R16G16_FLOAT}
00:00:13.515126 VMSVGA3d: cap[228]=0x00000000 {DXFMT_R16G16_UNORM}
00:00:13.515127 VMSVGA3d: cap[229]=0x00000000 {DXFMT_R16G16_SNORM}
00:00:13.515128 VMSVGA3d: cap[230]=0x00000000 {DXFMT_R32_FLOAT}
00:00:13.515128 VMSVGA3d: cap[231]=0x00000000 {DXFMT_R8G8_SNORM}
00:00:13.515129 VMSVGA3d: cap[232]=0x00000000 {DXFMT_R16_FLOAT}
00:00:13.515130 VMSVGA3d: cap[233]=0x00000000 {DXFMT_D16_UNORM}
00:00:13.515131 VMSVGA3d: cap[234]=0x00000000 {DXFMT_A8_UNORM}
00:00:13.515132 VMSVGA3d: cap[235]=0x00000000 {DXFMT_BC1_UNORM}
00:00:13.515133 VMSVGA3d: cap[236]=0x00000000 {DXFMT_BC2_UNORM}
00:00:13.515134 VMSVGA3d: cap[237]=0x00000000 {DXFMT_BC3_UNORM}
00:00:13.515135 VMSVGA3d: cap[238]=0x00000000 {DXFMT_B5G6R5_UNORM}
00:00:13.515136 VMSVGA3d: cap[239]=0x00000000 {DXFMT_B5G5R5A1_UNORM}
00:00:13.515137 VMSVGA3d: cap[240]=0x00000000 {DXFMT_B8G8R8A8_UNORM}
00:00:13.515138 VMSVGA3d: cap[241]=0x00000000 {DXFMT_B8G8R8X8_UNORM}
00:00:13.515139 VMSVGA3d: cap[242]=0x00000000 {DXFMT_BC4_UNORM}
00:00:13.515139 VMSVGA3d: cap[243]=0x00000000 {DXFMT_BC5_UNORM}
00:00:13.515140 VMSVGA3d: cap[244]=0x00000000 {SM41}
00:00:13.515141 VMSVGA3d: cap[245]=0x00000000 {MULTISAMPLE_2X}
00:00:13.515142 VMSVGA3d: cap[246]=0x00000000 {MULTISAMPLE_4X}
00:00:13.515143 VMSVGA3d: cap[247]=0x00000000 {MS_FULL_QUALITY}
00:00:13.515144 VMSVGA3d: cap[248]=0x00000000 {LOGICOPS}
00:00:13.515145 VMSVGA3d: cap[249]=0x00000000 {LOGIC_BLENDOPS}
00:00:13.515146 VMSVGA3d: cap[250]=0x00000000 {RESERVED_1}
00:00:13.515147 VMSVGA3d: cap[251]=0x00000000 {DXFMT_BC6H_TYPELESS}
00:00:13.515148 VMSVGA3d: cap[252]=0x00000000 {DXFMT_BC6H_UF16}
00:00:13.515148 VMSVGA3d: cap[253]=0x00000000 {DXFMT_BC6H_SF16}
00:00:13.515149 VMSVGA3d: cap[254]=0x00000000 {DXFMT_BC7_TYPELESS}
00:00:13.515150 VMSVGA3d: cap[255]=0x00000000 {DXFMT_BC7_UNORM}
00:00:13.515151 VMSVGA3d: cap[256]=0x00000000 {DXFMT_BC7_UNORM_SRGB}
00:00:13.515152 VMSVGA3d: cap[257]=0x00000000 {RESERVED_2}
00:00:13.515153 VMSVGA3d: cap[258]=0x00000000 {SM5}
00:00:13.515154 VMSVGA3d: cap[259]=0x00000000 {MULTISAMPLE_8X}
00:00:13.515162 AIOMgr: Endpoints without assigned bandwidth groups:
00:00:13.515200 AIOMgr:     C:\Users\Dell\VirtualBox VMs\ubuntu\ubuntu.vdi
00:00:13.515438 Changing the VM state from 'POWERING_ON' to 'RUNNING'
00:00:13.515463 Console: Machine state changed to 'Running'
00:00:13.525575 VMMDev: Guest Log: BIOS: VirtualBox 7.2.2
00:00:13.526430 PCI: Setting up resources and interrupts
00:00:13.527862 PIT: mode=2 count=0x10000 (65536) - 18.20 Hz (ch=0)
00:00:13.558777 Display::i_handleDisplayResize: uScreenId=0 pvVRAM=0000000000000000 w=720 h=400 bpp=0 cbLine=0x0 flags=0x0 origin=0,0
00:00:13.593350 VMMDev: Guest Log: CPUID EDX: 0x178bfbff
00:00:13.593643 PIIX3 ATA: Ctl#0: RESET, DevSel=0 AIOIf=0 CmdIf0=0x00 (-1 usec ago) CmdIf1=0x00 (-1 usec ago)
00:00:13.593734 PIIX3 ATA: Ctl#0: finished processing RESET
00:00:13.598412 GUI: UIMachineViewNormal::resendSizeHint: Restoring guest size-hint for screen 0 to 800x600
00:00:13.600769 AHCI#0: Reset the HBA
00:00:13.600857 VD#0: Cancelling all active requests
00:00:13.601027 AHCI#0: Port 0 reset
00:00:13.601087 VD#0: Cancelling all active requests
00:00:13.603239 VMMDev: Guest Log: BIOS: AHCI 0-P#0: PCHS=16383/16/63 LCHS=1024/255/63 0x0000000003200000 sectors
00:00:13.609848 GUI: UIMachineLogicNormal::sltCheckForRequestedVisualStateType: Requested-state=1, Machine-state=6
00:00:13.675627 PIT: mode=2 count=0x48d3 (18643) - 64.00 Hz (ch=0)
00:00:13.692642 Display::i_handleDisplayResize: uScreenId=0 pvVRAM=000001e5b8c40000 w=640 h=480 bpp=32 cbLine=0xA00 flags=0x0 origin=0,0
00:00:16.145336 Display::i_handleDisplayResize: uScreenId=0 pvVRAM=0000000000000000 w=720 h=400 bpp=0 cbLine=0x0 flags=0x0 origin=0,0
00:00:16.158866 PIT: mode=2 count=0x10000 (65536) - 18.20 Hz (ch=0)
00:00:16.159325 VMMDev: Guest Log: BIOS: Boot : bseqnr=1, bootseq=0231
00:00:16.159710 VMMDev: Guest Log: BIOS: Boot from Floppy 0 failed
00:00:16.160103 VMMDev: Guest Log: BIOS: Boot : bseqnr=2, bootseq=0023
00:00:16.161761 VMMDev: Guest Log: BIOS: Booting from CD-ROM...
00:00:16.525166 GUI: UIMediumEnumerator: Medium-enumeration finished!
00:02:26.742485 GIM: KVM: VCPU  0: Enabled system-time struct. at 0x0000000012e02000 - u32TscScale=0xb6561014 i8TscShift=-1 uVersion=2 fFlags=0x1 uTsc=0x571a094e47 uVirtNanoTS=0x1f04e56aab TscKHz=2807998
00:02:26.742524 TM: Host/VM is not suitable for using TSC mode 'RealTSCOffset', request to change TSC mode ignored
00:02:26.842755 GIM: KVM: Enabled wall-clock struct. at 0x0000000012e01000 - u32Sec=1762947623 u32Nano=350127700 uVersion=2
00:02:26.844583 GUI: UIFrameBufferPrivate::performResize: Size=720x400, Using fallback buffer since no source bitmap is provided
00:02:27.349931 PIT: mode=2 count=0x4a9 (1193) - 1000.15 Hz (ch=0)
00:02:27.659727 PIT: mode=0 count=0x10000 (65536) - 18.20 Hz (ch=0)
00:02:28.766307 OHCI: Software reset
00:02:29.184825 PIIX3 ATA: Ctl#0: RESET, DevSel=0 AIOIf=0 CmdIf0=0xa0 (-1 usec ago) CmdIf1=0x00 (-1 usec ago)
00:02:29.184962 PIIX3 ATA: Ctl#0: finished processing RESET
00:02:29.238493 OHCI: USB Reset
00:02:29.294599 OHCI: Software reset
00:02:29.295430 OHCI: USB Operational
00:02:29.463046 EHCI: Hardware reset
00:02:29.473535 EHCI: USB Operational
00:02:29.638430 EHCI: USB Suspended
00:02:30.543147 MsrExit/0: 0010:ffffffffb96c6987/LM: RDMSR c0011029 -> 00000000 / VERR_CPUM_RAISE_GP_0
00:02:31.607742 AHCI#0: Reset the HBA
00:02:31.607780 VD#0: Cancelling all active requests
00:02:31.887992 AHCI#0: Port 0 reset
00:02:31.889637 VD#0: Cancelling all active requests
00:02:35.153573 NAT: Link up
00:02:56.640608 VMMDev: Guest Log: vboxguest: host-version: 7.2.2r170484 0x8000000f
00:02:56.662464 VMMDev: Guest Additions information report: Version 6.0.0 r127566 '6.0.0'
00:02:56.662564 VMMDev: Guest Additions information report: Interface = 0x00010004 osType = 0x00053100 (Linux >= 2.6, 64-bit)
00:02:56.663123 GUI: UISession::sltAdditionsChange: GA state doesn't really changed, still notifying listeners.
00:02:56.663149 GUI: UIMachineLogicNormal::sltCheckForRequestedVisualStateType: Requested-state=1, Machine-state=6
00:02:56.697653 VMMDev: Guest Additions capability report: (0x0 -> 0x0) seamless: no, hostWindowMapping: no, graphics: no
00:02:56.698152 GUI: UISession::sltAdditionsChange: GA state doesn't really changed, still notifying listeners.
00:02:56.698173 GUI: UIMachineLogicNormal::sltCheckForRequestedVisualStateType: Requested-state=1, Machine-state=6
00:02:56.698428 VMMDev: vmmDevReqHandler_HeartbeatConfigure: No change (fHeartbeatActive=false)
00:02:56.698475 VMMDev: Heartbeat flatline timer set to trigger after 4 000 000 000 ns
00:02:56.700184 VMMDev: Guest Log: vbg_heartbeat_init: Setting up heartbeat to trigger every 2000 milliseconds
00:02:56.705192 GUI: UISession::sltAdditionsChange: GA state really changed, notifying listeners.
00:02:56.711298 GUI: UIMachineViewNormal::adjustGuestScreenSize: Adjust guest-screen size if necessary
00:02:56.711363 GUI: UIMachineLogicNormal::sltCheckForRequestedVisualStateType: Requested-state=1, Machine-state=6
00:02:59.635660 AC97: Reset
00:02:59.635700 AC97: Mixer reset (EAID=0x809, EACS=0x9)
00:02:59.635716 AC97: Record select to left=mic, right=mic
00:02:59.635732 Audio Mixer: MUTING master volume of 'AC'97 Mixer' -- channel volumes: ff ff ff ff ff ff ff ff ff ff ff ff
00:02:59.635750 Audio Mixer: MUTING sink 'AC'97 Mixer/Line In' -- channel volumes: 00 00 00 00 00 00 00 00 00 00 00 00
00:02:59.635767 Audio Mixer: MUTING sink 'AC'97 Mixer/Microphone In' -- channel volumes: 00 00 00 00 00 00 00 00 00 00 00 00
00:02:59.635782 Audio Mixer: MUTING sink 'AC'97 Mixer/PCM Output' -- channel volumes: 00 00 00 00 00 00 00 00 00 00 00 00
00:02:59.635799 Audio Mixer: MUTING sink 'AC'97 Mixer/PCM Output' -- channel volumes: 00 00 00 00 00 00 00 00 00 00 00 00
00:02:59.635816 Audio Mixer: MUTING sink 'AC'97 Mixer/Line In' -- channel volumes: 00 00 00 00 00 00 00 00 00 00 00 00
00:02:59.635837 Audio Mixer: MUTING sink 'AC'97 Mixer/Line In' -- channel volumes: 00 00 00 00 00 00 00 00 00 00 00 00
00:02:59.635856 Audio Mixer: MUTING sink 'AC'97 Mixer/Microphone In' -- channel volumes: 00 00 00 00 00 00 00 00 00 00 00 00
00:02:59.669373 Audio Mixer: MUTING sink 'AC'97 Mixer/Line In' -- channel volumes: 00 00 00 00 00 00 00 00 00 00 00 00
00:02:59.669410 Audio Mixer: MUTING sink 'AC'97 Mixer/Line In' -- channel volumes: 00 00 00 00 00 00 00 00 00 00 00 00
00:02:59.669773 Audio Mixer: MUTING sink 'AC'97 Mixer/Line In' -- channel volumes: 00 00 00 00 00 00 00 00 00 00 00 00
00:02:59.669795 Audio Mixer: MUTING sink 'AC'97 Mixer/Line In' -- channel volumes: 00 00 00 00 00 00 00 00 00 00 00 00
00:02:59.698682 AC97: Reset
00:02:59.698714 AC97: Mixer reset (EAID=0x809, EACS=0x9)
00:02:59.698727 AC97: Record select to left=mic, right=mic
00:02:59.698739 Audio Mixer: MUTING master volume of 'AC'97 Mixer' -- channel volumes: ff ff ff ff ff ff ff ff ff ff ff ff
00:02:59.698752 Audio Mixer: MUTING sink 'AC'97 Mixer/Line In' -- channel volumes: 00 00 00 00 00 00 00 00 00 00 00 00
00:02:59.698764 Audio Mixer: MUTING sink 'AC'97 Mixer/Microphone In' -- channel volumes: 00 00 00 00 00 00 00 00 00 00 00 00
00:02:59.698775 Audio Mixer: MUTING sink 'AC'97 Mixer/PCM Output' -- channel volumes: 00 00 00 00 00 00 00 00 00 00 00 00
00:02:59.698787 Audio Mixer: MUTING sink 'AC'97 Mixer/PCM Output' -- channel volumes: 00 00 00 00 00 00 00 00 00 00 00 00
00:02:59.698799 Audio Mixer: MUTING sink 'AC'97 Mixer/Line In' -- channel volumes: 00 00 00 00 00 00 00 00 00 00 00 00
00:02:59.698810 Audio Mixer: MUTING sink 'AC'97 Mixer/Line In' -- channel volumes: 00 00 00 00 00 00 00 00 00 00 00 00
00:02:59.698822 Audio Mixer: MUTING sink 'AC'97 Mixer/Microphone In' -- channel volumes: 00 00 00 00 00 00 00 00 00 00 00 00
00:03:00.273727 Audio Mixer: Setting master volume of 'AC'97 Mixer' -- channel volumes: ff ff ff ff ff ff ff ff ff ff ff ff
00:03:00.273765 Audio Mixer: MUTING sink 'AC'97 Mixer/Line In' -- channel volumes: 00 00 00 00 00 00 00 00 00 00 00 00
00:03:00.273780 Audio Mixer: MUTING sink 'AC'97 Mixer/Microphone In' -- channel volumes: 00 00 00 00 00 00 00 00 00 00 00 00
00:03:00.273792 Audio Mixer: MUTING sink 'AC'97 Mixer/PCM Output' -- channel volumes: 00 00 00 00 00 00 00 00 00 00 00 00
00:03:00.298636 Audio Mixer: MUTING master volume of 'AC'97 Mixer' -- channel volumes: ff ff ff ff ff ff ff ff ff ff ff ff
00:03:00.298673 Audio Mixer: MUTING sink 'AC'97 Mixer/Line In' -- channel volumes: 00 00 00 00 00 00 00 00 00 00 00 00
00:03:00.298687 Audio Mixer: MUTING sink 'AC'97 Mixer/Microphone In' -- channel volumes: 00 00 00 00 00 00 00 00 00 00 00 00
00:03:00.298699 Audio Mixer: MUTING sink 'AC'97 Mixer/PCM Output' -- channel volumes: 00 00 00 00 00 00 00 00 00 00 00 00
00:03:00.298876 Audio Mixer: MUTING master volume of 'AC'97 Mixer' -- channel volumes: ff ff ff ff ff ff ff ff ff ff ff ff
00:03:00.298894 Audio Mixer: MUTING sink 'AC'97 Mixer/Line In' -- channel volumes: 00 00 00 00 00 00 00 00 00 00 00 00
00:03:00.298907 Audio Mixer: MUTING sink 'AC'97 Mixer/Microphone In' -- channel volumes: 00 00 00 00 00 00 00 00 00 00 00 00
00:03:00.298919 Audio Mixer: MUTING sink 'AC'97 Mixer/PCM Output' -- channel volumes: 00 00 00 00 00 00 00 00 00 00 00 00
00:03:00.299095 Audio Mixer: MUTING master volume of 'AC'97 Mixer' -- channel volumes: ff ff ff ff ff ff ff ff ff ff ff ff
00:03:00.299113 Audio Mixer: MUTING sink 'AC'97 Mixer/Line In' -- channel volumes: 00 00 00 00 00 00 00 00 00 00 00 00
00:03:00.299125 Audio Mixer: MUTING sink 'AC'97 Mixer/Microphone In' -- channel volumes: 00 00 00 00 00 00 00 00 00 00 00 00
00:03:00.299137 Audio Mixer: MUTING sink 'AC'97 Mixer/PCM Output' -- channel volumes: 00 00 00 00 00 00 00 00 00 00 00 00
00:03:00.299220 Audio Mixer: MUTING master volume of 'AC'97 Mixer' -- channel volumes: 83 83 83 83 83 83 83 83 83 83 83 83
00:03:00.299237 Audio Mixer: MUTING sink 'AC'97 Mixer/Line In' -- channel volumes: 00 00 00 00 00 00 00 00 00 00 00 00
00:03:00.299254 Audio Mixer: MUTING sink 'AC'97 Mixer/Microphone In' -- channel volumes: 00 00 00 00 00 00 00 00 00 00 00 00
00:03:00.299269 Audio Mixer: MUTING sink 'AC'97 Mixer/PCM Output' -- channel volumes: 00 00 00 00 00 00 00 00 00 00 00 00
00:03:00.299789 Audio Mixer: MUTING master volume of 'AC'97 Mixer' -- channel volumes: bf bf bf bf bf bf bf bf bf bf bf bf
00:03:00.299807 Audio Mixer: MUTING sink 'AC'97 Mixer/Line In' -- channel volumes: 00 00 00 00 00 00 00 00 00 00 00 00
00:03:00.299820 Audio Mixer: MUTING sink 'AC'97 Mixer/Microphone In' -- channel volumes: 00 00 00 00 00 00 00 00 00 00 00 00
00:03:00.299831 Audio Mixer: MUTING sink 'AC'97 Mixer/PCM Output' -- channel volumes: 00 00 00 00 00 00 00 00 00 00 00 00
00:03:00.354432 Audio Mixer: MUTING master volume of 'AC'97 Mixer' -- channel volumes: 83 83 83 83 83 83 83 83 83 83 83 83
00:03:00.354476 Audio Mixer: MUTING sink 'AC'97 Mixer/Line In' -- channel volumes: 00 00 00 00 00 00 00 00 00 00 00 00
00:03:00.354490 Audio Mixer: MUTING sink 'AC'97 Mixer/Microphone In' -- channel volumes: 00 00 00 00 00 00 00 00 00 00 00 00
00:03:00.354501 Audio Mixer: MUTING sink 'AC'97 Mixer/PCM Output' -- channel volumes: 00 00 00 00 00 00 00 00 00 00 00 00
00:03:00.453640 Enabling different vbva mode
00:03:00.905699 Audio Mixer: MUTING sink 'AC'97 Mixer/PCM Output' -- channel volumes: 00 00 00 00 00 00 00 00 00 00 00 00
00:03:00.906495 Audio Mixer: MUTING sink 'AC'97 Mixer/Line In' -- channel volumes: 00 00 00 00 00 00 00 00 00 00 00 00
00:03:00.906523 Audio Mixer: MUTING sink 'AC'97 Mixer/Line In' -- channel volumes: 00 00 00 00 00 00 00 00 00 00 00 00
00:03:00.937487 Audio Mixer: MUTING sink 'AC'97 Mixer/Line In' -- channel volumes: 00 00 00 00 00 00 00 00 00 00 00 00
00:03:00.937525 Audio Mixer: MUTING sink 'AC'97 Mixer/Line In' -- channel volumes: 00 00 00 00 00 00 00 00 00 00 00 00
00:03:00.938431 Audio Mixer: MUTING sink 'AC'97 Mixer/Line In' -- channel volumes: 00 00 00 00 00 00 00 00 00 00 00 00
00:03:00.938454 Audio Mixer: MUTING sink 'AC'97 Mixer/Line In' -- channel volumes: 00 00 00 00 00 00 00 00 00 00 00 00
00:03:00.999473 Audio Mixer: MUTING sink 'AC'97 Mixer/Line In' -- channel volumes: 00 00 00 00 00 00 00 00 00 00 00 00
00:03:00.999511 Audio Mixer: MUTING sink 'AC'97 Mixer/Line In' -- channel volumes: 00 00 00 00 00 00 00 00 00 00 00 00
00:03:01.001437 AC97: Record select to left=mic, right=mic
00:03:01.045760 Audio Mixer: MUTING sink 'AC'97 Mixer/Line In' -- channel volumes: 00 00 00 00 00 00 00 00 00 00 00 00
00:03:01.045797 Audio Mixer: MUTING sink 'AC'97 Mixer/Line In' -- channel volumes: 00 00 00 00 00 00 00 00 00 00 00 00
00:03:01.970025 VMSVGA: 3D disabled, but command 1115 will be processed
00:03:01.970713 VMSVGA: 3D disabled, but command 1115 will be processed
00:03:01.970768 VMSVGA: 3D disabled, but command 1115 will be processed
00:03:01.970785 VMSVGA: 3D disabled, but command 1115 will be processed
00:03:01.970808 VMSVGA: 3D disabled, but command 1115 will be processed
00:03:01.970822 VMSVGA: 3D disabled, but command 1135 will be processed
00:03:01.970901 VMSVGA: 3D disabled, but command 1097 will be processed
00:03:01.971030 VMSVGA: 3D disabled, but command 1099 will be processed
00:03:01.971076 Display::i_handleDisplayResize: uScreenId=0 pvVRAM=000001e52e8d0000 w=1280 h=800 bpp=32 cbLine=0x1400 flags=0x1 origin=0,0
00:03:02.350508 GUI: UIMediumEnumerator: Medium-enumeration finished!
00:05:56.696575 GUI: UIMediumEnumerator: Medium-enumeration finished!
00:06:02.647466 GUI: UIMediumEnumerator: Medium-enumeration finished!
00:06:19.953720 GUI: UIMediumEnumerator: Medium-enumeration finished!
00:06:20.519208 GUI: UIMediumEnumerator: Medium-enumeration finished!
00:06:24.717009 GUI: UIMediumEnumerator: Medium-enumeration finished!
00:06:26.753184 GUI: UIMediumEnumerator: Medium-enumeration finished!
00:06:27.333994 GUI: UIMediumEnumerator: Medium-enumeration finished!
00:06:42.488931 GUI: UIMediumEnumerator: Medium-enumeration finished!
00:41:44.029516 GUI: UIMediumEnumerator: Medium-enumeration finished!
00:42:07.791369 OHCI: Software reset
00:42:08.042570 ACPI: Reset initiated by ACPI
00:42:08.048897 Changing the VM state from 'RUNNING' to 'RESETTING'
00:42:08.065788 GIM: KVM: Resetting MSRs
00:42:08.091520 PIT: mode=3 count=0x10000 (65536) - 18.20 Hz (ch=0)
00:42:08.095413 Display::i_handleDisplayResize: uScreenId=0 pvVRAM=0000000000000000 w=1280 h=800 bpp=0 cbLine=0x0 flags=0x2 origin=0,0
00:42:08.095785 GUI: UISession::sltAdditionsChange: GA state really changed, notifying listeners.
00:42:08.123408 GUI: UIMachineViewNormal::adjustGuestScreenSize: Adjust guest-screen size if necessary
00:42:08.123522 GUI: UIMachineLogicNormal::sltCheckForRequestedVisualStateType: Requested-state=1, Machine-state=6
00:42:08.136668 Display::i_handleDisplayResize: uScreenId=0 pvVRAM=0000000000000000 w=720 h=400 bpp=0 cbLine=0x0 flags=0x0 origin=0,0
00:42:08.153497 AHCI#0: Reset the HBA
00:42:08.155579 GUI: UIMachineLogic: Guest-screen count changed
00:42:08.155656 VD#0: Cancelling all active requests
00:42:08.156550 PIIX3 ATA: Ctl#0: finished processing RESET
00:42:08.157100 PIIX3 ATA: Ctl#1: finished processing RESET
00:42:08.159002 AC97: Reset
00:42:08.159028 AC97: Mixer reset (EAID=0x809, EACS=0x9)
00:42:08.159047 AC97: Record select to left=mic, right=mic
00:42:08.159063 Audio Mixer: MUTING master volume of 'AC'97 Mixer' -- channel volumes: ff ff ff ff ff ff ff ff ff ff ff ff
00:42:08.159082 Audio Mixer: MUTING sink 'AC'97 Mixer/Line In' -- channel volumes: 00 00 00 00 00 00 00 00 00 00 00 00
00:42:08.159100 Audio Mixer: MUTING sink 'AC'97 Mixer/Microphone In' -- channel volumes: 00 00 00 00 00 00 00 00 00 00 00 00
00:42:08.159118 Audio Mixer: MUTING sink 'AC'97 Mixer/PCM Output' -- channel volumes: 00 00 00 00 00 00 00 00 00 00 00 00
00:42:08.159136 Audio Mixer: MUTING sink 'AC'97 Mixer/PCM Output' -- channel volumes: 00 00 00 00 00 00 00 00 00 00 00 00
00:42:08.159155 Audio Mixer: MUTING sink 'AC'97 Mixer/Line In' -- channel volumes: 00 00 00 00 00 00 00 00 00 00 00 00
00:42:08.159172 Audio Mixer: MUTING sink 'AC'97 Mixer/Line In' -- channel volumes: 00 00 00 00 00 00 00 00 00 00 00 00
00:42:08.159190 Audio Mixer: MUTING sink 'AC'97 Mixer/Microphone In' -- channel volumes: 00 00 00 00 00 00 00 00 00 00 00 00
00:42:08.159952 PDMR3Reset: after    75 ms, 1 loops: 1 async tasks - piix3ide/0
00:42:08.300704 VMMDevNotifyGuest: fAddEvents=0x1 ignored because enmVMState=8
00:42:09.438300 Changing the VM state from 'RESETTING' to 'RUNNING'
00:42:09.438494 OHCI: root hub reset completed with VINF_SUCCESS
00:42:09.446093 VMMDev: Guest Log: BIOS: VirtualBox 7.2.2
00:42:09.446587 PCI: Setting up resources and interrupts
00:42:09.447845 PIT: mode=2 count=0x10000 (65536) - 18.20 Hz (ch=0)
00:42:09.500736 VMMDev: Guest Log: CPUID EDX: 0x178bfbff
00:42:09.501111 PIIX3 ATA: Ctl#0: RESET, DevSel=0 AIOIf=0 CmdIf0=0xa0 (-1 usec ago) CmdIf1=0x00 (-1 usec ago)
00:42:09.501209 PIIX3 ATA: Ctl#0: finished processing RESET
00:42:09.506225 AHCI#0: Reset the HBA
00:42:09.506260 VD#0: Cancelling all active requests
00:42:09.506351 AHCI#0: Port 0 reset
00:42:09.506421 VD#0: Cancelling all active requests
00:42:09.507940 VMMDev: Guest Log: BIOS: AHCI 0-P#0: PCHS=16383/16/63 LCHS=1024/255/63 0x0000000003200000 sectors
00:42:09.563680 PIT: mode=2 count=0x48d3 (18643) - 64.00 Hz (ch=0)
00:42:09.566016 Display::i_handleDisplayResize: uScreenId=0 pvVRAM=000001e5b8c40000 w=640 h=480 bpp=32 cbLine=0xA00 flags=0x0 origin=0,0
00:42:11.047077 PIT: mode=2 count=0x10000 (65536) - 18.20 Hz (ch=0)
00:42:11.047354 VMMDev: Guest Log: BIOS: Boot : bseqnr=1, bootseq=0231
00:42:11.047645 VMMDev: Guest Log: BIOS: Boot from Floppy 0 failed
00:42:11.047905 VMMDev: Guest Log: BIOS: Boot : bseqnr=2, bootseq=0023
00:42:11.048877 VMMDev: Guest Log: BIOS: CDROM boot failure code : 0003
00:42:11.049060 VMMDev: Guest Log: BIOS: Boot from CD-ROM failed
00:42:11.049424 VMMDev: Guest Log: BIOS: Boot : bseqnr=3, bootseq=0002
00:42:11.049961 VMMDev: Guest Log: BIOS: Booting from Hard Disk...
00:42:11.053234 Display::i_handleDisplayResize: uScreenId=0 pvVRAM=0000000000000000 w=720 h=400 bpp=0 cbLine=0x0 flags=0x0 origin=0,0
00:42:12.362990 Display::i_handleDisplayResize: uScreenId=0 pvVRAM=000001e5b8c40000 w=640 h=480 bpp=32 cbLine=0xA00 flags=0x0 origin=0,0
00:42:19.791723 Display::i_handleDisplayResize: uScreenId=0 pvVRAM=000001e5b8c40000 w=640 h=480 bpp=0 cbLine=0x280 flags=0x0 origin=0,0
00:42:19.822397 Display::i_handleDisplayResize: uScreenId=0 pvVRAM=0000000000000000 w=720 h=400 bpp=0 cbLine=0x0 flags=0x0 origin=0,0
00:42:20.636071 GIM: KVM: VCPU  0: Enabled system-time struct. at 0x0000000069a02000 - u32TscScale=0xb6561014 i8TscShift=-1 uVersion=2 fFlags=0x1 uTsc=0x67433a39992 uVirtNanoTS=0x24c6413b776 TscKHz=2807998
00:42:20.636356 TM: Host/VM is not suitable for using TSC mode 'RealTSCOffset', request to change TSC mode ignored
00:42:20.712810 TMR3UtcNow: nsNow=1 762 950 017 226 985 400 nsPrev=1 762 947 623 350 127 700 -> cNsDelta=2 393 876 857 700 (offLag=0 offVirtualSync=0 offVirtualSyncGivenUp=0, NowAgain=1 762 950 017 226 985 400)
00:42:20.712851 GIM: KVM: Enabled wall-clock struct. at 0x0000000069a01000 - u32Sec=1762950017 u32Nano=226985400 uVersion=2
00:42:21.419650 PIT: mode=2 count=0x4a9 (1193) - 1000.15 Hz (ch=0)
00:42:21.799696 PIT: mode=0 count=0x10000 (65536) - 18.20 Hz (ch=0)
00:42:23.246820 OHCI: Software reset
00:42:23.778644 PIIX3 ATA: Ctl#0: RESET, DevSel=0 AIOIf=0 CmdIf0=0xa0 (-1 usec ago) CmdIf1=0x00 (-1 usec ago)
00:42:23.778783 PIIX3 ATA: Ctl#0: finished processing RESET
00:42:23.870341 OHCI: USB Reset
00:42:23.922754 OHCI: Software reset
00:42:23.923579 OHCI: USB Operational
00:42:24.074426 EHCI: Hardware reset
00:42:24.086982 EHCI: USB Operational
00:42:24.217603 EHCI: USB Suspended
00:42:24.283459 MsrExit/0: 0010:ffffffffb10c69a7/LM: RDMSR c0011029 -> 00000000 / VERR_CPUM_RAISE_GP_0
00:42:25.558156 AHCI#0: Reset the HBA
00:42:25.558181 VD#0: Cancelling all active requests
00:42:25.794823 AHCI#0: Port 0 reset
00:42:25.798549 VD#0: Cancelling all active requests
00:42:29.349251 NAT: Link up
00:42:35.503611 VMMDev: Guest Log: vboxguest: host-version: 7.2.2r170484 0x8000000f
00:42:35.535391 VMMDev: Guest Additions information report: Version 6.0.0 r127566 '6.0.0'
00:42:35.536088 VMMDev: Guest Additions information report: Interface = 0x00010004 osType = 0x00053100 (Linux >= 2.6, 64-bit)
00:42:35.536481 GUI: UISession::sltAdditionsChange: GA state doesn't really changed, still notifying listeners.
00:42:35.536508 GUI: UIMachineLogicNormal::sltCheckForRequestedVisualStateType: Requested-state=1, Machine-state=6
00:42:35.576767 VMMDev: Guest Additions capability report: (0x0 -> 0x0) seamless: no, hostWindowMapping: no, graphics: no
00:42:35.577145 GUI: UISession::sltAdditionsChange: GA state doesn't really changed, still notifying listeners.
00:42:35.577170 GUI: UIMachineLogicNormal::sltCheckForRequestedVisualStateType: Requested-state=1, Machine-state=6
00:42:35.610183 VMMDev: Heartbeat checking timer has been stopped (rc=VINF_SUCCESS)
00:42:35.655094 VMMDev: Heartbeat flatline timer set to trigger after 4 000 000 000 ns
00:42:35.657028 VMMDev: Guest Log: vbg_heartbeat_init: Setting up heartbeat to trigger every 2000 milliseconds
00:42:35.693158 GUI: UISession::sltAdditionsChange: GA state really changed, notifying listeners.
00:42:35.699019 GUI: UIMachineViewNormal::adjustGuestScreenSize: Adjust guest-screen size if necessary
00:42:35.699113 GUI: UIMachineLogicNormal::sltCheckForRequestedVisualStateType: Requested-state=1, Machine-state=6
00:42:36.097381 vmsvgaR3FifoLoop: Bad fifo: min=0x0 stop=0x0 max=0x0
00:42:36.101797 Enabling different vbva mode
00:42:36.118767 Display::i_handleDisplayResize: uScreenId=0 pvVRAM=000001e52e8d0000 w=1280 h=800 bpp=32 cbLine=0x1400 flags=0x1 origin=0,0
00:42:36.215360 AC97: Reset
00:42:36.215400 AC97: Mixer reset (EAID=0x809, EACS=0x9)
00:42:36.215413 AC97: Record select to left=mic, right=mic
00:42:36.215425 Audio Mixer: MUTING master volume of 'AC'97 Mixer' -- channel volumes: ff ff ff ff ff ff ff ff ff ff ff ff
00:42:36.215438 Audio Mixer: MUTING sink 'AC'97 Mixer/Line In' -- channel volumes: 00 00 00 00 00 00 00 00 00 00 00 00
00:42:36.215456 Audio Mixer: MUTING sink 'AC'97 Mixer/Microphone In' -- channel volumes: 00 00 00 00 00 00 00 00 00 00 00 00
00:42:36.215471 Audio Mixer: MUTING sink 'AC'97 Mixer/PCM Output' -- channel volumes: 00 00 00 00 00 00 00 00 00 00 00 00
00:42:36.215483 Audio Mixer: MUTING sink 'AC'97 Mixer/PCM Output' -- channel volumes: 00 00 00 00 00 00 00 00 00 00 00 00
00:42:36.215495 Audio Mixer: MUTING sink 'AC'97 Mixer/Line In' -- channel volumes: 00 00 00 00 00 00 00 00 00 00 00 00
00:42:36.215507 Audio Mixer: MUTING sink 'AC'97 Mixer/Line In' -- channel volumes: 00 00 00 00 00 00 00 00 00 00 00 00
00:42:36.215518 Audio Mixer: MUTING sink 'AC'97 Mixer/Microphone In' -- channel volumes: 00 00 00 00 00 00 00 00 00 00 00 00
00:42:36.220875 Audio Mixer: MUTING sink 'AC'97 Mixer/Line In' -- channel volumes: 00 00 00 00 00 00 00 00 00 00 00 00
00:42:36.220910 Audio Mixer: MUTING sink 'AC'97 Mixer/Line In' -- channel volumes: 00 00 00 00 00 00 00 00 00 00 00 00
00:42:36.222369 Audio Mixer: MUTING sink 'AC'97 Mixer/Line In' -- channel volumes: 00 00 00 00 00 00 00 00 00 00 00 00
00:42:36.222398 Audio Mixer: MUTING sink 'AC'97 Mixer/Line In' -- channel volumes: 00 00 00 00 00 00 00 00 00 00 00 00
00:42:36.227360 AC97: Reset
00:42:36.227398 AC97: Mixer reset (EAID=0x809, EACS=0x9)
00:42:36.227414 AC97: Record select to left=mic, right=mic
00:42:36.227428 Audio Mixer: MUTING master volume of 'AC'97 Mixer' -- channel volumes: ff ff ff ff ff ff ff ff ff ff ff ff
00:42:36.227445 Audio Mixer: MUTING sink 'AC'97 Mixer/Line In' -- channel volumes: 00 00 00 00 00 00 00 00 00 00 00 00
00:42:36.227461 Audio Mixer: MUTING sink 'AC'97 Mixer/Microphone In' -- channel volumes: 00 00 00 00 00 00 00 00 00 00 00 00
00:42:36.227477 Audio Mixer: MUTING sink 'AC'97 Mixer/PCM Output' -- channel volumes: 00 00 00 00 00 00 00 00 00 00 00 00
00:42:36.227492 Audio Mixer: MUTING sink 'AC'97 Mixer/PCM Output' -- channel volumes: 00 00 00 00 00 00 00 00 00 00 00 00
00:42:36.227507 Audio Mixer: MUTING sink 'AC'97 Mixer/Line In' -- channel volumes: 00 00 00 00 00 00 00 00 00 00 00 00
00:42:36.227523 Audio Mixer: MUTING sink 'AC'97 Mixer/Line In' -- channel volumes: 00 00 00 00 00 00 00 00 00 00 00 00
00:42:36.227539 Audio Mixer: MUTING sink 'AC'97 Mixer/Microphone In' -- channel volumes: 00 00 00 00 00 00 00 00 00 00 00 00
00:42:36.342295 Audio Mixer: Setting master volume of 'AC'97 Mixer' -- channel volumes: ff ff ff ff ff ff ff ff ff ff ff ff
00:42:36.342333 Audio Mixer: MUTING sink 'AC'97 Mixer/Line In' -- channel volumes: 00 00 00 00 00 00 00 00 00 00 00 00
00:42:36.342347 Audio Mixer: MUTING sink 'AC'97 Mixer/Microphone In' -- channel volumes: 00 00 00 00 00 00 00 00 00 00 00 00
00:42:36.342359 Audio Mixer: MUTING sink 'AC'97 Mixer/PCM Output' -- channel volumes: 00 00 00 00 00 00 00 00 00 00 00 00
00:42:36.352555 Audio Mixer: MUTING master volume of 'AC'97 Mixer' -- channel volumes: ff ff ff ff ff ff ff ff ff ff ff ff
00:42:36.352583 Audio Mixer: MUTING sink 'AC'97 Mixer/Line In' -- channel volumes: 00 00 00 00 00 00 00 00 00 00 00 00
00:42:36.352596 Audio Mixer: MUTING sink 'AC'97 Mixer/Microphone In' -- channel volumes: 00 00 00 00 00 00 00 00 00 00 00 00
00:42:36.352608 Audio Mixer: MUTING sink 'AC'97 Mixer/PCM Output' -- channel volumes: 00 00 00 00 00 00 00 00 00 00 00 00
00:42:36.352824 Audio Mixer: MUTING master volume of 'AC'97 Mixer' -- channel volumes: ff ff ff ff ff ff ff ff ff ff ff ff
00:42:36.352842 Audio Mixer: MUTING sink 'AC'97 Mixer/Line In' -- channel volumes: 00 00 00 00 00 00 00 00 00 00 00 00
00:42:36.352854 Audio Mixer: MUTING sink 'AC'97 Mixer/Microphone In' -- channel volumes: 00 00 00 00 00 00 00 00 00 00 00 00
00:42:36.352866 Audio Mixer: MUTING sink 'AC'97 Mixer/PCM Output' -- channel volumes: 00 00 00 00 00 00 00 00 00 00 00 00
00:42:36.361268 Audio Mixer: MUTING master volume of 'AC'97 Mixer' -- channel volumes: ff ff ff ff ff ff ff ff ff ff ff ff
00:42:36.361295 Audio Mixer: MUTING sink 'AC'97 Mixer/Line In' -- channel volumes: 00 00 00 00 00 00 00 00 00 00 00 00
00:42:36.361312 Audio Mixer: MUTING sink 'AC'97 Mixer/Microphone In' -- channel volumes: 00 00 00 00 00 00 00 00 00 00 00 00
00:42:36.361325 Audio Mixer: MUTING sink 'AC'97 Mixer/PCM Output' -- channel volumes: 00 00 00 00 00 00 00 00 00 00 00 00
00:42:36.361432 Audio Mixer: MUTING master volume of 'AC'97 Mixer' -- channel volumes: 83 83 83 83 83 83 83 83 83 83 83 83
00:42:36.361450 Audio Mixer: MUTING sink 'AC'97 Mixer/Line In' -- channel volumes: 00 00 00 00 00 00 00 00 00 00 00 00
00:42:36.361463 Audio Mixer: MUTING sink 'AC'97 Mixer/Microphone In' -- channel volumes: 00 00 00 00 00 00 00 00 00 00 00 00
00:42:36.361474 Audio Mixer: MUTING sink 'AC'97 Mixer/PCM Output' -- channel volumes: 00 00 00 00 00 00 00 00 00 00 00 00
00:42:36.361799 Audio Mixer: MUTING master volume of 'AC'97 Mixer' -- channel volumes: bf bf bf bf bf bf bf bf bf bf bf bf
00:42:36.361816 Audio Mixer: MUTING sink 'AC'97 Mixer/Line In' -- channel volumes: 00 00 00 00 00 00 00 00 00 00 00 00
00:42:36.361828 Audio Mixer: MUTING sink 'AC'97 Mixer/Microphone In' -- channel volumes: 00 00 00 00 00 00 00 00 00 00 00 00
00:42:36.361839 Audio Mixer: MUTING sink 'AC'97 Mixer/PCM Output' -- channel volumes: 00 00 00 00 00 00 00 00 00 00 00 00
00:42:36.369630 Audio Mixer: MUTING master volume of 'AC'97 Mixer' -- channel volumes: 83 83 83 83 83 83 83 83 83 83 83 83
00:42:36.369671 Audio Mixer: MUTING sink 'AC'97 Mixer/Line In' -- channel volumes: 00 00 00 00 00 00 00 00 00 00 00 00
00:42:36.369688 Audio Mixer: MUTING sink 'AC'97 Mixer/Microphone In' -- channel volumes: 00 00 00 00 00 00 00 00 00 00 00 00
00:42:36.369700 Audio Mixer: MUTING sink 'AC'97 Mixer/PCM Output' -- channel volumes: 00 00 00 00 00 00 00 00 00 00 00 00
00:42:36.503308 Audio Mixer: MUTING sink 'AC'97 Mixer/PCM Output' -- channel volumes: 00 00 00 00 00 00 00 00 00 00 00 00
00:42:36.507241 Audio Mixer: MUTING sink 'AC'97 Mixer/Line In' -- channel volumes: 00 00 00 00 00 00 00 00 00 00 00 00
00:42:36.507277 Audio Mixer: MUTING sink 'AC'97 Mixer/Line In' -- channel volumes: 00 00 00 00 00 00 00 00 00 00 00 00
00:42:36.507315 Audio Mixer: MUTING sink 'AC'97 Mixer/Line In' -- channel volumes: 00 00 00 00 00 00 00 00 00 00 00 00
00:42:36.507315 Audio Mixer: MUTING sink 'AC'97 Mixer/Line In' -- channel volumes: 00 00 00 00 00 00 00 00 00 00 00 00
00:42:36.507315 Audio Mixer: MUTING sink 'AC'97 Mixer/Line In' -- channel volumes: 00 00 00 00 00 00 00 00 00 00 00 00
00:42:36.507315 Audio Mixer: MUTING sink 'AC'97 Mixer/Line In' -- channel volumes: 00 00 00 00 00 00 00 00 00 00 00 00
00:42:36.508281 Audio Mixer: MUTING sink 'AC'97 Mixer/Line In' -- channel volumes: 00 00 00 00 00 00 00 00 00 00 00 00
00:42:36.508300 Audio Mixer: MUTING sink 'AC'97 Mixer/Line In' -- channel volumes: 00 00 00 00 00 00 00 00 00 00 00 00
00:42:36.513179 AC97: Record select to left=mic, right=mic
00:42:36.513342 Audio Mixer: MUTING sink 'AC'97 Mixer/Line In' -- channel volumes: 00 00 00 00 00 00 00 00 00 00 00 00
00:42:36.513365 Audio Mixer: MUTING sink 'AC'97 Mixer/Line In' -- channel volumes: 00 00 00 00 00 00 00 00 00 00 00 00
01:37:54.490995 Console: Machine state changed to 'OnlineSnapshotting'
01:37:54.582964 Saving state of VM, reason 'Snapshot'
01:37:54.584023 Changing the VM state from 'RUNNING' to 'SUSPENDING'
01:37:54.607083 AIOMgr: Endpoint for file 'C:\Users\Dell\VirtualBox VMs\ubuntu\ubuntu.vdi' (flags 000c0781) created successfully
01:37:54.613980 PDMR3Suspend: 28 890 413 ns run time
01:37:54.614102 Changing the VM state from 'SUSPENDING' to 'SUSPENDED'
01:37:54.616152 Changing the VM state from 'SUSPENDED' to 'SAVING'
01:37:54.643941 GUI: UIMediumEnumerator: Medium-enumeration finished!
01:38:03.781574 E1000#0: Interrupt attempts: 927300
01:38:03.781595 E1000#0: Interrupts raised : 316424
01:38:03.781642 E1000#0: Interrupts lowered: 7068
01:38:03.781661 E1000#0: ICR outside ISR   : 0
01:38:03.781677 E1000#0: IMS raised ints   : 69348
01:38:03.781691 E1000#0: Interrupts skipped: 420806
01:38:03.781707 E1000#0: Masked interrupts : 190070
01:38:03.781722 E1000#0: Early interrupts  : 0
01:38:03.781737 E1000#0: Late interrupts   : 63502
01:38:03.781772 E1000#0: Lost interrupts   : 0
01:38:03.781792 E1000#0: Interrupts by RX  : 574029
01:38:03.781805 E1000#0: Interrupts by TX  : 143503
01:38:03.781820 E1000#0: Interrupts by ICS : 2761
01:38:03.781833 E1000#0: Interrupts by RDTR: 0
01:38:03.781845 E1000#0: Interrupts by RDMT: 0
01:38:03.781857 E1000#0: Interrupts by TXQE: 0
01:38:03.781869 E1000#0: TX int delay asked: 0
01:38:03.781880 E1000#0: TX delayed:         0
01:38:03.781891 E1000#0: TX delay expired:   0
01:38:03.781902 E1000#0: TX no report asked: 143551
01:38:03.781913 E1000#0: TX abs timer expd : 0
01:38:03.781925 E1000#0: TX int timer expd : 0
01:38:03.781936 E1000#0: RX abs timer expd : 0
01:38:03.781947 E1000#0: RX int timer expd : 0
01:38:03.781958 E1000#0: TX CTX descriptors: 143307
01:38:03.781970 E1000#0: TX DAT descriptors: 143551
01:38:03.781981 E1000#0: TX LEG descriptors: 196
01:38:03.781992 E1000#0: Received frames   : 574029
01:38:03.782003 E1000#0: Transmitted frames: 143503
01:38:03.782015 E1000#0: TX frames up to 1514: 143494
01:38:03.782026 E1000#0: TX frames up to 2962: 9
01:38:03.782037 E1000#0: TX frames up to 4410: 0
01:38:03.782049 E1000#0: TX frames up to 5858: 0
01:38:03.782072 E1000#0: TX frames up to 7306: 0
01:38:03.782083 E1000#0: TX frames up to 8754: 0
01:38:03.782094 E1000#0: TX frames up to 16384: 0
01:38:03.782104 E1000#0: TX frames up to 32768: 0
01:38:03.782115 E1000#0: Larger TX frames    : 0
01:38:03.782126 E1000#0: Max TX Delay        : 0
01:38:03.865387 SSM: Footer at 0x1dcee171 (500097393), 35 directory entries.
01:38:03.866179 SSM: Successfully saved the VM state to '<remote-machine>'
01:38:03.866239 Changing the VM state from 'SAVING' to 'SUSPENDED'
01:38:03.881889 DrvVD: Flushes will be ignored
01:38:03.881920 DrvVD: Async flushes will be passed to the disk
01:38:03.884471 AIOMgr: Endpoint for file 'C:\Users\Dell\VirtualBox VMs\ubuntu\ubuntu.vdi' (flags 000c0781) created successfully
01:38:03.886456 AIOMgr: Endpoint for file 'C:\Users\Dell\VirtualBox VMs\ubuntu\Snapshots\{40e1ad86-e8a7-43b8-b399-8b031531b828}.vdi' (flags 000c0723) created successfully
01:38:03.887615 VD: Opening the disk took 3506788 ns
01:38:03.887910 AHCI: LUN#0: disk, PCHS=16383/16/63, total number of sectors 52428800
01:38:03.888623 ************************* CFGM dump *************************
01:38:03.889216 [/Devices/ahci/0/LUN#0/] (level 0)
01:38:03.889220   Driver <string>  = "VD" (cb=3)
01:38:03.889221 
01:38:03.889222 [/Devices/ahci/0/LUN#0/Config/] (level 1) (restricted root)
01:38:03.889298   BlockCache <integer> = 0x0000000000000001 (1)
01:38:03.889302   Format     <string>  = "VDI" (cb=4)
01:38:03.889316   Mountable  <integer> = 0x0000000000000000 (0)
01:38:03.889317   Path       <string>  = "C:\Users\Dell\VirtualBox VMs\ubuntu\Snapshots\{40e1ad86-e8a7-43b8-b399-8b031531b828}.vdi" (cb=89)
01:38:03.889318   Type       <string>  = "HardDisk" (cb=9)
01:38:03.889319   UseNewIo   <integer> = 0x0000000000000001 (1)
01:38:03.889320 
01:38:03.889320 [/Devices/ahci/0/LUN#0/Config/Parent/] (level 2)
01:38:03.889322   Format <string>  = "VDI" (cb=4)
01:38:03.889323   Path   <string>  = "C:\Users\Dell\VirtualBox VMs\ubuntu\ubuntu.vdi" (cb=47)
01:38:03.889324 
01:38:03.889324 [/Devices/ahci/0/LUN#0/Config/Parent/VDConfig/] (level 3)
01:38:03.889326   AllocationBlockSize <string>  = "1048576" (cb=8)
01:38:03.889327 
01:38:03.889327 [/Devices/ahci/0/LUN#0/Config/VDConfig/] (level 2)
01:38:03.889328 
01:38:03.889329 ********************* End of CFGM dump **********************
01:38:03.905358 Resuming VM execution, reason 'Snapshot'
01:38:03.905420 Changing the VM state from 'SUSPENDED' to 'RESUMING'
01:38:03.905915 VUSB: Attached 'HidMouse' to port 1 on RootHub#1 (FullSpeed)
01:38:03.906193 Changing the VM state from 'RESUMING' to 'RUNNING'
01:38:03.907269 Console: Machine state changed to 'Running'
01:38:03.979936 GUI: UIMediumEnumerator: Medium-enumeration finished!
01:38:04.002824 GUI: UIMediumEnumerator: Medium-enumeration finished!
01:38:10.214011 AIOMgr: Async flushes not supported
01:40:08.860553 Console: Machine state changed to 'OnlineSnapshotting'
01:40:08.944893 Saving state of VM, reason 'Snapshot'
01:40:08.945113 Changing the VM state from 'RUNNING' to 'SUSPENDING'
01:40:08.965564 AIOMgr: Endpoint for file 'C:\Users\Dell\VirtualBox VMs\ubuntu\Snapshots\{40e1ad86-e8a7-43b8-b399-8b031531b828}.vdi' (flags 000c0781) created successfully
01:40:08.967454 PDMR3Suspend: 22 313 225 ns run time
01:40:08.967500 Changing the VM state from 'SUSPENDING' to 'SUSPENDED'
01:40:08.972411 Changing the VM state from 'SUSPENDED' to 'SAVING'
01:40:09.037657 GUI: UIMediumEnumerator: Medium-enumeration finished!
01:40:15.641097 E1000#0: Interrupt attempts: 931327
01:40:15.641128 E1000#0: Interrupts raised : 317914
01:40:15.641149 E1000#0: Interrupts lowered: 7078
01:40:15.641168 E1000#0: ICR outside ISR   : 0
01:40:15.641185 E1000#0: IMS raised ints   : 69890
01:40:15.641201 E1000#0: Interrupts skipped: 422194
01:40:15.641218 E1000#0: Masked interrupts : 191219
01:40:15.641235 E1000#0: Early interrupts  : 0
01:40:15.641251 E1000#0: Late interrupts   : 64040
01:40:15.641267 E1000#0: Lost interrupts   : 0
01:40:15.641284 E1000#0: Interrupts by RX  : 575975
01:40:15.641301 E1000#0: Interrupts by TX  : 144244
01:40:15.641319 E1000#0: Interrupts by ICS : 2822
01:40:15.641347 E1000#0: Interrupts by RDTR: 0
01:40:15.641365 E1000#0: Interrupts by RDMT: 0
01:40:15.641382 E1000#0: Interrupts by TXQE: 0
01:40:15.641400 E1000#0: TX int delay asked: 0
01:40:15.641417 E1000#0: TX delayed:         0
01:40:15.641434 E1000#0: TX delay expired:   0
01:40:15.641451 E1000#0: TX no report asked: 144302
01:40:15.641468 E1000#0: TX abs timer expd : 0
01:40:15.641486 E1000#0: TX int timer expd : 0
01:40:15.641506 E1000#0: RX abs timer expd : 0
01:40:15.641522 E1000#0: RX int timer expd : 0
01:40:15.641539 E1000#0: TX CTX descriptors: 144042
01:40:15.641557 E1000#0: TX DAT descriptors: 144302
01:40:15.641573 E1000#0: TX LEG descriptors: 202
01:40:15.641590 E1000#0: Received frames   : 575975
01:40:15.641607 E1000#0: Transmitted frames: 144244
01:40:15.641624 E1000#0: TX frames up to 1514: 144235
01:40:15.641641 E1000#0: TX frames up to 2962: 9
01:40:15.641657 E1000#0: TX frames up to 4410: 0
01:40:15.641674 E1000#0: TX frames up to 5858: 0
01:40:15.641692 E1000#0: TX frames up to 7306: 0
01:40:15.641709 E1000#0: TX frames up to 8754: 0
01:40:15.641727 E1000#0: TX frames up to 16384: 0
01:40:15.641744 E1000#0: TX frames up to 32768: 0
01:40:15.641762 E1000#0: Larger TX frames    : 0
01:40:15.641781 E1000#0: Max TX Delay        : 0
01:40:15.720483 SSM: Footer at 0x203ee9e0 (540994016), 35 directory entries.
01:40:15.721099 SSM: Successfully saved the VM state to '<remote-machine>'
01:40:15.721128 Changing the VM state from 'SAVING' to 'SUSPENDED'
01:40:15.730110 DrvVD: Flushes will be ignored
01:40:15.730149 DrvVD: Async flushes will be passed to the disk
01:40:15.732913 AIOMgr: Endpoint for file 'C:\Users\Dell\VirtualBox VMs\ubuntu\ubuntu.vdi' (flags 000c0781) created successfully
01:40:15.734484 AIOMgr: Endpoint for file 'C:\Users\Dell\VirtualBox VMs\ubuntu\Snapshots\{40e1ad86-e8a7-43b8-b399-8b031531b828}.vdi' (flags 000c0781) created successfully
01:40:15.736305 AIOMgr: Endpoint for file 'C:\Users\Dell\VirtualBox VMs\ubuntu\Snapshots\{c923ea2e-55e0-47ed-9473-84bfdae454a4}.vdi' (flags 000c0723) created successfully
01:40:15.737577 VD: Opening the disk took 5134590 ns
01:40:15.737850 AHCI: LUN#0: disk, PCHS=16383/16/63, total number of sectors 52428800
01:40:15.738262 ************************* CFGM dump *************************
01:40:15.738264 [/Devices/ahci/0/LUN#0/] (level 0)
01:40:15.738267   Driver <string>  = "VD" (cb=3)
01:40:15.738269 
01:40:15.738269 [/Devices/ahci/0/LUN#0/Config/] (level 1) (restricted root)
01:40:15.738276   BlockCache <integer> = 0x0000000000000001 (1)
01:40:15.738292   Format     <string>  = "VDI" (cb=4)
01:40:15.738293   Mountable  <integer> = 0x0000000000000000 (0)
01:40:15.738294   Path       <string>  = "C:\Users\Dell\VirtualBox VMs\ubuntu\Snapshots\{c923ea2e-55e0-47ed-9473-84bfdae454a4}.vdi" (cb=89)
01:40:15.738296   Type       <string>  = "HardDisk" (cb=9)
01:40:15.738298   UseNewIo   <integer> = 0x0000000000000001 (1)
01:40:15.738299 
01:40:15.738299 [/Devices/ahci/0/LUN#0/Config/Parent/] (level 2)
01:40:15.738302   Format <string>  = "VDI" (cb=4)
01:40:15.738303   Path   <string>  = "C:\Users\Dell\VirtualBox VMs\ubuntu\Snapshots\{40e1ad86-e8a7-43b8-b399-8b031531b828}.vdi" (cb=89)
01:40:15.738304 
01:40:15.738305 [/Devices/ahci/0/LUN#0/Config/Parent/Parent/] (level 3)
01:40:15.738307   Format <string>  = "VDI" (cb=4)
01:40:15.738308   Path   <string>  = "C:\Users\Dell\VirtualBox VMs\ubuntu\ubuntu.vdi" (cb=47)
01:40:15.738310 
01:40:15.738310 [/Devices/ahci/0/LUN#0/Config/Parent/Parent/VDConfig/] (level 4)
01:40:15.738312   AllocationBlockSize <string>  = "1048576" (cb=8)
01:40:15.738313 
01:40:15.738314 [/Devices/ahci/0/LUN#0/Config/Parent/VDConfig/] (level 3)
01:40:15.738315   AllocationBlockSize <string>  = "1048576" (cb=8)
01:40:15.738316 
01:40:15.738317 [/Devices/ahci/0/LUN#0/Config/VDConfig/] (level 2)
01:40:15.738318 
01:40:15.738319 ********************* End of CFGM dump **********************
01:40:15.757789 Resuming VM execution, reason 'Snapshot'
01:40:15.757861 Changing the VM state from 'SUSPENDED' to 'RESUMING'
01:40:15.758311 VUSB: Attached 'HidMouse' to port 1 on RootHub#1 (FullSpeed)
01:40:15.758644 Changing the VM state from 'RESUMING' to 'RUNNING'
01:40:15.759721 Console: Machine state changed to 'Running'
01:40:15.854202 GUI: UIMediumEnumerator: Medium-enumeration finished!
01:40:15.871102 GUI: UIMediumEnumerator: Medium-enumeration finished!
01:40:21.461643 AIOMgr: Async flushes not supported
01:43:52.736508 Console: Machine state changed to 'OnlineSnapshotting'
01:43:52.794841 Saving state of VM, reason 'Snapshot'
01:43:52.795027 Changing the VM state from 'RUNNING' to 'SUSPENDING'
01:43:52.824148 AIOMgr: Endpoint for file 'C:\Users\Dell\VirtualBox VMs\ubuntu\Snapshots\{c923ea2e-55e0-47ed-9473-84bfdae454a4}.vdi' (flags 000c0781) created successfully
01:43:52.826056 PDMR3Suspend: 30 998 205 ns run time
01:43:52.826104 Changing the VM state from 'SUSPENDING' to 'SUSPENDED'
01:43:52.832417 Changing the VM state from 'SUSPENDED' to 'SAVING'
01:43:52.923903 GUI: UIMediumEnumerator: Medium-enumeration finished!
01:43:59.698448 E1000#0: Interrupt attempts: 931457
01:43:59.698483 E1000#0: Interrupts raised : 318032
01:43:59.698499 E1000#0: Interrupts lowered: 7078
01:43:59.698513 E1000#0: ICR outside ISR   : 0
01:43:59.698529 E1000#0: IMS raised ints   : 69890
01:43:59.698547 E1000#0: Interrupts skipped: 422206
01:43:59.698561 E1000#0: Masked interrupts : 191219
01:43:59.698577 E1000#0: Early interrupts  : 0
01:43:59.698595 E1000#0: Late interrupts   : 64040
01:43:59.698609 E1000#0: Lost interrupts   : 0
01:43:59.698625 E1000#0: Interrupts by RX  : 575983
01:43:59.698642 E1000#0: Interrupts by TX  : 144252
01:43:59.698656 E1000#0: Interrupts by ICS : 2928
01:43:59.698674 E1000#0: Interrupts by RDTR: 0
01:43:59.698689 E1000#0: Interrupts by RDMT: 0
01:43:59.698703 E1000#0: Interrupts by TXQE: 0
01:43:59.698722 E1000#0: TX int delay asked: 0
01:43:59.698737 E1000#0: TX delayed:         0
01:43:59.698755 E1000#0: TX delay expired:   0
01:43:59.698770 E1000#0: TX no report asked: 144306
01:43:59.698784 E1000#0: TX abs timer expd : 0
01:43:59.698800 E1000#0: TX int timer expd : 0
01:43:59.698817 E1000#0: RX abs timer expd : 0
01:43:59.698831 E1000#0: RX int timer expd : 0
01:43:59.698849 E1000#0: TX CTX descriptors: 144046
01:43:59.698865 E1000#0: TX DAT descriptors: 144306
01:43:59.698879 E1000#0: TX LEG descriptors: 206
01:43:59.698898 E1000#0: Received frames   : 575983
01:43:59.698917 E1000#0: Transmitted frames: 144252
01:43:59.698933 E1000#0: TX frames up to 1514: 144243
01:43:59.698947 E1000#0: TX frames up to 2962: 9
01:43:59.698968 E1000#0: TX frames up to 4410: 0
01:43:59.698986 E1000#0: TX frames up to 5858: 0
01:43:59.699003 E1000#0: TX frames up to 7306: 0
01:43:59.699019 E1000#0: TX frames up to 8754: 0
01:43:59.699034 E1000#0: TX frames up to 16384: 0
01:43:59.699051 E1000#0: TX frames up to 32768: 0
01:43:59.699067 E1000#0: Larger TX frames    : 0
01:43:59.699085 E1000#0: Max TX Delay        : 0
01:43:59.779179 SSM: Footer at 0x203e0180 (540934528), 35 directory entries.
01:43:59.779807 SSM: Successfully saved the VM state to '<remote-machine>'
01:43:59.779831 Changing the VM state from 'SAVING' to 'SUSPENDED'
01:43:59.786615 DrvVD: Flushes will be ignored
01:43:59.786641 DrvVD: Async flushes will be passed to the disk
01:43:59.788990 AIOMgr: Endpoint for file 'C:\Users\Dell\VirtualBox VMs\ubuntu\ubuntu.vdi' (flags 000c0781) created successfully
01:43:59.790506 AIOMgr: Endpoint for file 'C:\Users\Dell\VirtualBox VMs\ubuntu\Snapshots\{40e1ad86-e8a7-43b8-b399-8b031531b828}.vdi' (flags 000c0781) created successfully
01:43:59.791670 AIOMgr: Endpoint for file 'C:\Users\Dell\VirtualBox VMs\ubuntu\Snapshots\{c923ea2e-55e0-47ed-9473-84bfdae454a4}.vdi' (flags 000c0781) created successfully
01:43:59.793306 AIOMgr: Endpoint for file 'C:\Users\Dell\VirtualBox VMs\ubuntu\Snapshots\{622455a8-e35d-4150-b5df-62a24bb0365c}.vdi' (flags 000c0723) created successfully
01:43:59.795140 VD: Opening the disk took 6527899 ns
01:43:59.795385 AHCI: LUN#0: disk, PCHS=16383/16/63, total number of sectors 52428800
01:43:59.795804 ************************* CFGM dump *************************
01:43:59.795807 [/Devices/ahci/0/LUN#0/] (level 0)
01:43:59.795810   Driver <string>  = "VD" (cb=3)
01:43:59.795812 
01:43:59.795812 [/Devices/ahci/0/LUN#0/Config/] (level 1) (restricted root)
01:43:59.795815   BlockCache <integer> = 0x0000000000000001 (1)
01:43:59.795818   Format     <string>  = "VDI" (cb=4)
01:43:59.795819   Mountable  <integer> = 0x0000000000000000 (0)
01:43:59.795820   Path       <string>  = "C:\Users\Dell\VirtualBox VMs\ubuntu\Snapshots\{622455a8-e35d-4150-b5df-62a24bb0365c}.vdi" (cb=89)
01:43:59.795822   Type       <string>  = "HardDisk" (cb=9)
01:43:59.795823   UseNewIo   <integer> = 0x0000000000000001 (1)
01:43:59.795824 
01:43:59.795825 [/Devices/ahci/0/LUN#0/Config/Parent/] (level 2)
01:43:59.795827   Format <string>  = "VDI" (cb=4)
01:43:59.795828   Path   <string>  = "C:\Users\Dell\VirtualBox VMs\ubuntu\Snapshots\{c923ea2e-55e0-47ed-9473-84bfdae454a4}.vdi" (cb=89)
01:43:59.795830 
01:43:59.795830 [/Devices/ahci/0/LUN#0/Config/Parent/Parent/] (level 3)
01:43:59.795833   Format <string>  = "VDI" (cb=4)
01:43:59.795834   Path   <string>  = "C:\Users\Dell\VirtualBox VMs\ubuntu\Snapshots\{40e1ad86-e8a7-43b8-b399-8b031531b828}.vdi" (cb=89)
01:43:59.795835 
01:43:59.795835 [/Devices/ahci/0/LUN#0/Config/Parent/Parent/Parent/] (level 4)
01:43:59.795853   Format <string>  = "VDI" (cb=4)
01:43:59.795854   Path   <string>  = "C:\Users\Dell\VirtualBox VMs\ubuntu\ubuntu.vdi" (cb=47)
01:43:59.795855 
01:43:59.795855 [/Devices/ahci/0/LUN#0/Config/Parent/Parent/Parent/VDConfig/] (level 5)
01:43:59.795858   AllocationBlockSize <string>  = "1048576" (cb=8)
01:43:59.795859 
01:43:59.795859 [/Devices/ahci/0/LUN#0/Config/Parent/Parent/VDConfig/] (level 4)
01:43:59.795862   AllocationBlockSize <string>  = "1048576" (cb=8)
01:43:59.795863 
01:43:59.795863 [/Devices/ahci/0/LUN#0/Config/Parent/VDConfig/] (level 3)
01:43:59.795865   AllocationBlockSize <string>  = "1048576" (cb=8)
01:43:59.795866 
01:43:59.795867 [/Devices/ahci/0/LUN#0/Config/VDConfig/] (level 2)
01:43:59.795869 
01:43:59.795870 ********************* End of CFGM dump **********************
01:43:59.824373 Resuming VM execution, reason 'Snapshot'
01:43:59.824441 Changing the VM state from 'SUSPENDED' to 'RESUMING'
01:43:59.824879 VUSB: Attached 'HidMouse' to port 1 on RootHub#1 (FullSpeed)
01:43:59.825165 Changing the VM state from 'RESUMING' to 'RUNNING'
01:43:59.832753 Console: Machine state changed to 'Running'
01:43:59.860107 AIOMgr: Async flushes not supported
01:43:59.904060 GUI: UIMediumEnumerator: Medium-enumeration finished!
01:43:59.916296 GUI: UIMediumEnumerator: Medium-enumeration finished!
01:47:59.253145 Console: Machine state changed to 'OnlineSnapshotting'
01:47:59.326475 Saving state of VM, reason 'Snapshot'
01:47:59.326668 Changing the VM state from 'RUNNING' to 'SUSPENDING'
01:47:59.348567 AIOMgr: Endpoint for file 'C:\Users\Dell\VirtualBox VMs\ubuntu\Snapshots\{622455a8-e35d-4150-b5df-62a24bb0365c}.vdi' (flags 000c0781) created successfully
01:47:59.350040 PDMR3Suspend: 23 339 742 ns run time
01:47:59.350078 Changing the VM state from 'SUSPENDING' to 'SUSPENDED'
01:47:59.351122 Changing the VM state from 'SUSPENDED' to 'SAVING'
01:47:59.449698 GUI: UIMediumEnumerator: Medium-enumeration finished!
01:48:06.037516 E1000#0: Interrupt attempts: 931608
01:48:06.037550 E1000#0: Interrupts raised : 318168
01:48:06.037566 E1000#0: Interrupts lowered: 7078
01:48:06.037581 E1000#0: ICR outside ISR   : 0
01:48:06.037595 E1000#0: IMS raised ints   : 69890
01:48:06.037620 E1000#0: Interrupts skipped: 422221
01:48:06.037636 E1000#0: Masked interrupts : 191219
01:48:06.037650 E1000#0: Early interrupts  : 0
01:48:06.037664 E1000#0: Late interrupts   : 64040
01:48:06.037678 E1000#0: Lost interrupts   : 0
01:48:06.037692 E1000#0: Interrupts by RX  : 575993
01:48:06.037705 E1000#0: Interrupts by TX  : 144264
01:48:06.037718 E1000#0: Interrupts by ICS : 3045
01:48:06.037732 E1000#0: Interrupts by RDTR: 0
01:48:06.037745 E1000#0: Interrupts by RDMT: 0
01:48:06.037759 E1000#0: Interrupts by TXQE: 0
01:48:06.037772 E1000#0: TX int delay asked: 0
01:48:06.037786 E1000#0: TX delayed:         0
01:48:06.037800 E1000#0: TX delay expired:   0
01:48:06.037814 E1000#0: TX no report asked: 144313
01:48:06.037828 E1000#0: TX abs timer expd : 0
01:48:06.037841 E1000#0: TX int timer expd : 0
01:48:06.037854 E1000#0: RX abs timer expd : 0
01:48:06.037868 E1000#0: RX int timer expd : 0
01:48:06.037881 E1000#0: TX CTX descriptors: 144053
01:48:06.037895 E1000#0: TX DAT descriptors: 144313
01:48:06.037909 E1000#0: TX LEG descriptors: 211
01:48:06.037922 E1000#0: Received frames   : 575993
01:48:06.037935 E1000#0: Transmitted frames: 144264
01:48:06.037950 E1000#0: TX frames up to 1514: 144255
01:48:06.037964 E1000#0: TX frames up to 2962: 9
01:48:06.037978 E1000#0: TX frames up to 4410: 0
01:48:06.037993 E1000#0: TX frames up to 5858: 0
01:48:06.038007 E1000#0: TX frames up to 7306: 0
01:48:06.038021 E1000#0: TX frames up to 8754: 0
01:48:06.038035 E1000#0: TX frames up to 16384: 0
01:48:06.038048 E1000#0: TX frames up to 32768: 0
01:48:06.038062 E1000#0: Larger TX frames    : 0
01:48:06.038076 E1000#0: Max TX Delay        : 0
01:48:06.123847 SSM: Footer at 0x20399447 (540644423), 35 directory entries.
01:48:06.124482 SSM: Successfully saved the VM state to '<remote-machine>'
01:48:06.124510 Changing the VM state from 'SAVING' to 'SUSPENDED'
01:48:06.132972 DrvVD: Flushes will be ignored
01:48:06.133004 DrvVD: Async flushes will be passed to the disk
01:48:06.135808 AIOMgr: Endpoint for file 'C:\Users\Dell\VirtualBox VMs\ubuntu\ubuntu.vdi' (flags 000c0781) created successfully
01:48:06.137671 AIOMgr: Endpoint for file 'C:\Users\Dell\VirtualBox VMs\ubuntu\Snapshots\{40e1ad86-e8a7-43b8-b399-8b031531b828}.vdi' (flags 000c0781) created successfully
01:48:06.139260 AIOMgr: Endpoint for file 'C:\Users\Dell\VirtualBox VMs\ubuntu\Snapshots\{c923ea2e-55e0-47ed-9473-84bfdae454a4}.vdi' (flags 000c0781) created successfully
01:48:06.140923 AIOMgr: Endpoint for file 'C:\Users\Dell\VirtualBox VMs\ubuntu\Snapshots\{622455a8-e35d-4150-b5df-62a24bb0365c}.vdi' (flags 000c0781) created successfully
01:48:06.142597 AIOMgr: Endpoint for file 'C:\Users\Dell\VirtualBox VMs\ubuntu\Snapshots\{772b8626-1d37-401c-84e5-e566b785a513}.vdi' (flags 000c0723) created successfully
01:48:06.143907 VD: Opening the disk took 8490563 ns
01:48:06.144161 AHCI: LUN#0: disk, PCHS=16383/16/63, total number of sectors 52428800
01:48:06.144604 ************************* CFGM dump *************************
01:48:06.144607 [/Devices/ahci/0/LUN#0/] (level 0)
01:48:06.144609   Driver <string>  = "VD" (cb=3)
01:48:06.144610 
01:48:06.144611 [/Devices/ahci/0/LUN#0/Config/] (level 1) (restricted root)
01:48:06.144613   BlockCache <integer> = 0x0000000000000001 (1)
01:48:06.144615   Format     <string>  = "VDI" (cb=4)
01:48:06.144616   Mountable  <integer> = 0x0000000000000000 (0)
01:48:06.144618   Path       <string>  = "C:\Users\Dell\VirtualBox VMs\ubuntu\Snapshots\{772b8626-1d37-401c-84e5-e566b785a513}.vdi" (cb=89)
01:48:06.144619   Type       <string>  = "HardDisk" (cb=9)
01:48:06.144620   UseNewIo   <integer> = 0x0000000000000001 (1)
01:48:06.144621 
01:48:06.144622 [/Devices/ahci/0/LUN#0/Config/Parent/] (level 2)
01:48:06.144623   Format <string>  = "VDI" (cb=4)
01:48:06.144624   Path   <string>  = "C:\Users\Dell\VirtualBox VMs\ubuntu\Snapshots\{622455a8-e35d-4150-b5df-62a24bb0365c}.vdi" (cb=89)
01:48:06.144625 
01:48:06.144626 [/Devices/ahci/0/LUN#0/Config/Parent/Parent/] (level 3)
01:48:06.144627   Format <string>  = "VDI" (cb=4)
01:48:06.144628   Path   <string>  = "C:\Users\Dell\VirtualBox VMs\ubuntu\Snapshots\{c923ea2e-55e0-47ed-9473-84bfdae454a4}.vdi" (cb=89)
01:48:06.144629 
01:48:06.144629 [/Devices/ahci/0/LUN#0/Config/Parent/Parent/Parent/] (level 4)
01:48:06.144631   Format <string>  = "VDI" (cb=4)
01:48:06.144632   Path   <string>  = "C:\Users\Dell\VirtualBox VMs\ubuntu\Snapshots\{40e1ad86-e8a7-43b8-b399-8b031531b828}.vdi" (cb=89)
01:48:06.144633 
01:48:06.144633 [/Devices/ahci/0/LUN#0/Config/Parent/Parent/Parent/Parent/] (level 5)
01:48:06.144635   Format <string>  = "VDI" (cb=4)
01:48:06.144636   Path   <string>  = "C:\Users\Dell\VirtualBox VMs\ubuntu\ubuntu.vdi" (cb=47)
01:48:06.144637 
01:48:06.144637 [/Devices/ahci/0/LUN#0/Config/Parent/Parent/Parent/Parent/VDConfig/] (level 6)
01:48:06.144640   AllocationBlockSize <string>  = "1048576" (cb=8)
01:48:06.144640 
01:48:06.144641 [/Devices/ahci/0/LUN#0/Config/Parent/Parent/Parent/VDConfig/] (level 5)
01:48:06.144643   AllocationBlockSize <string>  = "1048576" (cb=8)
01:48:06.144644 
01:48:06.144644 [/Devices/ahci/0/LUN#0/Config/Parent/Parent/VDConfig/] (level 4)
01:48:06.144646   AllocationBlockSize <string>  = "1048576" (cb=8)
01:48:06.144647 
01:48:06.144647 [/Devices/ahci/0/LUN#0/Config/Parent/VDConfig/] (level 3)
01:48:06.144649   AllocationBlockSize <string>  = "1048576" (cb=8)
01:48:06.144649 
01:48:06.144650 [/Devices/ahci/0/LUN#0/Config/VDConfig/] (level 2)
01:48:06.144651 
01:48:06.144652 ********************* End of CFGM dump **********************
01:48:06.166811 Resuming VM execution, reason 'Snapshot'
01:48:06.166884 Changing the VM state from 'SUSPENDED' to 'RESUMING'
01:48:06.167262 VUSB: Attached 'HidMouse' to port 1 on RootHub#1 (FullSpeed)
01:48:06.167631 Changing the VM state from 'RESUMING' to 'RUNNING'
01:48:06.177901 Console: Machine state changed to 'Running'
01:48:06.269840 GUI: UIMediumEnumerator: Medium-enumeration finished!
01:48:10.251420 AIOMgr: Async flushes not supported
01:54:37.207408 Console: Machine state changed to 'OnlineSnapshotting'
01:54:37.273930 Saving state of VM, reason 'Snapshot'
01:54:37.274149 Changing the VM state from 'RUNNING' to 'SUSPENDING'
01:54:37.297802 AIOMgr: Endpoint for file 'C:\Users\Dell\VirtualBox VMs\ubuntu\Snapshots\{772b8626-1d37-401c-84e5-e566b785a513}.vdi' (flags 000c0781) created successfully
01:54:37.299427 PDMR3Suspend: 25 243 759 ns run time
01:54:37.299493 Changing the VM state from 'SUSPENDING' to 'SUSPENDED'
01:54:37.300554 Changing the VM state from 'SUSPENDED' to 'SAVING'
01:54:37.384692 GUI: UIMediumEnumerator: Medium-enumeration finished!
01:54:43.864287 E1000#0: Interrupt attempts: 931839
01:54:43.864312 E1000#0: Interrupts raised : 318379
01:54:43.864327 E1000#0: Interrupts lowered: 7078
01:54:43.864340 E1000#0: ICR outside ISR   : 0
01:54:43.864352 E1000#0: IMS raised ints   : 69890
01:54:43.864365 E1000#0: Interrupts skipped: 422241
01:54:43.864377 E1000#0: Masked interrupts : 191219
01:54:43.864391 E1000#0: Early interrupts  : 0
01:54:43.864404 E1000#0: Late interrupts   : 64040
01:54:43.864416 E1000#0: Lost interrupts   : 0
01:54:43.864428 E1000#0: Interrupts by RX  : 576005
01:54:43.864440 E1000#0: Interrupts by TX  : 144278
01:54:43.864452 E1000#0: Interrupts by ICS : 3236
01:54:43.864464 E1000#0: Interrupts by RDTR: 0
01:54:43.864476 E1000#0: Interrupts by RDMT: 0
01:54:43.864487 E1000#0: Interrupts by TXQE: 0
01:54:43.864499 E1000#0: TX int delay asked: 0
01:54:43.864512 E1000#0: TX delayed:         0
01:54:43.864523 E1000#0: TX delay expired:   0
01:54:43.864535 E1000#0: TX no report asked: 144319
01:54:43.864547 E1000#0: TX abs timer expd : 0
01:54:43.864562 E1000#0: TX int timer expd : 0
01:54:43.864576 E1000#0: RX abs timer expd : 0
01:54:43.864593 E1000#0: RX int timer expd : 0
01:54:43.864610 E1000#0: TX CTX descriptors: 144059
01:54:43.864625 E1000#0: TX DAT descriptors: 144319
01:54:43.864639 E1000#0: TX LEG descriptors: 219
01:54:43.864659 E1000#0: Received frames   : 576005
01:54:43.864673 E1000#0: Transmitted frames: 144278
01:54:43.864686 E1000#0: TX frames up to 1514: 144269
01:54:43.864701 E1000#0: TX frames up to 2962: 9
01:54:43.864714 E1000#0: TX frames up to 4410: 0
01:54:43.864727 E1000#0: TX frames up to 5858: 0
01:54:43.864746 E1000#0: TX frames up to 7306: 0
01:54:43.864761 E1000#0: TX frames up to 8754: 0
01:54:43.864775 E1000#0: TX frames up to 16384: 0
01:54:43.864792 E1000#0: TX frames up to 32768: 0
01:54:43.864808 E1000#0: Larger TX frames    : 0
01:54:43.864822 E1000#0: Max TX Delay        : 0
01:54:43.946113 SSM: Footer at 0x20226a98 (539126424), 35 directory entries.
01:54:43.946891 SSM: Successfully saved the VM state to '<remote-machine>'
01:54:43.946920 Changing the VM state from 'SAVING' to 'SUSPENDED'
01:54:43.956179 DrvVD: Flushes will be ignored
01:54:43.956225 DrvVD: Async flushes will be passed to the disk
01:54:43.958912 AIOMgr: Endpoint for file 'C:\Users\Dell\VirtualBox VMs\ubuntu\ubuntu.vdi' (flags 000c0781) created successfully
01:54:43.960814 AIOMgr: Endpoint for file 'C:\Users\Dell\VirtualBox VMs\ubuntu\Snapshots\{40e1ad86-e8a7-43b8-b399-8b031531b828}.vdi' (flags 000c0781) created successfully
01:54:43.962403 AIOMgr: Endpoint for file 'C:\Users\Dell\VirtualBox VMs\ubuntu\Snapshots\{c923ea2e-55e0-47ed-9473-84bfdae454a4}.vdi' (flags 000c0781) created successfully
01:54:43.963889 AIOMgr: Endpoint for file 'C:\Users\Dell\VirtualBox VMs\ubuntu\Snapshots\{622455a8-e35d-4150-b5df-62a24bb0365c}.vdi' (flags 000c0781) created successfully
01:54:43.965351 AIOMgr: Endpoint for file 'C:\Users\Dell\VirtualBox VMs\ubuntu\Snapshots\{772b8626-1d37-401c-84e5-e566b785a513}.vdi' (flags 000c0781) created successfully
01:54:43.967468 AIOMgr: Endpoint for file 'C:\Users\Dell\VirtualBox VMs\ubuntu\Snapshots\{02fbf0fc-c635-4d0f-92ee-c38c14b15459}.vdi' (flags 000c0723) created successfully
01:54:43.968814 VD: Opening the disk took 10301999 ns
01:54:43.969199 AHCI: LUN#0: disk, PCHS=16383/16/63, total number of sectors 52428800
01:54:43.969807 ************************* CFGM dump *************************
01:54:43.969810 [/Devices/ahci/0/LUN#0/] (level 0)
01:54:43.969815   Driver <string>  = "VD" (cb=3)
01:54:43.969817 
01:54:43.969817 [/Devices/ahci/0/LUN#0/Config/] (level 1) (restricted root)
01:54:43.969822   BlockCache <integer> = 0x0000000000000001 (1)
01:54:43.969825   Format     <string>  = "VDI" (cb=4)
01:54:43.969827   Mountable  <integer> = 0x0000000000000000 (0)
01:54:43.969829   Path       <string>  = "C:\Users\Dell\VirtualBox VMs\ubuntu\Snapshots\{02fbf0fc-c635-4d0f-92ee-c38c14b15459}.vdi" (cb=89)
01:54:43.969831   Type       <string>  = "HardDisk" (cb=9)
01:54:43.969833   UseNewIo   <integer> = 0x0000000000000001 (1)
01:54:43.969834 
01:54:43.969835 [/Devices/ahci/0/LUN#0/Config/Parent/] (level 2)
01:54:43.969838   Format <string>  = "VDI" (cb=4)
01:54:43.969840   Path   <string>  = "C:\Users\Dell\VirtualBox VMs\ubuntu\Snapshots\{772b8626-1d37-401c-84e5-e566b785a513}.vdi" (cb=89)
01:54:43.969841 
01:54:43.969842 [/Devices/ahci/0/LUN#0/Config/Parent/Parent/] (level 3)
01:54:43.969846   Format <string>  = "VDI" (cb=4)
01:54:43.969847   Path   <string>  = "C:\Users\Dell\VirtualBox VMs\ubuntu\Snapshots\{622455a8-e35d-4150-b5df-62a24bb0365c}.vdi" (cb=89)
01:54:43.969849 
01:54:43.969849 [/Devices/ahci/0/LUN#0/Config/Parent/Parent/Parent/] (level 4)
01:54:43.969853   Format <string>  = "VDI" (cb=4)
01:54:43.969854   Path   <string>  = "C:\Users\Dell\VirtualBox VMs\ubuntu\Snapshots\{c923ea2e-55e0-47ed-9473-84bfdae454a4}.vdi" (cb=89)
01:54:43.969856 
01:54:43.969857 [/Devices/ahci/0/LUN#0/Config/Parent/Parent/Parent/Parent/] (level 5)
01:54:43.969861   Format <string>  = "VDI" (cb=4)
01:54:43.969862   Path   <string>  = "C:\Users\Dell\VirtualBox VMs\ubuntu\Snapshots\{40e1ad86-e8a7-43b8-b399-8b031531b828}.vdi" (cb=89)
01:54:43.969864 
01:54:43.969864 [/Devices/ahci/0/LUN#0/Config/Parent/Parent/Parent/Parent/Parent/] (level 6)
01:54:43.969869   Format <string>  = "VDI" (cb=4)
01:54:43.969870   Path   <string>  = "C:\Users\Dell\VirtualBox VMs\ubuntu\ubuntu.vdi" (cb=47)
01:54:43.969872 
01:54:43.969873 [/Devices/ahci/0/LUN#0/Config/Parent/Parent/Parent/Parent/Parent/VDConfig/] (level 7)
01:54:43.969877   AllocationBlockSize <string>  = "1048576" (cb=8)
01:54:43.969879 
01:54:43.969880 [/Devices/ahci/0/LUN#0/Config/Parent/Parent/Parent/Parent/VDConfig/] (level 6)
01:54:43.969884   AllocationBlockSize <string>  = "1048576" (cb=8)
01:54:43.969886 
01:54:43.969886 [/Devices/ahci/0/LUN#0/Config/Parent/Parent/Parent/VDConfig/] (level 5)
01:54:43.969891   AllocationBlockSize <string>  = "1048576" (cb=8)
01:54:43.969892 
01:54:43.969893 [/Devices/ahci/0/LUN#0/Config/Parent/Parent/VDConfig/] (level 4)
01:54:43.969897   AllocationBlockSize <string>  = "1048576" (cb=8)
01:54:43.969898 
01:54:43.969899 [/Devices/ahci/0/LUN#0/Config/Parent/VDConfig/] (level 3)
01:54:43.969902   AllocationBlockSize <string>  = "1048576" (cb=8)
01:54:43.969904 
01:54:43.969904 [/Devices/ahci/0/LUN#0/Config/VDConfig/] (level 2)
01:54:43.969907 
01:54:43.969908 ********************* End of CFGM dump **********************
01:54:44.003041 Resuming VM execution, reason 'Snapshot'
01:54:44.003246 Changing the VM state from 'SUSPENDED' to 'RESUMING'
01:54:44.003706 VUSB: Attached 'HidMouse' to port 1 on RootHub#1 (FullSpeed)
01:54:44.003999 Changing the VM state from 'RESUMING' to 'RUNNING'
01:54:44.004907 Console: Machine state changed to 'Running'
01:54:44.015699 AIOMgr: Async flushes not supported
01:54:44.119568 GUI: UIMediumEnumerator: Medium-enumeration finished!
01:56:49.453175 Console: Machine state changed to 'OnlineSnapshotting'
01:56:49.508060 Saving state of VM, reason 'Snapshot'
01:56:49.508269 Changing the VM state from 'RUNNING' to 'SUSPENDING'
01:56:49.531390 AIOMgr: Endpoint for file 'C:\Users\Dell\VirtualBox VMs\ubuntu\Snapshots\{02fbf0fc-c635-4d0f-92ee-c38c14b15459}.vdi' (flags 000c0781) created successfully
01:56:49.534676 PDMR3Suspend: 26 373 949 ns run time
01:56:49.534727 Changing the VM state from 'SUSPENDING' to 'SUSPENDED'
01:56:49.535964 Changing the VM state from 'SUSPENDED' to 'SAVING'
01:56:49.677692 GUI: UIMediumEnumerator: Medium-enumeration finished!
01:56:56.183419 E1000#0: Interrupt attempts: 931915
01:56:56.183452 E1000#0: Interrupts raised : 318448
01:56:56.183469 E1000#0: Interrupts lowered: 7078
01:56:56.183485 E1000#0: ICR outside ISR   : 0
01:56:56.183501 E1000#0: IMS raised ints   : 69890
01:56:56.183516 E1000#0: Interrupts skipped: 422248
01:56:56.183532 E1000#0: Masked interrupts : 191219
01:56:56.183547 E1000#0: Early interrupts  : 0
01:56:56.183562 E1000#0: Late interrupts   : 64040
01:56:56.183578 E1000#0: Lost interrupts   : 0
01:56:56.183593 E1000#0: Interrupts by RX  : 576010
01:56:56.183608 E1000#0: Interrupts by TX  : 144283
01:56:56.183623 E1000#0: Interrupts by ICS : 3297
01:56:56.183639 E1000#0: Interrupts by RDTR: 0
01:56:56.183654 E1000#0: Interrupts by RDMT: 0
01:56:56.183669 E1000#0: Interrupts by TXQE: 0
01:56:56.183685 E1000#0: TX int delay asked: 0
01:56:56.183704 E1000#0: TX delayed:         0
01:56:56.183722 E1000#0: TX delay expired:   0
01:56:56.183737 E1000#0: TX no report asked: 144322
01:56:56.183753 E1000#0: TX abs timer expd : 0
01:56:56.183768 E1000#0: TX int timer expd : 0
01:56:56.183785 E1000#0: RX abs timer expd : 0
01:56:56.183801 E1000#0: RX int timer expd : 0
01:56:56.183817 E1000#0: TX CTX descriptors: 144062
01:56:56.183832 E1000#0: TX DAT descriptors: 144322
01:56:56.183847 E1000#0: TX LEG descriptors: 221
01:56:56.183862 E1000#0: Received frames   : 576010
01:56:56.183878 E1000#0: Transmitted frames: 144283
01:56:56.183893 E1000#0: TX frames up to 1514: 144274
01:56:56.183908 E1000#0: TX frames up to 2962: 9
01:56:56.183923 E1000#0: TX frames up to 4410: 0
01:56:56.183938 E1000#0: TX frames up to 5858: 0
01:56:56.183954 E1000#0: TX frames up to 7306: 0
01:56:56.183969 E1000#0: TX frames up to 8754: 0
01:56:56.183984 E1000#0: TX frames up to 16384: 0
01:56:56.183999 E1000#0: TX frames up to 32768: 0
01:56:56.184014 E1000#0: Larger TX frames    : 0
01:56:56.184029 E1000#0: Max TX Delay        : 0
01:56:56.254628 SSM: Footer at 0x201c7190 (538734992), 35 directory entries.
01:56:56.255258 SSM: Successfully saved the VM state to '<remote-machine>'
01:56:56.255288 Changing the VM state from 'SAVING' to 'SUSPENDED'
01:56:56.266807 DrvVD: Flushes will be ignored
01:56:56.266854 DrvVD: Async flushes will be passed to the disk
01:56:56.269907 AIOMgr: Endpoint for file 'C:\Users\Dell\VirtualBox VMs\ubuntu\ubuntu.vdi' (flags 000c0781) created successfully
01:56:56.271824 AIOMgr: Endpoint for file 'C:\Users\Dell\VirtualBox VMs\ubuntu\Snapshots\{40e1ad86-e8a7-43b8-b399-8b031531b828}.vdi' (flags 000c0781) created successfully
01:56:56.273388 AIOMgr: Endpoint for file 'C:\Users\Dell\VirtualBox VMs\ubuntu\Snapshots\{c923ea2e-55e0-47ed-9473-84bfdae454a4}.vdi' (flags 000c0781) created successfully
01:56:56.274771 AIOMgr: Endpoint for file 'C:\Users\Dell\VirtualBox VMs\ubuntu\Snapshots\{622455a8-e35d-4150-b5df-62a24bb0365c}.vdi' (flags 000c0781) created successfully
01:56:56.276200 AIOMgr: Endpoint for file 'C:\Users\Dell\VirtualBox VMs\ubuntu\Snapshots\{772b8626-1d37-401c-84e5-e566b785a513}.vdi' (flags 000c0781) created successfully
01:56:56.277674 AIOMgr: Endpoint for file 'C:\Users\Dell\VirtualBox VMs\ubuntu\Snapshots\{02fbf0fc-c635-4d0f-92ee-c38c14b15459}.vdi' (flags 000c0781) created successfully
01:56:56.279303 AIOMgr: Endpoint for file 'C:\Users\Dell\VirtualBox VMs\ubuntu\Snapshots\{de09a35f-fd42-48a0-843b-b8804d1e65ca}.vdi' (flags 000c0723) created successfully
01:56:56.280536 VD: Opening the disk took 11048628 ns
01:56:56.280755 AHCI: LUN#0: disk, PCHS=16383/16/63, total number of sectors 52428800
01:56:56.281070 ************************* CFGM dump *************************
01:56:56.281071 [/Devices/ahci/0/LUN#0/] (level 0)
01:56:56.281073   Driver <string>  = "VD" (cb=3)
01:56:56.281074 
01:56:56.281075 [/Devices/ahci/0/LUN#0/Config/] (level 1) (restricted root)
01:56:56.281077   BlockCache <integer> = 0x0000000000000001 (1)
01:56:56.281078   Format     <string>  = "VDI" (cb=4)
01:56:56.281079   Mountable  <integer> = 0x0000000000000000 (0)
01:56:56.281080   Path       <string>  = "C:\Users\Dell\VirtualBox VMs\ubuntu\Snapshots\{de09a35f-fd42-48a0-843b-b8804d1e65ca}.vdi" (cb=89)
01:56:56.281081   Type       <string>  = "HardDisk" (cb=9)
01:56:56.281082   UseNewIo   <integer> = 0x0000000000000001 (1)
01:56:56.281083 
01:56:56.281083 [/Devices/ahci/0/LUN#0/Config/Parent/] (level 2)
01:56:56.281084   Format <string>  = "VDI" (cb=4)
01:56:56.281085   Path   <string>  = "C:\Users\Dell\VirtualBox VMs\ubuntu\Snapshots\{02fbf0fc-c635-4d0f-92ee-c38c14b15459}.vdi" (cb=89)
01:56:56.281086 
01:56:56.281086 [/Devices/ahci/0/LUN#0/Config/Parent/Parent/] (level 3)
01:56:56.281088   Format <string>  = "VDI" (cb=4)
01:56:56.281088   Path   <string>  = "C:\Users\Dell\VirtualBox VMs\ubuntu\Snapshots\{772b8626-1d37-401c-84e5-e566b785a513}.vdi" (cb=89)
01:56:56.281089 
01:56:56.281089 [/Devices/ahci/0/LUN#0/Config/Parent/Parent/Parent/] (level 4)
01:56:56.281091   Format <string>  = "VDI" (cb=4)
01:56:56.281091   Path   <string>  = "C:\Users\Dell\VirtualBox VMs\ubuntu\Snapshots\{622455a8-e35d-4150-b5df-62a24bb0365c}.vdi" (cb=89)
01:56:56.281092 
01:56:56.281092 [/Devices/ahci/0/LUN#0/Config/Parent/Parent/Parent/Parent/] (level 5)
01:56:56.281094   Format <string>  = "VDI" (cb=4)
01:56:56.281095   Path   <string>  = "C:\Users\Dell\VirtualBox VMs\ubuntu\Snapshots\{c923ea2e-55e0-47ed-9473-84bfdae454a4}.vdi" (cb=89)
01:56:56.281095 
01:56:56.281095 [/Devices/ahci/0/LUN#0/Config/Parent/Parent/Parent/Parent/Parent/] (level 6)
01:56:56.281097   Format <string>  = "VDI" (cb=4)
01:56:56.281098   Path   <string>  = "C:\Users\Dell\VirtualBox VMs\ubuntu\Snapshots\{40e1ad86-e8a7-43b8-b399-8b031531b828}.vdi" (cb=89)
01:56:56.281099 
01:56:56.281099 [/Devices/ahci/0/LUN#0/Config/Parent/Parent/Parent/Parent/Parent/Parent/] (level 7)
01:56:56.281101   Format <string>  = "VDI" (cb=4)
01:56:56.281101   Path   <string>  = "C:\Users\Dell\VirtualBox VMs\ubuntu\ubuntu.vdi" (cb=47)
01:56:56.281102 
01:56:56.281103 [/Devices/ahci/0/LUN#0/Config/Parent/Parent/Parent/Parent/Parent/Parent/VDConfig/] (level 8)
01:56:56.281105   AllocationBlockSize <string>  = "1048576" (cb=8)
01:56:56.281105 
01:56:56.281106 [/Devices/ahci/0/LUN#0/Config/Parent/Parent/Parent/Parent/Parent/VDConfig/] (level 7)
01:56:56.281108   AllocationBlockSize <string>  = "1048576" (cb=8)
01:56:56.281109 
01:56:56.281109 [/Devices/ahci/0/LUN#0/Config/Parent/Parent/Parent/Parent/VDConfig/] (level 6)
01:56:56.281111   AllocationBlockSize <string>  = "1048576" (cb=8)
01:56:56.281111 
01:56:56.281112 [/Devices/ahci/0/LUN#0/Config/Parent/Parent/Parent/VDConfig/] (level 5)
01:56:56.281113   AllocationBlockSize <string>  = "1048576" (cb=8)
01:56:56.281114 
01:56:56.281114 [/Devices/ahci/0/LUN#0/Config/Parent/Parent/VDConfig/] (level 4)
01:56:56.281116   AllocationBlockSize <string>  = "1048576" (cb=8)
01:56:56.281116 
01:56:56.281117 [/Devices/ahci/0/LUN#0/Config/Parent/VDConfig/] (level 3)
01:56:56.281118   AllocationBlockSize <string>  = "1048576" (cb=8)
01:56:56.281118 
01:56:56.281119 [/Devices/ahci/0/LUN#0/Config/VDConfig/] (level 2)
01:56:56.281120 
01:56:56.281120 ********************* End of CFGM dump **********************
01:56:56.319145 Resuming VM execution, reason 'Snapshot'
01:56:56.319205 Changing the VM state from 'SUSPENDED' to 'RESUMING'
01:56:56.319655 VUSB: Attached 'HidMouse' to port 1 on RootHub#1 (FullSpeed)
01:56:56.319959 Changing the VM state from 'RESUMING' to 'RUNNING'
01:56:56.321698 Console: Machine state changed to 'Running'
01:56:56.424491 GUI: UIMediumEnumerator: Medium-enumeration finished!
01:57:01.928587 AIOMgr: Async flushes not supported
01:58:32.239346 Console: Machine state changed to 'OnlineSnapshotting'
01:58:32.301602 Saving state of VM, reason 'Snapshot'
01:58:32.301777 Changing the VM state from 'RUNNING' to 'SUSPENDING'
01:58:32.320941 AIOMgr: Endpoint for file 'C:\Users\Dell\VirtualBox VMs\ubuntu\Snapshots\{de09a35f-fd42-48a0-843b-b8804d1e65ca}.vdi' (flags 000c0781) created successfully
01:58:32.322350 PDMR3Suspend: 20 545 216 ns run time
01:58:32.322383 Changing the VM state from 'SUSPENDING' to 'SUSPENDED'
01:58:32.327085 Changing the VM state from 'SUSPENDED' to 'SAVING'
01:58:32.409731 GUI: UIMediumEnumerator: Medium-enumeration finished!
01:58:38.985114 E1000#0: Interrupt attempts: 931977
01:58:38.985147 E1000#0: Interrupts raised : 318503
01:58:38.985163 E1000#0: Interrupts lowered: 7078
01:58:38.985177 E1000#0: ICR outside ISR   : 0
01:58:38.985191 E1000#0: IMS raised ints   : 69890
01:58:38.985205 E1000#0: Interrupts skipped: 422255
01:58:38.985219 E1000#0: Masked interrupts : 191219
01:58:38.985232 E1000#0: Early interrupts  : 0
01:58:38.985245 E1000#0: Late interrupts   : 64040
01:58:38.985259 E1000#0: Lost interrupts   : 0
01:58:38.985272 E1000#0: Interrupts by RX  : 576015
01:58:38.985285 E1000#0: Interrupts by TX  : 144288
01:58:38.985298 E1000#0: Interrupts by ICS : 3344
01:58:38.985316 E1000#0: Interrupts by RDTR: 0
01:58:38.985333 E1000#0: Interrupts by RDMT: 0
01:58:38.985346 E1000#0: Interrupts by TXQE: 0
01:58:38.985359 E1000#0: TX int delay asked: 0
01:58:38.985372 E1000#0: TX delayed:         0
01:58:38.985385 E1000#0: TX delay expired:   0
01:58:38.985399 E1000#0: TX no report asked: 144325
01:58:38.985413 E1000#0: TX abs timer expd : 0
01:58:38.985426 E1000#0: TX int timer expd : 0
01:58:38.985439 E1000#0: RX abs timer expd : 0
01:58:38.985453 E1000#0: RX int timer expd : 0
01:58:38.985466 E1000#0: TX CTX descriptors: 144065
01:58:38.985480 E1000#0: TX DAT descriptors: 144325
01:58:38.985493 E1000#0: TX LEG descriptors: 223
01:58:38.985506 E1000#0: Received frames   : 576015
01:58:38.985520 E1000#0: Transmitted frames: 144288
01:58:38.985533 E1000#0: TX frames up to 1514: 144279
01:58:38.985546 E1000#0: TX frames up to 2962: 9
01:58:38.985560 E1000#0: TX frames up to 4410: 0
01:58:38.985573 E1000#0: TX frames up to 5858: 0
01:58:38.985587 E1000#0: TX frames up to 7306: 0
01:58:38.985600 E1000#0: TX frames up to 8754: 0
01:58:38.985613 E1000#0: TX frames up to 16384: 0
01:58:38.985626 E1000#0: TX frames up to 32768: 0
01:58:38.985639 E1000#0: Larger TX frames    : 0
01:58:38.985653 E1000#0: Max TX Delay        : 0
01:58:39.053877 SSM: Footer at 0x201b6740 (538666816), 35 directory entries.
01:58:39.054609 SSM: Successfully saved the VM state to '<remote-machine>'
01:58:39.054644 Changing the VM state from 'SAVING' to 'SUSPENDED'
01:58:39.065647 DrvVD: Flushes will be ignored
01:58:39.065696 DrvVD: Async flushes will be passed to the disk
01:58:39.068075 AIOMgr: Endpoint for file 'C:\Users\Dell\VirtualBox VMs\ubuntu\ubuntu.vdi' (flags 000c0781) created successfully
01:58:39.069832 AIOMgr: Endpoint for file 'C:\Users\Dell\VirtualBox VMs\ubuntu\Snapshots\{40e1ad86-e8a7-43b8-b399-8b031531b828}.vdi' (flags 000c0781) created successfully
01:58:39.071237 AIOMgr: Endpoint for file 'C:\Users\Dell\VirtualBox VMs\ubuntu\Snapshots\{c923ea2e-55e0-47ed-9473-84bfdae454a4}.vdi' (flags 000c0781) created successfully
01:58:39.072650 AIOMgr: Endpoint for file 'C:\Users\Dell\VirtualBox VMs\ubuntu\Snapshots\{622455a8-e35d-4150-b5df-62a24bb0365c}.vdi' (flags 000c0781) created successfully
01:58:39.074197 AIOMgr: Endpoint for file 'C:\Users\Dell\VirtualBox VMs\ubuntu\Snapshots\{772b8626-1d37-401c-84e5-e566b785a513}.vdi' (flags 000c0781) created successfully
01:58:39.076023 AIOMgr: Endpoint for file 'C:\Users\Dell\VirtualBox VMs\ubuntu\Snapshots\{02fbf0fc-c635-4d0f-92ee-c38c14b15459}.vdi' (flags 000c0781) created successfully
01:58:39.077946 AIOMgr: Endpoint for file 'C:\Users\Dell\VirtualBox VMs\ubuntu\Snapshots\{de09a35f-fd42-48a0-843b-b8804d1e65ca}.vdi' (flags 000c0781) created successfully
01:58:39.080615 AIOMgr: Endpoint for file 'C:\Users\Dell\VirtualBox VMs\ubuntu\Snapshots\{5f9063eb-9526-43ba-b969-6a018ed0de9f}.vdi' (flags 000c0723) created successfully
01:58:39.081927 VD: Opening the disk took 14179904 ns
01:58:39.082147 AHCI: LUN#0: disk, PCHS=16383/16/63, total number of sectors 52428800
01:58:39.082534 ************************* CFGM dump *************************
01:58:39.082536 [/Devices/ahci/0/LUN#0/] (level 0)
01:58:39.082538   Driver <string>  = "VD" (cb=3)
01:58:39.082540 
01:58:39.082553 [/Devices/ahci/0/LUN#0/Config/] (level 1) (restricted root)
01:58:39.082556   BlockCache <integer> = 0x0000000000000001 (1)
01:58:39.082558   Format     <string>  = "VDI" (cb=4)
01:58:39.082559   Mountable  <integer> = 0x0000000000000000 (0)
01:58:39.082560   Path       <string>  = "C:\Users\Dell\VirtualBox VMs\ubuntu\Snapshots\{5f9063eb-9526-43ba-b969-6a018ed0de9f}.vdi" (cb=89)
01:58:39.082562   Type       <string>  = "HardDisk" (cb=9)
01:58:39.082563   UseNewIo   <integer> = 0x0000000000000001 (1)
01:58:39.082564 
01:58:39.082564 [/Devices/ahci/0/LUN#0/Config/Parent/] (level 2)
01:58:39.082566   Format <string>  = "VDI" (cb=4)
01:58:39.082567   Path   <string>  = "C:\Users\Dell\VirtualBox VMs\ubuntu\Snapshots\{de09a35f-fd42-48a0-843b-b8804d1e65ca}.vdi" (cb=89)
01:58:39.082569 
01:58:39.082569 [/Devices/ahci/0/LUN#0/Config/Parent/Parent/] (level 3)
01:58:39.082571   Format <string>  = "VDI" (cb=4)
01:58:39.082572   Path   <string>  = "C:\Users\Dell\VirtualBox VMs\ubuntu\Snapshots\{02fbf0fc-c635-4d0f-92ee-c38c14b15459}.vdi" (cb=89)
01:58:39.082573 
01:58:39.082574 [/Devices/ahci/0/LUN#0/Config/Parent/Parent/Parent/] (level 4)
01:58:39.082576   Format <string>  = "VDI" (cb=4)
01:58:39.082577   Path   <string>  = "C:\Users\Dell\VirtualBox VMs\ubuntu\Snapshots\{772b8626-1d37-401c-84e5-e566b785a513}.vdi" (cb=89)
01:58:39.082578 
01:58:39.082579 [/Devices/ahci/0/LUN#0/Config/Parent/Parent/Parent/Parent/] (level 5)
01:58:39.082581   Format <string>  = "VDI" (cb=4)
01:58:39.082582   Path   <string>  = "C:\Users\Dell\VirtualBox VMs\ubuntu\Snapshots\{622455a8-e35d-4150-b5df-62a24bb0365c}.vdi" (cb=89)
01:58:39.082583 
01:58:39.082584 [/Devices/ahci/0/LUN#0/Config/Parent/Parent/Parent/Parent/Parent/] (level 6)
01:58:39.082586   Format <string>  = "VDI" (cb=4)
01:58:39.082587   Path   <string>  = "C:\Users\Dell\VirtualBox VMs\ubuntu\Snapshots\{c923ea2e-55e0-47ed-9473-84bfdae454a4}.vdi" (cb=89)
01:58:39.082588 
01:58:39.082589 [/Devices/ahci/0/LUN#0/Config/Parent/Parent/Parent/Parent/Parent/Parent/] (level 7)
01:58:39.082592   Format <string>  = "VDI" (cb=4)
01:58:39.082592   Path   <string>  = "C:\Users\Dell\VirtualBox VMs\ubuntu\Snapshots\{40e1ad86-e8a7-43b8-b399-8b031531b828}.vdi" (cb=89)
01:58:39.082593 
01:58:39.082594 [/Devices/ahci/0/LUN#0/Config/Parent/Parent/Parent/Parent/Parent/Parent/Parent/] (level 8)
01:58:39.082597   Format <string>  = "VDI" (cb=4)
01:58:39.082598   Path   <string>  = "C:\Users\Dell\VirtualBox VMs\ubuntu\ubuntu.vdi" (cb=47)
01:58:39.082599 
01:58:39.082599 [/Devices/ahci/0/LUN#0/Config/Parent/Parent/Parent/Parent/Parent/Parent/Parent/VDConfig/] (level 9)
01:58:39.082603   AllocationBlockSize <string>  = "1048576" (cb=8)
01:58:39.082604 
01:58:39.082604 [/Devices/ahci/0/LUN#0/Config/Parent/Parent/Parent/Parent/Parent/Parent/VDConfig/] (level 8)
01:58:39.082607   AllocationBlockSize <string>  = "1048576" (cb=8)
01:58:39.082608 
01:58:39.082609 [/Devices/ahci/0/LUN#0/Config/Parent/Parent/Parent/Parent/Parent/VDConfig/] (level 7)
01:58:39.082612   AllocationBlockSize <string>  = "1048576" (cb=8)
01:58:39.082613 
01:58:39.082613 [/Devices/ahci/0/LUN#0/Config/Parent/Parent/Parent/Parent/VDConfig/] (level 6)
01:58:39.082616   AllocationBlockSize <string>  = "1048576" (cb=8)
01:58:39.082617 
01:58:39.082617 [/Devices/ahci/0/LUN#0/Config/Parent/Parent/Parent/VDConfig/] (level 5)
01:58:39.082620   AllocationBlockSize <string>  = "1048576" (cb=8)
01:58:39.082620 
01:58:39.082621 [/Devices/ahci/0/LUN#0/Config/Parent/Parent/VDConfig/] (level 4)
01:58:39.082623   AllocationBlockSize <string>  = "1048576" (cb=8)
01:58:39.082624 
01:58:39.082624 [/Devices/ahci/0/LUN#0/Config/Parent/VDConfig/] (level 3)
01:58:39.082627   AllocationBlockSize <string>  = "1048576" (cb=8)
01:58:39.082627 
01:58:39.082628 [/Devices/ahci/0/LUN#0/Config/VDConfig/] (level 2)
01:58:39.082630 
01:58:39.082630 ********************* End of CFGM dump **********************
01:58:39.116826 Resuming VM execution, reason 'Snapshot'
01:58:39.116905 Changing the VM state from 'SUSPENDED' to 'RESUMING'
01:58:39.117267 VUSB: Attached 'HidMouse' to port 1 on RootHub#1 (FullSpeed)
01:58:39.117579 Changing the VM state from 'RESUMING' to 'RUNNING'
01:58:39.118512 Console: Machine state changed to 'Running'
01:58:39.235686 GUI: UIMediumEnumerator: Medium-enumeration finished!
01:58:45.111620 AIOMgr: Async flushes not supported
02:02:17.807639 Console: Machine state changed to 'OnlineSnapshotting'
02:02:17.881777 Saving state of VM, reason 'Snapshot'
02:02:17.881968 Changing the VM state from 'RUNNING' to 'SUSPENDING'
02:02:17.901136 AIOMgr: Endpoint for file 'C:\Users\Dell\VirtualBox VMs\ubuntu\Snapshots\{5f9063eb-9526-43ba-b969-6a018ed0de9f}.vdi' (flags 000c0781) created successfully
02:02:17.902591 PDMR3Suspend: 20 603 035 ns run time
02:02:17.902691 Changing the VM state from 'SUSPENDING' to 'SUSPENDED'
02:02:17.904714 Changing the VM state from 'SUSPENDED' to 'SAVING'
02:02:18.032018 GUI: UIMediumEnumerator: Medium-enumeration finished!
02:02:23.858182 E1000#0: Interrupt attempts: 932113
02:02:23.858219 E1000#0: Interrupts raised : 318626
02:02:23.858240 E1000#0: Interrupts lowered: 7078
02:02:23.858257 E1000#0: ICR outside ISR   : 0
02:02:23.858273 E1000#0: IMS raised ints   : 69890
02:02:23.858293 E1000#0: Interrupts skipped: 422268
02:02:23.858308 E1000#0: Masked interrupts : 191219
02:02:23.858324 E1000#0: Early interrupts  : 0
02:02:23.858344 E1000#0: Late interrupts   : 64040
02:02:23.858360 E1000#0: Lost interrupts   : 0
02:02:23.858389 E1000#0: Interrupts by RX  : 576024
02:02:23.858409 E1000#0: Interrupts by TX  : 144298
02:02:23.858427 E1000#0: Interrupts by ICS : 3451
02:02:23.858443 E1000#0: Interrupts by RDTR: 0
02:02:23.858460 E1000#0: Interrupts by RDMT: 0
02:02:23.858478 E1000#0: Interrupts by TXQE: 0
02:02:23.858498 E1000#0: TX int delay asked: 0
02:02:23.858515 E1000#0: TX delayed:         0
02:02:23.858530 E1000#0: TX delay expired:   0
02:02:23.858544 E1000#0: TX no report asked: 144330
02:02:23.858558 E1000#0: TX abs timer expd : 0
02:02:23.858571 E1000#0: TX int timer expd : 0
02:02:23.858586 E1000#0: RX abs timer expd : 0
02:02:23.858605 E1000#0: RX int timer expd : 0
02:02:23.858622 E1000#0: TX CTX descriptors: 144070
02:02:23.858639 E1000#0: TX DAT descriptors: 144330
02:02:23.858657 E1000#0: TX LEG descriptors: 228
02:02:23.858673 E1000#0: Received frames   : 576024
02:02:23.858687 E1000#0: Transmitted frames: 144298
02:02:23.858702 E1000#0: TX frames up to 1514: 144289
02:02:23.858717 E1000#0: TX frames up to 2962: 9
02:02:23.858731 E1000#0: TX frames up to 4410: 0
02:02:23.858746 E1000#0: TX frames up to 5858: 0
02:02:23.858765 E1000#0: TX frames up to 7306: 0
02:02:23.858781 E1000#0: TX frames up to 8754: 0
02:02:23.858796 E1000#0: TX frames up to 16384: 0
02:02:23.858816 E1000#0: TX frames up to 32768: 0
02:02:23.858832 E1000#0: Larger TX frames    : 0
02:02:23.858849 E1000#0: Max TX Delay        : 0
02:02:23.936079 SSM: Footer at 0x2017ce10 (538430992), 35 directory entries.
02:02:23.936646 SSM: Successfully saved the VM state to '<remote-machine>'
02:02:23.936671 Changing the VM state from 'SAVING' to 'SUSPENDED'
02:02:23.946685 DrvVD: Flushes will be ignored
02:02:23.946719 DrvVD: Async flushes will be passed to the disk
02:02:23.949194 AIOMgr: Endpoint for file 'C:\Users\Dell\VirtualBox VMs\ubuntu\ubuntu.vdi' (flags 000c0781) created successfully
02:02:23.951590 AIOMgr: Endpoint for file 'C:\Users\Dell\VirtualBox VMs\ubuntu\Snapshots\{40e1ad86-e8a7-43b8-b399-8b031531b828}.vdi' (flags 000c0781) created successfully
02:02:23.953175 AIOMgr: Endpoint for file 'C:\Users\Dell\VirtualBox VMs\ubuntu\Snapshots\{c923ea2e-55e0-47ed-9473-84bfdae454a4}.vdi' (flags 000c0781) created successfully
02:02:23.954517 AIOMgr: Endpoint for file 'C:\Users\Dell\VirtualBox VMs\ubuntu\Snapshots\{622455a8-e35d-4150-b5df-62a24bb0365c}.vdi' (flags 000c0781) created successfully
02:02:23.956068 AIOMgr: Endpoint for file 'C:\Users\Dell\VirtualBox VMs\ubuntu\Snapshots\{772b8626-1d37-401c-84e5-e566b785a513}.vdi' (flags 000c0781) created successfully
02:02:23.957689 AIOMgr: Endpoint for file 'C:\Users\Dell\VirtualBox VMs\ubuntu\Snapshots\{02fbf0fc-c635-4d0f-92ee-c38c14b15459}.vdi' (flags 000c0781) created successfully
02:02:23.959096 AIOMgr: Endpoint for file 'C:\Users\Dell\VirtualBox VMs\ubuntu\Snapshots\{de09a35f-fd42-48a0-843b-b8804d1e65ca}.vdi' (flags 000c0781) created successfully
02:02:23.960380 AIOMgr: Endpoint for file 'C:\Users\Dell\VirtualBox VMs\ubuntu\Snapshots\{5f9063eb-9526-43ba-b969-6a018ed0de9f}.vdi' (flags 000c0781) created successfully
02:02:23.961859 AIOMgr: Endpoint for file 'C:\Users\Dell\VirtualBox VMs\ubuntu\Snapshots\{47a4fb66-94e2-4046-9c78-e23fca9e44b1}.vdi' (flags 000c0723) created successfully
02:02:23.962728 VD: Opening the disk took 13823528 ns
02:02:23.962971 AHCI: LUN#0: disk, PCHS=16383/16/63, total number of sectors 52428800
02:02:23.963376 ************************* CFGM dump *************************
02:02:23.963377 [/Devices/ahci/0/LUN#0/] (level 0)
02:02:23.963380   Driver <string>  = "VD" (cb=3)
02:02:23.963382 
02:02:23.963382 [/Devices/ahci/0/LUN#0/Config/] (level 1) (restricted root)
02:02:23.963385   BlockCache <integer> = 0x0000000000000001 (1)
02:02:23.963387   Format     <string>  = "VDI" (cb=4)
02:02:23.963389   Mountable  <integer> = 0x0000000000000000 (0)
02:02:23.963390   Path       <string>  = "C:\Users\Dell\VirtualBox VMs\ubuntu\Snapshots\{47a4fb66-94e2-4046-9c78-e23fca9e44b1}.vdi" (cb=89)
02:02:23.963392   Type       <string>  = "HardDisk" (cb=9)
02:02:23.963393   UseNewIo   <integer> = 0x0000000000000001 (1)
02:02:23.963395 
02:02:23.963395 [/Devices/ahci/0/LUN#0/Config/Parent/] (level 2)
02:02:23.963398   Format <string>  = "VDI" (cb=4)
02:02:23.963399   Path   <string>  = "C:\Users\Dell\VirtualBox VMs\ubuntu\Snapshots\{5f9063eb-9526-43ba-b969-6a018ed0de9f}.vdi" (cb=89)
02:02:23.963400 
02:02:23.963401 [/Devices/ahci/0/LUN#0/Config/Parent/Parent/] (level 3)
02:02:23.963404   Format <string>  = "VDI" (cb=4)
02:02:23.963405   Path   <string>  = "C:\Users\Dell\VirtualBox VMs\ubuntu\Snapshots\{de09a35f-fd42-48a0-843b-b8804d1e65ca}.vdi" (cb=89)
02:02:23.963406 
02:02:23.963406 [/Devices/ahci/0/LUN#0/Config/Parent/Parent/Parent/] (level 4)
02:02:23.963409   Format <string>  = "VDI" (cb=4)
02:02:23.963410   Path   <string>  = "C:\Users\Dell\VirtualBox VMs\ubuntu\Snapshots\{02fbf0fc-c635-4d0f-92ee-c38c14b15459}.vdi" (cb=89)
02:02:23.963412 
02:02:23.963412 [/Devices/ahci/0/LUN#0/Config/Parent/Parent/Parent/Parent/] (level 5)
02:02:23.963415   Format <string>  = "VDI" (cb=4)
02:02:23.963416   Path   <string>  = "C:\Users\Dell\VirtualBox VMs\ubuntu\Snapshots\{772b8626-1d37-401c-84e5-e566b785a513}.vdi" (cb=89)
02:02:23.963417 
02:02:23.963418 [/Devices/ahci/0/LUN#0/Config/Parent/Parent/Parent/Parent/Parent/] (level 6)
02:02:23.963421   Format <string>  = "VDI" (cb=4)
02:02:23.963422   Path   <string>  = "C:\Users\Dell\VirtualBox VMs\ubuntu\Snapshots\{622455a8-e35d-4150-b5df-62a24bb0365c}.vdi" (cb=89)
02:02:23.963423 
02:02:23.963423 [/Devices/ahci/0/LUN#0/Config/Parent/Parent/Parent/Parent/Parent/Parent/] (level 7)
02:02:23.963427   Format <string>  = "VDI" (cb=4)
02:02:23.963428   Path   <string>  = "C:\Users\Dell\VirtualBox VMs\ubuntu\Snapshots\{c923ea2e-55e0-47ed-9473-84bfdae454a4}.vdi" (cb=89)
02:02:23.963429 
02:02:23.963430 [/Devices/ahci/0/LUN#0/Config/Parent/Parent/Parent/Parent/Parent/Parent/Parent/] (level 8)
02:02:23.963434   Format <string>  = "VDI" (cb=4)
02:02:23.963435   Path   <string>  = "C:\Users\Dell\VirtualBox VMs\ubuntu\Snapshots\{40e1ad86-e8a7-43b8-b399-8b031531b828}.vdi" (cb=89)
02:02:23.963436 
02:02:23.963436 [/Devices/ahci/0/LUN#0/Config/Parent/Parent/Parent/Parent/Parent/Parent/Parent/Parent/] (level 9)
02:02:23.963440   Format <string>  = "VDI" (cb=4)
02:02:23.963441   Path   <string>  = "C:\Users\Dell\VirtualBox VMs\ubuntu\ubuntu.vdi" (cb=47)
02:02:23.963442 
02:02:23.963443 [/Devices/ahci/0/LUN#0/Config/Parent/Parent/Parent/Parent/Parent/Parent/Parent/Parent/VDConfig/] (level 10)
02:02:23.963447   AllocationBlockSize <string>  = "1048576" (cb=8)
02:02:23.963448 
02:02:23.963449 [/Devices/ahci/0/LUN#0/Config/Parent/Parent/Parent/Parent/Parent/Parent/Parent/VDConfig/] (level 9)
02:02:23.963452   AllocationBlockSize <string>  = "1048576" (cb=8)
02:02:23.963453 
02:02:23.963454 [/Devices/ahci/0/LUN#0/Config/Parent/Parent/Parent/Parent/Parent/Parent/VDConfig/] (level 8)
02:02:23.963458   AllocationBlockSize <string>  = "1048576" (cb=8)
02:02:23.963459 
02:02:23.963459 [/Devices/ahci/0/LUN#0/Config/Parent/Parent/Parent/Parent/Parent/VDConfig/] (level 7)
02:02:23.963463   AllocationBlockSize <string>  = "1048576" (cb=8)
02:02:23.963464 
02:02:23.963464 [/Devices/ahci/0/LUN#0/Config/Parent/Parent/Parent/Parent/VDConfig/] (level 6)
02:02:23.963468   AllocationBlockSize <string>  = "1048576" (cb=8)
02:02:23.963469 
02:02:23.963469 [/Devices/ahci/0/LUN#0/Config/Parent/Parent/Parent/VDConfig/] (level 5)
02:02:23.963472   AllocationBlockSize <string>  = "1048576" (cb=8)
02:02:23.963473 
02:02:23.963474 [/Devices/ahci/0/LUN#0/Config/Parent/Parent/VDConfig/] (level 4)
02:02:23.963477   AllocationBlockSize <string>  = "1048576" (cb=8)
02:02:23.963562 
02:02:23.963563 [/Devices/ahci/0/LUN#0/Config/Parent/VDConfig/] (level 3)
02:02:23.963565   AllocationBlockSize <string>  = "1048576" (cb=8)
02:02:23.963567 
02:02:23.963567 [/Devices/ahci/0/LUN#0/Config/VDConfig/] (level 2)
02:02:23.963569 
02:02:23.963570 ********************* End of CFGM dump **********************
02:02:24.014199 GUI: UIMediumEnumerator: Medium-enumeration finished!
02:02:24.029401 Resuming VM execution, reason 'Snapshot'
02:02:24.029476 Changing the VM state from 'SUSPENDED' to 'RESUMING'
02:02:24.029887 VUSB: Attached 'HidMouse' to port 1 on RootHub#1 (FullSpeed)
02:02:24.030217 Changing the VM state from 'RESUMING' to 'RUNNING'
02:02:24.039347 Console: Machine state changed to 'Running'
02:02:24.142720 GUI: UIMediumEnumerator: Medium-enumeration finished!
02:02:29.833967 AIOMgr: Async flushes not supported
02:02:54.537783 Console: Machine state changed to 'OnlineSnapshotting'
02:02:54.611262 Saving state of VM, reason 'Snapshot'
02:02:54.611524 Changing the VM state from 'RUNNING' to 'SUSPENDING'
02:02:54.632441 AIOMgr: Endpoint for file 'C:\Users\Dell\VirtualBox VMs\ubuntu\Snapshots\{47a4fb66-94e2-4046-9c78-e23fca9e44b1}.vdi' (flags 000c0781) created successfully
02:02:54.634044 PDMR3Suspend: 22 492 113 ns run time
02:02:54.634134 Changing the VM state from 'SUSPENDING' to 'SUSPENDED'
02:02:54.636894 Changing the VM state from 'SUSPENDED' to 'SAVING'
02:02:54.759688 GUI: UIMediumEnumerator: Medium-enumeration finished!
02:03:00.703474 E1000#0: Interrupt attempts: 932131
02:03:00.703510 E1000#0: Interrupts raised : 318643
02:03:00.703527 E1000#0: Interrupts lowered: 7078
02:03:00.703542 E1000#0: ICR outside ISR   : 0
02:03:00.703556 E1000#0: IMS raised ints   : 69890
02:03:00.703570 E1000#0: Interrupts skipped: 422269
02:03:00.703584 E1000#0: Masked interrupts : 191219
02:03:00.703598 E1000#0: Early interrupts  : 0
02:03:00.703612 E1000#0: Late interrupts   : 64040
02:03:00.703626 E1000#0: Lost interrupts   : 0
02:03:00.703640 E1000#0: Interrupts by RX  : 576025
02:03:00.703653 E1000#0: Interrupts by TX  : 144299
02:03:00.703667 E1000#0: Interrupts by ICS : 3466
02:03:00.703681 E1000#0: Interrupts by RDTR: 0
02:03:00.703694 E1000#0: Interrupts by RDMT: 0
02:03:00.703708 E1000#0: Interrupts by TXQE: 0
02:03:00.703722 E1000#0: TX int delay asked: 0
02:03:00.703735 E1000#0: TX delayed:         0
02:03:00.703750 E1000#0: TX delay expired:   0
02:03:00.703764 E1000#0: TX no report asked: 144331
02:03:00.703778 E1000#0: TX abs timer expd : 0
02:03:00.703791 E1000#0: TX int timer expd : 0
02:03:00.703805 E1000#0: RX abs timer expd : 0
02:03:00.703819 E1000#0: RX int timer expd : 0
02:03:00.703833 E1000#0: TX CTX descriptors: 144071
02:03:00.703847 E1000#0: TX DAT descriptors: 144331
02:03:00.703860 E1000#0: TX LEG descriptors: 228
02:03:00.703874 E1000#0: Received frames   : 576025
02:03:00.703888 E1000#0: Transmitted frames: 144299
02:03:00.703902 E1000#0: TX frames up to 1514: 144290
02:03:00.703916 E1000#0: TX frames up to 2962: 9
02:03:00.703929 E1000#0: TX frames up to 4410: 0
02:03:00.703942 E1000#0: TX frames up to 5858: 0
02:03:00.703955 E1000#0: TX frames up to 7306: 0
02:03:00.703969 E1000#0: TX frames up to 8754: 0
02:03:00.703982 E1000#0: TX frames up to 16384: 0
02:03:00.703995 E1000#0: TX frames up to 32768: 0
02:03:00.704009 E1000#0: Larger TX frames    : 0
02:03:00.704022 E1000#0: Max TX Delay        : 0
02:03:00.777155 SSM: Footer at 0x2018b22c (538489388), 35 directory entries.
02:03:00.777810 SSM: Successfully saved the VM state to '<remote-machine>'
02:03:00.777834 Changing the VM state from 'SAVING' to 'SUSPENDED'
02:03:00.789488 DrvVD: Flushes will be ignored
02:03:00.789640 DrvVD: Async flushes will be passed to the disk
02:03:00.792245 AIOMgr: Endpoint for file 'C:\Users\Dell\VirtualBox VMs\ubuntu\ubuntu.vdi' (flags 000c0781) created successfully
02:03:00.794129 AIOMgr: Endpoint for file 'C:\Users\Dell\VirtualBox VMs\ubuntu\Snapshots\{40e1ad86-e8a7-43b8-b399-8b031531b828}.vdi' (flags 000c0781) created successfully
02:03:00.795912 AIOMgr: Endpoint for file 'C:\Users\Dell\VirtualBox VMs\ubuntu\Snapshots\{c923ea2e-55e0-47ed-9473-84bfdae454a4}.vdi' (flags 000c0781) created successfully
02:03:00.797712 AIOMgr: Endpoint for file 'C:\Users\Dell\VirtualBox VMs\ubuntu\Snapshots\{622455a8-e35d-4150-b5df-62a24bb0365c}.vdi' (flags 000c0781) created successfully
02:03:00.799400 AIOMgr: Endpoint for file 'C:\Users\Dell\VirtualBox VMs\ubuntu\Snapshots\{772b8626-1d37-401c-84e5-e566b785a513}.vdi' (flags 000c0781) created successfully
02:03:00.801461 AIOMgr: Endpoint for file 'C:\Users\Dell\VirtualBox VMs\ubuntu\Snapshots\{02fbf0fc-c635-4d0f-92ee-c38c14b15459}.vdi' (flags 000c0781) created successfully
02:03:00.803026 AIOMgr: Endpoint for file 'C:\Users\Dell\VirtualBox VMs\ubuntu\Snapshots\{de09a35f-fd42-48a0-843b-b8804d1e65ca}.vdi' (flags 000c0781) created successfully
02:03:00.804741 AIOMgr: Endpoint for file 'C:\Users\Dell\VirtualBox VMs\ubuntu\Snapshots\{5f9063eb-9526-43ba-b969-6a018ed0de9f}.vdi' (flags 000c0781) created successfully
02:03:00.806496 AIOMgr: Endpoint for file 'C:\Users\Dell\VirtualBox VMs\ubuntu\Snapshots\{47a4fb66-94e2-4046-9c78-e23fca9e44b1}.vdi' (flags 000c0781) created successfully
02:03:00.808220 AIOMgr: Endpoint for file 'C:\Users\Dell\VirtualBox VMs\ubuntu\Snapshots\{1e57c4fd-78a9-49d7-8985-36006154dfb7}.vdi' (flags 000c0723) created successfully
02:03:00.809539 VD: Opening the disk took 17622016 ns
02:03:00.809772 AHCI: LUN#0: disk, PCHS=16383/16/63, total number of sectors 52428800
02:03:00.810156 ************************* CFGM dump *************************
02:03:00.810161 [/Devices/ahci/0/LUN#0/] (level 0)
02:03:00.810168   Driver <string>  = "VD" (cb=3)
02:03:00.810169 
02:03:00.810170 [/Devices/ahci/0/LUN#0/Config/] (level 1) (restricted root)
02:03:00.810221   BlockCache <integer> = 0x0000000000000001 (1)
02:03:00.810241   Format     <string>  = "VDI" (cb=4)
02:03:00.810242   Mountable  <integer> = 0x0000000000000000 (0)
02:03:00.810244   Path       <string>  = "C:\Users\Dell\VirtualBox VMs\ubuntu\Snapshots\{1e57c4fd-78a9-49d7-8985-36006154dfb7}.vdi" (cb=89)
02:03:00.810245   Type       <string>  = "HardDisk" (cb=9)
02:03:00.810246   UseNewIo   <integer> = 0x0000000000000001 (1)
02:03:00.810248 
02:03:00.810248 [/Devices/ahci/0/LUN#0/Config/Parent/] (level 2)
02:03:00.810263   Format <string>  = "VDI" (cb=4)
02:03:00.810264   Path   <string>  = "C:\Users\Dell\VirtualBox VMs\ubuntu\Snapshots\{47a4fb66-94e2-4046-9c78-e23fca9e44b1}.vdi" (cb=89)
02:03:00.810265 
02:03:00.810266 [/Devices/ahci/0/LUN#0/Config/Parent/Parent/] (level 3)
02:03:00.810268   Format <string>  = "VDI" (cb=4)
02:03:00.810269   Path   <string>  = "C:\Users\Dell\VirtualBox VMs\ubuntu\Snapshots\{5f9063eb-9526-43ba-b969-6a018ed0de9f}.vdi" (cb=89)
02:03:00.810270 
02:03:00.810270 [/Devices/ahci/0/LUN#0/Config/Parent/Parent/Parent/] (level 4)
02:03:00.810273   Format <string>  = "VDI" (cb=4)
02:03:00.810274   Path   <string>  = "C:\Users\Dell\VirtualBox VMs\ubuntu\Snapshots\{de09a35f-fd42-48a0-843b-b8804d1e65ca}.vdi" (cb=89)
02:03:00.810275 
02:03:00.810275 [/Devices/ahci/0/LUN#0/Config/Parent/Parent/Parent/Parent/] (level 5)
02:03:00.810277   Format <string>  = "VDI" (cb=4)
02:03:00.810278   Path   <string>  = "C:\Users\Dell\VirtualBox VMs\ubuntu\Snapshots\{02fbf0fc-c635-4d0f-92ee-c38c14b15459}.vdi" (cb=89)
02:03:00.810279 
02:03:00.810279 [/Devices/ahci/0/LUN#0/Config/Parent/Parent/Parent/Parent/Parent/] (level 6)
02:03:00.810282   Format <string>  = "VDI" (cb=4)
02:03:00.810282   Path   <string>  = "C:\Users\Dell\VirtualBox VMs\ubuntu\Snapshots\{772b8626-1d37-401c-84e5-e566b785a513}.vdi" (cb=89)
02:03:00.810284 
02:03:00.810284 [/Devices/ahci/0/LUN#0/Config/Parent/Parent/Parent/Parent/Parent/Parent/] (level 7)
02:03:00.810287   Format <string>  = "VDI" (cb=4)
02:03:00.810287   Path   <string>  = "C:\Users\Dell\VirtualBox VMs\ubuntu\Snapshots\{622455a8-e35d-4150-b5df-62a24bb0365c}.vdi" (cb=89)
02:03:00.810288 
02:03:00.810289 [/Devices/ahci/0/LUN#0/Config/Parent/Parent/Parent/Parent/Parent/Parent/Parent/] (level 8)
02:03:00.810292   Format <string>  = "VDI" (cb=4)
02:03:00.810293   Path   <string>  = "C:\Users\Dell\VirtualBox VMs\ubuntu\Snapshots\{c923ea2e-55e0-47ed-9473-84bfdae454a4}.vdi" (cb=89)
02:03:00.810294 
02:03:00.810294 [/Devices/ahci/0/LUN#0/Config/Parent/Parent/Parent/Parent/Parent/Parent/Parent/Parent/] (level 9)
02:03:00.810297   Format <string>  = "VDI" (cb=4)
02:03:00.810298   Path   <string>  = "C:\Users\Dell\VirtualBox VMs\ubuntu\Snapshots\{40e1ad86-e8a7-43b8-b399-8b031531b828}.vdi" (cb=89)
02:03:00.810299 
02:03:00.810300 [/Devices/ahci/0/LUN#0/Config/Parent/Parent/Parent/Parent/Parent/Parent/Parent/Parent/Parent/] (level 10)
02:03:00.810303   Format <string>  = "VDI" (cb=4)
02:03:00.810304   Path   <string>  = "C:\Users\Dell\VirtualBox VMs\ubuntu\ubuntu.vdi" (cb=47)
02:03:00.810305 
02:03:00.810306 [/Devices/ahci/0/LUN#0/Config/Parent/Parent/Parent/Parent/Parent/Parent/Parent/Parent/Parent/VDConfig/] (level 11)
02:03:00.810309   AllocationBlockSize <string>  = "1048576" (cb=8)
02:03:00.810310 
02:03:00.810311 [/Devices/ahci/0/LUN#0/Config/Parent/Parent/Parent/Parent/Parent/Parent/Parent/Parent/VDConfig/] (level 10)
02:03:00.810314   AllocationBlockSize <string>  = "1048576" (cb=8)
02:03:00.810315 
02:03:00.810316 [/Devices/ahci/0/LUN#0/Config/Parent/Parent/Parent/Parent/Parent/Parent/Parent/VDConfig/] (level 9)
02:03:00.810319   AllocationBlockSize <string>  = "1048576" (cb=8)
02:03:00.810319 
02:03:00.810320 [/Devices/ahci/0/LUN#0/Config/Parent/Parent/Parent/Parent/Parent/Parent/VDConfig/] (level 8)
02:03:00.810323   AllocationBlockSize <string>  = "1048576" (cb=8)
02:03:00.810323 
02:03:00.810324 [/Devices/ahci/0/LUN#0/Config/Parent/Parent/Parent/Parent/Parent/VDConfig/] (level 7)
02:03:00.810327   AllocationBlockSize <string>  = "1048576" (cb=8)
02:03:00.810327 
02:03:00.810328 [/Devices/ahci/0/LUN#0/Config/Parent/Parent/Parent/Parent/VDConfig/] (level 6)
02:03:00.810330   AllocationBlockSize <string>  = "1048576" (cb=8)
02:03:00.810331 
02:03:00.810332 [/Devices/ahci/0/LUN#0/Config/Parent/Parent/Parent/VDConfig/] (level 5)
02:03:00.810334   AllocationBlockSize <string>  = "1048576" (cb=8)
02:03:00.810335 
02:03:00.810335 [/Devices/ahci/0/LUN#0/Config/Parent/Parent/VDConfig/] (level 4)
02:03:00.810338   AllocationBlockSize <string>  = "1048576" (cb=8)
02:03:00.810338 
02:03:00.810339 [/Devices/ahci/0/LUN#0/Config/Parent/VDConfig/] (level 3)
02:03:00.810341   AllocationBlockSize <string>  = "1048576" (cb=8)
02:03:00.810342 
02:03:00.810342 [/Devices/ahci/0/LUN#0/Config/VDConfig/] (level 2)
02:03:00.810344 
02:03:00.810345 ********************* End of CFGM dump **********************
02:03:00.841057 Resuming VM execution, reason 'Snapshot'
02:03:00.841152 Changing the VM state from 'SUSPENDED' to 'RESUMING'
02:03:00.841538 VUSB: Attached 'HidMouse' to port 1 on RootHub#1 (FullSpeed)
02:03:00.841841 Changing the VM state from 'RESUMING' to 'RUNNING'
02:03:00.843154 Console: Machine state changed to 'Running'
02:03:00.978443 GUI: UIMediumEnumerator: Medium-enumeration finished!
02:03:05.889389 AIOMgr: Async flushes not supported
02:07:04.484851 Console: Machine state changed to 'OnlineSnapshotting'
02:07:04.572229 Saving state of VM, reason 'Snapshot'
02:07:04.572424 Changing the VM state from 'RUNNING' to 'SUSPENDING'
02:07:04.601483 AIOMgr: Endpoint for file 'C:\Users\Dell\VirtualBox VMs\ubuntu\Snapshots\{1e57c4fd-78a9-49d7-8985-36006154dfb7}.vdi' (flags 000c0781) created successfully
02:07:04.602812 PDMR3Suspend: 30 357 893 ns run time
02:07:04.602873 Changing the VM state from 'SUSPENDING' to 'SUSPENDED'
02:07:04.604260 Changing the VM state from 'SUSPENDED' to 'SAVING'
02:07:04.722866 GUI: UIMediumEnumerator: Medium-enumeration finished!
02:07:10.591291 E1000#0: Interrupt attempts: 932280
02:07:10.591321 E1000#0: Interrupts raised : 318778
02:07:10.591336 E1000#0: Interrupts lowered: 7078
02:07:10.591361 E1000#0: ICR outside ISR   : 0
02:07:10.591377 E1000#0: IMS raised ints   : 69890
02:07:10.591392 E1000#0: Interrupts skipped: 422283
02:07:10.591406 E1000#0: Masked interrupts : 191219
02:07:10.591420 E1000#0: Early interrupts  : 0
02:07:10.591438 E1000#0: Late interrupts   : 64040
02:07:10.591457 E1000#0: Lost interrupts   : 0
02:07:10.591472 E1000#0: Interrupts by RX  : 576035
02:07:10.591486 E1000#0: Interrupts by TX  : 144309
02:07:10.591500 E1000#0: Interrupts by ICS : 3585
02:07:10.591514 E1000#0: Interrupts by RDTR: 0
02:07:10.591529 E1000#0: Interrupts by RDMT: 0
02:07:10.591542 E1000#0: Interrupts by TXQE: 0
02:07:10.591556 E1000#0: TX int delay asked: 0
02:07:10.591570 E1000#0: TX delayed:         0
02:07:10.591583 E1000#0: TX delay expired:   0
02:07:10.591596 E1000#0: TX no report asked: 144337
02:07:10.591610 E1000#0: TX abs timer expd : 0
02:07:10.591624 E1000#0: TX int timer expd : 0
02:07:10.591638 E1000#0: RX abs timer expd : 0
02:07:10.591651 E1000#0: RX int timer expd : 0
02:07:10.591665 E1000#0: TX CTX descriptors: 144077
02:07:10.591679 E1000#0: TX DAT descriptors: 144337
02:07:10.591693 E1000#0: TX LEG descriptors: 232
02:07:10.591707 E1000#0: Received frames   : 576035
02:07:10.591721 E1000#0: Transmitted frames: 144309
02:07:10.591735 E1000#0: TX frames up to 1514: 144300
02:07:10.591749 E1000#0: TX frames up to 2962: 9
02:07:10.591763 E1000#0: TX frames up to 4410: 0
02:07:10.591777 E1000#0: TX frames up to 5858: 0
02:07:10.591791 E1000#0: TX frames up to 7306: 0
02:07:10.591804 E1000#0: TX frames up to 8754: 0
02:07:10.591818 E1000#0: TX frames up to 16384: 0
02:07:10.591831 E1000#0: TX frames up to 32768: 0
02:07:10.591844 E1000#0: Larger TX frames    : 0
02:07:10.591857 E1000#0: Max TX Delay        : 0
02:07:10.668720 SSM: Footer at 0x20168077 (538345591), 35 directory entries.
02:07:10.669334 SSM: Successfully saved the VM state to '<remote-machine>'
02:07:10.669359 Changing the VM state from 'SAVING' to 'SUSPENDED'
02:07:10.681371 DrvVD: Flushes will be ignored
02:07:10.681399 DrvVD: Async flushes will be passed to the disk
02:07:10.683833 AIOMgr: Endpoint for file 'C:\Users\Dell\VirtualBox VMs\ubuntu\ubuntu.vdi' (flags 000c0781) created successfully
02:07:10.685402 AIOMgr: Endpoint for file 'C:\Users\Dell\VirtualBox VMs\ubuntu\Snapshots\{40e1ad86-e8a7-43b8-b399-8b031531b828}.vdi' (flags 000c0781) created successfully
02:07:10.686854 AIOMgr: Endpoint for file 'C:\Users\Dell\VirtualBox VMs\ubuntu\Snapshots\{c923ea2e-55e0-47ed-9473-84bfdae454a4}.vdi' (flags 000c0781) created successfully
02:07:10.688358 AIOMgr: Endpoint for file 'C:\Users\Dell\VirtualBox VMs\ubuntu\Snapshots\{622455a8-e35d-4150-b5df-62a24bb0365c}.vdi' (flags 000c0781) created successfully
02:07:10.689802 AIOMgr: Endpoint for file 'C:\Users\Dell\VirtualBox VMs\ubuntu\Snapshots\{772b8626-1d37-401c-84e5-e566b785a513}.vdi' (flags 000c0781) created successfully
02:07:10.691329 AIOMgr: Endpoint for file 'C:\Users\Dell\VirtualBox VMs\ubuntu\Snapshots\{02fbf0fc-c635-4d0f-92ee-c38c14b15459}.vdi' (flags 000c0781) created successfully
02:07:10.692648 AIOMgr: Endpoint for file 'C:\Users\Dell\VirtualBox VMs\ubuntu\Snapshots\{de09a35f-fd42-48a0-843b-b8804d1e65ca}.vdi' (flags 000c0781) created successfully
02:07:10.694126 AIOMgr: Endpoint for file 'C:\Users\Dell\VirtualBox VMs\ubuntu\Snapshots\{5f9063eb-9526-43ba-b969-6a018ed0de9f}.vdi' (flags 000c0781) created successfully
02:07:10.695530 AIOMgr: Endpoint for file 'C:\Users\Dell\VirtualBox VMs\ubuntu\Snapshots\{47a4fb66-94e2-4046-9c78-e23fca9e44b1}.vdi' (flags 000c0781) created successfully
02:07:10.697020 AIOMgr: Endpoint for file 'C:\Users\Dell\VirtualBox VMs\ubuntu\Snapshots\{1e57c4fd-78a9-49d7-8985-36006154dfb7}.vdi' (flags 000c0781) created successfully
02:07:10.698650 AIOMgr: Endpoint for file 'C:\Users\Dell\VirtualBox VMs\ubuntu\Snapshots\{076bac04-3587-4e85-b779-7da3c386c13a}.vdi' (flags 000c0723) created successfully
02:07:10.699987 VD: Opening the disk took 16454297 ns
02:07:10.700177 AHCI: LUN#0: disk, PCHS=16383/16/63, total number of sectors 52428800
02:07:10.700648 ************************* CFGM dump *************************
02:07:10.700650 [/Devices/ahci/0/LUN#0/] (level 0)
02:07:10.700652   Driver <string>  = "VD" (cb=3)
02:07:10.700653 
02:07:10.700654 [/Devices/ahci/0/LUN#0/Config/] (level 1) (restricted root)
02:07:10.700656   BlockCache <integer> = 0x0000000000000001 (1)
02:07:10.700658   Format     <string>  = "VDI" (cb=4)
02:07:10.700659   Mountable  <integer> = 0x0000000000000000 (0)
02:07:10.700660   Path       <string>  = "C:\Users\Dell\VirtualBox VMs\ubuntu\Snapshots\{076bac04-3587-4e85-b779-7da3c386c13a}.vdi" (cb=89)
02:07:10.700661   Type       <string>  = "HardDisk" (cb=9)
02:07:10.700662   UseNewIo   <integer> = 0x0000000000000001 (1)
02:07:10.700663 
02:07:10.700663 [/Devices/ahci/0/LUN#0/Config/Parent/] (level 2)
02:07:10.700665   Format <string>  = "VDI" (cb=4)
02:07:10.700665   Path   <string>  = "C:\Users\Dell\VirtualBox VMs\ubuntu\Snapshots\{1e57c4fd-78a9-49d7-8985-36006154dfb7}.vdi" (cb=89)
02:07:10.700666 
02:07:10.700667 [/Devices/ahci/0/LUN#0/Config/Parent/Parent/] (level 3)
02:07:10.700668   Format <string>  = "VDI" (cb=4)
02:07:10.700669   Path   <string>  = "C:\Users\Dell\VirtualBox VMs\ubuntu\Snapshots\{47a4fb66-94e2-4046-9c78-e23fca9e44b1}.vdi" (cb=89)
02:07:10.700670 
02:07:10.700670 [/Devices/ahci/0/LUN#0/Config/Parent/Parent/Parent/] (level 4)
02:07:10.700672   Format <string>  = "VDI" (cb=4)
02:07:10.700672   Path   <string>  = "C:\Users\Dell\VirtualBox VMs\ubuntu\Snapshots\{5f9063eb-9526-43ba-b969-6a018ed0de9f}.vdi" (cb=89)
02:07:10.700673 
02:07:10.700673 [/Devices/ahci/0/LUN#0/Config/Parent/Parent/Parent/Parent/] (level 5)
02:07:10.700675   Format <string>  = "VDI" (cb=4)
02:07:10.700676   Path   <string>  = "C:\Users\Dell\VirtualBox VMs\ubuntu\Snapshots\{de09a35f-fd42-48a0-843b-b8804d1e65ca}.vdi" (cb=89)
02:07:10.700676 
02:07:10.700677 [/Devices/ahci/0/LUN#0/Config/Parent/Parent/Parent/Parent/Parent/] (level 6)
02:07:10.700678   Format <string>  = "VDI" (cb=4)
02:07:10.700679   Path   <string>  = "C:\Users\Dell\VirtualBox VMs\ubuntu\Snapshots\{02fbf0fc-c635-4d0f-92ee-c38c14b15459}.vdi" (cb=89)
02:07:10.700680 
02:07:10.700680 [/Devices/ahci/0/LUN#0/Config/Parent/Parent/Parent/Parent/Parent/Parent/] (level 7)
02:07:10.700682   Format <string>  = "VDI" (cb=4)
02:07:10.700682   Path   <string>  = "C:\Users\Dell\VirtualBox VMs\ubuntu\Snapshots\{772b8626-1d37-401c-84e5-e566b785a513}.vdi" (cb=89)
02:07:10.700683 
02:07:10.700683 [/Devices/ahci/0/LUN#0/Config/Parent/Parent/Parent/Parent/Parent/Parent/Parent/] (level 8)
02:07:10.700685   Format <string>  = "VDI" (cb=4)
02:07:10.700686   Path   <string>  = "C:\Users\Dell\VirtualBox VMs\ubuntu\Snapshots\{622455a8-e35d-4150-b5df-62a24bb0365c}.vdi" (cb=89)
02:07:10.700687 
02:07:10.700687 [/Devices/ahci/0/LUN#0/Config/Parent/Parent/Parent/Parent/Parent/Parent/Parent/Parent/] (level 9)
02:07:10.700691   Format <string>  = "VDI" (cb=4)
02:07:10.700692   Path   <string>  = "C:\Users\Dell\VirtualBox VMs\ubuntu\Snapshots\{c923ea2e-55e0-47ed-9473-84bfdae454a4}.vdi" (cb=89)
02:07:10.700692 
02:07:10.700692 [/Devices/ahci/0/LUN#0/Config/Parent/Parent/Parent/Parent/Parent/Parent/Parent/Parent/Parent/] (level 10)
02:07:10.700696   Format <string>  = "VDI" (cb=4)
02:07:10.700697   Path   <string>  = "C:\Users\Dell\VirtualBox VMs\ubuntu\Snapshots\{40e1ad86-e8a7-43b8-b399-8b031531b828}.vdi" (cb=89)
02:07:10.700697 
02:07:10.700698 [/Devices/ahci/0/LUN#0/Config/Parent/Parent/Parent/Parent/Parent/Parent/Parent/Parent/Parent/Parent/] (level 11)
02:07:10.700702   Format <string>  = "VDI" (cb=4)
02:07:10.700703   Path   <string>  = "C:\Users\Dell\VirtualBox VMs\ubuntu\ubuntu.vdi" (cb=47)
02:07:10.700704 
02:07:10.700704 [/Devices/ahci/0/LUN#0/Config/Parent/Parent/Parent/Parent/Parent/Parent/Parent/Parent/Parent/Parent/VDConfig/] (level 12)
02:07:10.700709   AllocationBlockSize <string>  = "1048576" (cb=8)
02:07:10.700710 
02:07:10.700710 [/Devices/ahci/0/LUN#0/Config/Parent/Parent/Parent/Parent/Parent/Parent/Parent/Parent/Parent/VDConfig/] (level 11)
02:07:10.700713   AllocationBlockSize <string>  = "1048576" (cb=8)
02:07:10.700714 
02:07:10.700715 [/Devices/ahci/0/LUN#0/Config/Parent/Parent/Parent/Parent/Parent/Parent/Parent/Parent/VDConfig/] (level 10)
02:07:10.700717   AllocationBlockSize <string>  = "1048576" (cb=8)
02:07:10.700718 
02:07:10.700718 [/Devices/ahci/0/LUN#0/Config/Parent/Parent/Parent/Parent/Parent/Parent/Parent/VDConfig/] (level 9)
02:07:10.700720   AllocationBlockSize <string>  = "1048576" (cb=8)
02:07:10.700721 
02:07:10.700721 [/Devices/ahci/0/LUN#0/Config/Parent/Parent/Parent/Parent/Parent/Parent/VDConfig/] (level 8)
02:07:10.700723   AllocationBlockSize <string>  = "1048576" (cb=8)
02:07:10.700724 
02:07:10.700724 [/Devices/ahci/0/LUN#0/Config/Parent/Parent/Parent/Parent/Parent/VDConfig/] (level 7)
02:07:10.700726   AllocationBlockSize <string>  = "1048576" (cb=8)
02:07:10.700727 
02:07:10.700727 [/Devices/ahci/0/LUN#0/Config/Parent/Parent/Parent/Parent/VDConfig/] (level 6)
02:07:10.700729   AllocationBlockSize <string>  = "1048576" (cb=8)
02:07:10.700730 
02:07:10.700730 [/Devices/ahci/0/LUN#0/Config/Parent/Parent/Parent/VDConfig/] (level 5)
02:07:10.700732   AllocationBlockSize <string>  = "1048576" (cb=8)
02:07:10.700732 
02:07:10.700732 [/Devices/ahci/0/LUN#0/Config/Parent/Parent/VDConfig/] (level 4)
02:07:10.700734   AllocationBlockSize <string>  = "1048576" (cb=8)
02:07:10.700735 
02:07:10.700735 [/Devices/ahci/0/LUN#0/Config/Parent/VDConfig/] (level 3)
02:07:10.700737   AllocationBlockSize <string>  = "1048576" (cb=8)
02:07:10.700737 
02:07:10.700738 [/Devices/ahci/0/LUN#0/Config/VDConfig/] (level 2)
02:07:10.700739 
02:07:10.700739 ********************* End of CFGM dump **********************
02:07:10.727540 Resuming VM execution, reason 'Snapshot'
02:07:10.727642 Changing the VM state from 'SUSPENDED' to 'RESUMING'
02:07:10.727965 VUSB: Attached 'HidMouse' to port 1 on RootHub#1 (FullSpeed)
02:07:10.727965 Changing the VM state from 'RESUMING' to 'RUNNING'
02:07:10.729139 Console: Machine state changed to 'Running'
02:07:10.857852 GUI: UIMediumEnumerator: Medium-enumeration finished!
02:07:16.445642 AIOMgr: Async flushes not supported
02:07:46.978089 Console: Machine state changed to 'OnlineSnapshotting'
02:07:47.048386 Saving state of VM, reason 'Snapshot'
02:07:47.048547 Changing the VM state from 'RUNNING' to 'SUSPENDING'
02:07:47.137041 AIOMgr: Endpoint for file 'C:\Users\Dell\VirtualBox VMs\ubuntu\Snapshots\{076bac04-3587-4e85-b779-7da3c386c13a}.vdi' (flags 000c0781) created successfully
02:07:47.139345 PDMR3Suspend: 90 770 042 ns run time
02:07:47.139389 Changing the VM state from 'SUSPENDING' to 'SUSPENDED'
02:07:47.140064 Changing the VM state from 'SUSPENDED' to 'SAVING'
02:07:47.149835 GUI: UIMediumEnumerator: Medium-enumeration finished!
02:07:53.273723 E1000#0: Interrupt attempts: 932297
02:07:53.273764 E1000#0: Interrupts raised : 318795
02:07:53.273783 E1000#0: Interrupts lowered: 7078
02:07:53.273797 E1000#0: ICR outside ISR   : 0
02:07:53.273812 E1000#0: IMS raised ints   : 69890
02:07:53.273830 E1000#0: Interrupts skipped: 422283
02:07:53.273846 E1000#0: Masked interrupts : 191219
02:07:53.273861 E1000#0: Early interrupts  : 0
02:07:53.273879 E1000#0: Late interrupts   : 64040
02:07:53.273895 E1000#0: Lost interrupts   : 0
02:07:53.273915 E1000#0: Interrupts by RX  : 576035
02:07:53.273930 E1000#0: Interrupts by TX  : 144309
02:07:53.273946 E1000#0: Interrupts by ICS : 3602
02:07:53.273970 E1000#0: Interrupts by RDTR: 0
02:07:53.273986 E1000#0: Interrupts by RDMT: 0
02:07:53.274001 E1000#0: Interrupts by TXQE: 0
02:07:53.274019 E1000#0: TX int delay asked: 0
02:07:53.274035 E1000#0: TX delayed:         0
02:07:53.274049 E1000#0: TX delay expired:   0
02:07:53.274061 E1000#0: TX no report asked: 144337
02:07:53.274079 E1000#0: TX abs timer expd : 0
02:07:53.274095 E1000#0: TX int timer expd : 0
02:07:53.274108 E1000#0: RX abs timer expd : 0
02:07:53.274122 E1000#0: RX int timer expd : 0
02:07:53.274141 E1000#0: TX CTX descriptors: 144077
02:07:53.274156 E1000#0: TX DAT descriptors: 144337
02:07:53.274169 E1000#0: TX LEG descriptors: 232
02:07:53.274187 E1000#0: Received frames   : 576035
02:07:53.274203 E1000#0: Transmitted frames: 144309
02:07:53.274217 E1000#0: TX frames up to 1514: 144300
02:07:53.274230 E1000#0: TX frames up to 2962: 9
02:07:53.274244 E1000#0: TX frames up to 4410: 0
02:07:53.274257 E1000#0: TX frames up to 5858: 0
02:07:53.274270 E1000#0: TX frames up to 7306: 0
02:07:53.274283 E1000#0: TX frames up to 8754: 0
02:07:53.274297 E1000#0: TX frames up to 16384: 0
02:07:53.274327 E1000#0: TX frames up to 32768: 0
02:07:53.274342 E1000#0: Larger TX frames    : 0
02:07:53.274359 E1000#0: Max TX Delay        : 0
02:07:53.348595 SSM: Footer at 0x20185d5d (538467677), 35 directory entries.
02:07:53.349161 SSM: Successfully saved the VM state to '<remote-machine>'
02:07:53.349186 Changing the VM state from 'SAVING' to 'SUSPENDED'
02:07:53.362602 DrvVD: Flushes will be ignored
02:07:53.362634 DrvVD: Async flushes will be passed to the disk
02:07:53.365395 AIOMgr: Endpoint for file 'C:\Users\Dell\VirtualBox VMs\ubuntu\ubuntu.vdi' (flags 000c0781) created successfully
02:07:53.366974 AIOMgr: Endpoint for file 'C:\Users\Dell\VirtualBox VMs\ubuntu\Snapshots\{40e1ad86-e8a7-43b8-b399-8b031531b828}.vdi' (flags 000c0781) created successfully
02:07:53.368351 AIOMgr: Endpoint for file 'C:\Users\Dell\VirtualBox VMs\ubuntu\Snapshots\{c923ea2e-55e0-47ed-9473-84bfdae454a4}.vdi' (flags 000c0781) created successfully
02:07:53.369688 AIOMgr: Endpoint for file 'C:\Users\Dell\VirtualBox VMs\ubuntu\Snapshots\{622455a8-e35d-4150-b5df-62a24bb0365c}.vdi' (flags 000c0781) created successfully
02:07:53.371010 AIOMgr: Endpoint for file 'C:\Users\Dell\VirtualBox VMs\ubuntu\Snapshots\{772b8626-1d37-401c-84e5-e566b785a513}.vdi' (flags 000c0781) created successfully
02:07:53.372528 AIOMgr: Endpoint for file 'C:\Users\Dell\VirtualBox VMs\ubuntu\Snapshots\{02fbf0fc-c635-4d0f-92ee-c38c14b15459}.vdi' (flags 000c0781) created successfully
02:07:53.373841 AIOMgr: Endpoint for file 'C:\Users\Dell\VirtualBox VMs\ubuntu\Snapshots\{de09a35f-fd42-48a0-843b-b8804d1e65ca}.vdi' (flags 000c0781) created successfully
02:07:53.375361 AIOMgr: Endpoint for file 'C:\Users\Dell\VirtualBox VMs\ubuntu\Snapshots\{5f9063eb-9526-43ba-b969-6a018ed0de9f}.vdi' (flags 000c0781) created successfully
02:07:53.376778 AIOMgr: Endpoint for file 'C:\Users\Dell\VirtualBox VMs\ubuntu\Snapshots\{47a4fb66-94e2-4046-9c78-e23fca9e44b1}.vdi' (flags 000c0781) created successfully
02:07:53.378164 AIOMgr: Endpoint for file 'C:\Users\Dell\VirtualBox VMs\ubuntu\Snapshots\{1e57c4fd-78a9-49d7-8985-36006154dfb7}.vdi' (flags 000c0781) created successfully
02:07:53.379532 AIOMgr: Endpoint for file 'C:\Users\Dell\VirtualBox VMs\ubuntu\Snapshots\{076bac04-3587-4e85-b779-7da3c386c13a}.vdi' (flags 000c0781) created successfully
02:07:53.381232 AIOMgr: Endpoint for file 'C:\Users\Dell\VirtualBox VMs\ubuntu\Snapshots\{6d7feaed-ec02-4041-8761-2a9b54d183f8}.vdi' (flags 000c0723) created successfully
02:07:53.381963 VD: Opening the disk took 16982312 ns
02:07:53.381963 AHCI: LUN#0: disk, PCHS=16383/16/63, total number of sectors 52428800
02:07:53.383434 ************************* CFGM dump *************************
02:07:53.383436 [/Devices/ahci/0/LUN#0/] (level 0)
02:07:53.383440   Driver <string>  = "VD" (cb=3)
02:07:53.383441 
02:07:53.383442 [/Devices/ahci/0/LUN#0/Config/] (level 1) (restricted root)
02:07:53.383445   BlockCache <integer> = 0x0000000000000001 (1)
02:07:53.383448   Format     <string>  = "VDI" (cb=4)
02:07:53.383449   Mountable  <integer> = 0x0000000000000000 (0)
02:07:53.383450   Path       <string>  = "C:\Users\Dell\VirtualBox VMs\ubuntu\Snapshots\{6d7feaed-ec02-4041-8761-2a9b54d183f8}.vdi" (cb=89)
02:07:53.383452   Type       <string>  = "HardDisk" (cb=9)
02:07:53.383453   UseNewIo   <integer> = 0x0000000000000001 (1)
02:07:53.383454 
02:07:53.383455 [/Devices/ahci/0/LUN#0/Config/Parent/] (level 2)
02:07:53.383457   Format <string>  = "VDI" (cb=4)
02:07:53.383458   Path   <string>  = "C:\Users\Dell\VirtualBox VMs\ubuntu\Snapshots\{076bac04-3587-4e85-b779-7da3c386c13a}.vdi" (cb=89)
02:07:53.383459 
02:07:53.383460 [/Devices/ahci/0/LUN#0/Config/Parent/Parent/] (level 3)
02:07:53.383463   Format <string>  = "VDI" (cb=4)
02:07:53.383464   Path   <string>  = "C:\Users\Dell\VirtualBox VMs\ubuntu\Snapshots\{1e57c4fd-78a9-49d7-8985-36006154dfb7}.vdi" (cb=89)
02:07:53.383465 
02:07:53.383466 [/Devices/ahci/0/LUN#0/Config/Parent/Parent/Parent/] (level 4)
02:07:53.383469   Format <string>  = "VDI" (cb=4)
02:07:53.383470   Path   <string>  = "C:\Users\Dell\VirtualBox VMs\ubuntu\Snapshots\{47a4fb66-94e2-4046-9c78-e23fca9e44b1}.vdi" (cb=89)
02:07:53.383471 
02:07:53.383472 [/Devices/ahci/0/LUN#0/Config/Parent/Parent/Parent/Parent/] (level 5)
02:07:53.383475   Format <string>  = "VDI" (cb=4)
02:07:53.383476   Path   <string>  = "C:\Users\Dell\VirtualBox VMs\ubuntu\Snapshots\{5f9063eb-9526-43ba-b969-6a018ed0de9f}.vdi" (cb=89)
02:07:53.383477 
02:07:53.383478 [/Devices/ahci/0/LUN#0/Config/Parent/Parent/Parent/Parent/Parent/] (level 6)
02:07:53.383481   Format <string>  = "VDI" (cb=4)
02:07:53.383482   Path   <string>  = "C:\Users\Dell\VirtualBox VMs\ubuntu\Snapshots\{de09a35f-fd42-48a0-843b-b8804d1e65ca}.vdi" (cb=89)
02:07:53.383483 
02:07:53.383484 [/Devices/ahci/0/LUN#0/Config/Parent/Parent/Parent/Parent/Parent/Parent/] (level 7)
02:07:53.383487   Format <string>  = "VDI" (cb=4)
02:07:53.383488   Path   <string>  = "C:\Users\Dell\VirtualBox VMs\ubuntu\Snapshots\{02fbf0fc-c635-4d0f-92ee-c38c14b15459}.vdi" (cb=89)
02:07:53.383489 
02:07:53.383490 [/Devices/ahci/0/LUN#0/Config/Parent/Parent/Parent/Parent/Parent/Parent/Parent/] (level 8)
02:07:53.383493   Format <string>  = "VDI" (cb=4)
02:07:53.383494   Path   <string>  = "C:\Users\Dell\VirtualBox VMs\ubuntu\Snapshots\{772b8626-1d37-401c-84e5-e566b785a513}.vdi" (cb=89)
02:07:53.383496 
02:07:53.383496 [/Devices/ahci/0/LUN#0/Config/Parent/Parent/Parent/Parent/Parent/Parent/Parent/Parent/] (level 9)
02:07:53.383500   Format <string>  = "VDI" (cb=4)
02:07:53.383501   Path   <string>  = "C:\Users\Dell\VirtualBox VMs\ubuntu\Snapshots\{622455a8-e35d-4150-b5df-62a24bb0365c}.vdi" (cb=89)
02:07:53.383502 
02:07:53.383503 [/Devices/ahci/0/LUN#0/Config/Parent/Parent/Parent/Parent/Parent/Parent/Parent/Parent/Parent/] (level 10)
02:07:53.383507   Format <string>  = "VDI" (cb=4)
02:07:53.383508   Path   <string>  = "C:\Users\Dell\VirtualBox VMs\ubuntu\Snapshots\{c923ea2e-55e0-47ed-9473-84bfdae454a4}.vdi" (cb=89)
02:07:53.383509 
02:07:53.383509 [/Devices/ahci/0/LUN#0/Config/Parent/Parent/Parent/Parent/Parent/Parent/Parent/Parent/Parent/Parent/] (level 11)
02:07:53.383514   Format <string>  = "VDI" (cb=4)
02:07:53.383515   Path   <string>  = "C:\Users\Dell\VirtualBox VMs\ubuntu\Snapshots\{40e1ad86-e8a7-43b8-b399-8b031531b828}.vdi" (cb=89)
02:07:53.383516 
02:07:53.383516 [/Devices/ahci/0/LUN#0/Config/Parent/Parent/Parent/Parent/Parent/Parent/Parent/Parent/Parent/Parent/Parent/] (level 12)
02:07:53.383521   Format <string>  = "VDI" (cb=4)
02:07:53.383522   Path   <string>  = "C:\Users\Dell\VirtualBox VMs\ubuntu\ubuntu.vdi" (cb=47)
02:07:53.383523 
02:07:53.383524 [/Devices/ahci/0/LUN#0/Config/Parent/Parent/Parent/Parent/Parent/Parent/Parent/Parent/Parent/Parent/Parent/VDConfig/] (level 13)
02:07:53.383528   AllocationBlockSize <string>  = "1048576" (cb=8)
02:07:53.383530 
02:07:53.383530 [/Devices/ahci/0/LUN#0/Config/Parent/Parent/Parent/Parent/Parent/Parent/Parent/Parent/Parent/Parent/VDConfig/] (level 12)
02:07:53.383535   AllocationBlockSize <string>  = "1048576" (cb=8)
02:07:53.383536 
02:07:53.383536 [/Devices/ahci/0/LUN#0/Config/Parent/Parent/Parent/Parent/Parent/Parent/Parent/Parent/Parent/VDConfig/] (level 11)
02:07:53.383540   AllocationBlockSize <string>  = "1048576" (cb=8)
02:07:53.383541 
02:07:53.383542 [/Devices/ahci/0/LUN#0/Config/Parent/Parent/Parent/Parent/Parent/Parent/Parent/Parent/VDConfig/] (level 10)
02:07:53.383546   AllocationBlockSize <string>  = "1048576" (cb=8)
02:07:53.383547 
02:07:53.383547 [/Devices/ahci/0/LUN#0/Config/Parent/Parent/Parent/Parent/Parent/Parent/Parent/VDConfig/] (level 9)
02:07:53.383551   AllocationBlockSize <string>  = "1048576" (cb=8)
02:07:53.383552 
02:07:53.383553 [/Devices/ahci/0/LUN#0/Config/Parent/Parent/Parent/Parent/Parent/Parent/VDConfig/] (level 8)
02:07:53.383556   AllocationBlockSize <string>  = "1048576" (cb=8)
02:07:53.383557 
02:07:53.383558 [/Devices/ahci/0/LUN#0/Config/Parent/Parent/Parent/Parent/Parent/VDConfig/] (level 7)
02:07:53.383561   AllocationBlockSize <string>  = "1048576" (cb=8)
02:07:53.383562 
02:07:53.383563 [/Devices/ahci/0/LUN#0/Config/Parent/Parent/Parent/Parent/VDConfig/] (level 6)
02:07:53.383566   AllocationBlockSize <string>  = "1048576" (cb=8)
02:07:53.383567 
02:07:53.383567 [/Devices/ahci/0/LUN#0/Config/Parent/Parent/Parent/VDConfig/] (level 5)
02:07:53.383570   AllocationBlockSize <string>  = "1048576" (cb=8)
02:07:53.383571 
02:07:53.383572 [/Devices/ahci/0/LUN#0/Config/Parent/Parent/VDConfig/] (level 4)
02:07:53.383574   AllocationBlockSize <string>  = "1048576" (cb=8)
02:07:53.383575 
02:07:53.383576 [/Devices/ahci/0/LUN#0/Config/Parent/VDConfig/] (level 3)
02:07:53.383578   AllocationBlockSize <string>  = "1048576" (cb=8)
02:07:53.383580 
02:07:53.383580 [/Devices/ahci/0/LUN#0/Config/VDConfig/] (level 2)
02:07:53.383583 
02:07:53.383583 ********************* End of CFGM dump **********************
02:07:53.413884 Resuming VM execution, reason 'Snapshot'
02:07:53.413973 Changing the VM state from 'SUSPENDED' to 'RESUMING'
02:07:53.414305 VUSB: Attached 'HidMouse' to port 1 on RootHub#1 (FullSpeed)
02:07:53.414305 Changing the VM state from 'RESUMING' to 'RUNNING'
02:07:53.416192 Console: Machine state changed to 'Running'
02:07:53.419246 AIOMgr: Async flushes not supported
02:07:53.536920 GUI: UIMediumEnumerator: Medium-enumeration finished!
02:08:21.119765 Console: Machine state changed to 'OnlineSnapshotting'
02:08:21.199394 Saving state of VM, reason 'Snapshot'
02:08:21.199580 Changing the VM state from 'RUNNING' to 'SUSPENDING'
02:08:21.225178 AIOMgr: Endpoint for file 'C:\Users\Dell\VirtualBox VMs\ubuntu\Snapshots\{6d7feaed-ec02-4041-8761-2a9b54d183f8}.vdi' (flags 000c0781) created successfully
02:08:21.227640 PDMR3Suspend: 28 030 439 ns run time
02:08:21.227694 Changing the VM state from 'SUSPENDING' to 'SUSPENDED'
02:08:21.228818 Changing the VM state from 'SUSPENDED' to 'SAVING'
02:08:21.385311 GUI: UIMediumEnumerator: Medium-enumeration finished!
02:08:27.266805 E1000#0: Interrupt attempts: 932316
02:08:27.266845 E1000#0: Interrupts raised : 318812
02:08:27.266866 E1000#0: Interrupts lowered: 7078
02:08:27.266883 E1000#0: ICR outside ISR   : 0
02:08:27.266898 E1000#0: IMS raised ints   : 69890
02:08:27.266913 E1000#0: Interrupts skipped: 422285
02:08:27.266927 E1000#0: Masked interrupts : 191219
02:08:27.266941 E1000#0: Early interrupts  : 0
02:08:27.266956 E1000#0: Late interrupts   : 64040
02:08:27.266969 E1000#0: Lost interrupts   : 0
02:08:27.266982 E1000#0: Interrupts by RX  : 576036
02:08:27.266996 E1000#0: Interrupts by TX  : 144311
02:08:27.267010 E1000#0: Interrupts by ICS : 3616
02:08:27.267022 E1000#0: Interrupts by RDTR: 0
02:08:27.267036 E1000#0: Interrupts by RDMT: 0
02:08:27.267049 E1000#0: Interrupts by TXQE: 0
02:08:27.267061 E1000#0: TX int delay asked: 0
02:08:27.267078 E1000#0: TX delayed:         0
02:08:27.267094 E1000#0: TX delay expired:   0
02:08:27.267108 E1000#0: TX no report asked: 144337
02:08:27.267121 E1000#0: TX abs timer expd : 0
02:08:27.267134 E1000#0: TX int timer expd : 0
02:08:27.267147 E1000#0: RX abs timer expd : 0
02:08:27.267163 E1000#0: RX int timer expd : 0
02:08:27.267179 E1000#0: TX CTX descriptors: 144077
02:08:27.267192 E1000#0: TX DAT descriptors: 144337
02:08:27.267218 E1000#0: TX LEG descriptors: 234
02:08:27.267237 E1000#0: Received frames   : 576036
02:08:27.267252 E1000#0: Transmitted frames: 144311
02:08:27.267266 E1000#0: TX frames up to 1514: 144302
02:08:27.267286 E1000#0: TX frames up to 2962: 9
02:08:27.267299 E1000#0: TX frames up to 4410: 0
02:08:27.267313 E1000#0: TX frames up to 5858: 0
02:08:27.267326 E1000#0: TX frames up to 7306: 0
02:08:27.267341 E1000#0: TX frames up to 8754: 0
02:08:27.267354 E1000#0: TX frames up to 16384: 0
02:08:27.267368 E1000#0: TX frames up to 32768: 0
02:08:27.267386 E1000#0: Larger TX frames    : 0
02:08:27.267401 E1000#0: Max TX Delay        : 0
02:08:27.363392 SSM: Footer at 0x20181f44 (538451780), 35 directory entries.
02:08:27.363869 SSM: Successfully saved the VM state to '<remote-machine>'
02:08:27.363897 Changing the VM state from 'SAVING' to 'SUSPENDED'
02:08:27.415565 DrvVD: Flushes will be ignored
02:08:27.415600 DrvVD: Async flushes will be passed to the disk
02:08:27.418352 AIOMgr: Endpoint for file 'C:\Users\Dell\VirtualBox VMs\ubuntu\ubuntu.vdi' (flags 000c0781) created successfully
02:08:27.420167 AIOMgr: Endpoint for file 'C:\Users\Dell\VirtualBox VMs\ubuntu\Snapshots\{40e1ad86-e8a7-43b8-b399-8b031531b828}.vdi' (flags 000c0781) created successfully
02:08:27.421580 AIOMgr: Endpoint for file 'C:\Users\Dell\VirtualBox VMs\ubuntu\Snapshots\{c923ea2e-55e0-47ed-9473-84bfdae454a4}.vdi' (flags 000c0781) created successfully
02:08:27.422904 AIOMgr: Endpoint for file 'C:\Users\Dell\VirtualBox VMs\ubuntu\Snapshots\{622455a8-e35d-4150-b5df-62a24bb0365c}.vdi' (flags 000c0781) created successfully
02:08:27.424157 AIOMgr: Endpoint for file 'C:\Users\Dell\VirtualBox VMs\ubuntu\Snapshots\{772b8626-1d37-401c-84e5-e566b785a513}.vdi' (flags 000c0781) created successfully
02:08:27.425588 AIOMgr: Endpoint for file 'C:\Users\Dell\VirtualBox VMs\ubuntu\Snapshots\{02fbf0fc-c635-4d0f-92ee-c38c14b15459}.vdi' (flags 000c0781) created successfully
02:08:27.426952 AIOMgr: Endpoint for file 'C:\Users\Dell\VirtualBox VMs\ubuntu\Snapshots\{de09a35f-fd42-48a0-843b-b8804d1e65ca}.vdi' (flags 000c0781) created successfully
02:08:27.428407 AIOMgr: Endpoint for file 'C:\Users\Dell\VirtualBox VMs\ubuntu\Snapshots\{5f9063eb-9526-43ba-b969-6a018ed0de9f}.vdi' (flags 000c0781) created successfully
02:08:27.429671 AIOMgr: Endpoint for file 'C:\Users\Dell\VirtualBox VMs\ubuntu\Snapshots\{47a4fb66-94e2-4046-9c78-e23fca9e44b1}.vdi' (flags 000c0781) created successfully
02:08:27.431003 AIOMgr: Endpoint for file 'C:\Users\Dell\VirtualBox VMs\ubuntu\Snapshots\{1e57c4fd-78a9-49d7-8985-36006154dfb7}.vdi' (flags 000c0781) created successfully
02:08:27.432180 AIOMgr: Endpoint for file 'C:\Users\Dell\VirtualBox VMs\ubuntu\Snapshots\{076bac04-3587-4e85-b779-7da3c386c13a}.vdi' (flags 000c0781) created successfully
02:08:27.433343 AIOMgr: Endpoint for file 'C:\Users\Dell\VirtualBox VMs\ubuntu\Snapshots\{6d7feaed-ec02-4041-8761-2a9b54d183f8}.vdi' (flags 000c0781) created successfully
02:08:27.434779 AIOMgr: Endpoint for file 'C:\Users\Dell\VirtualBox VMs\ubuntu\Snapshots\{b604638c-caa4-4a10-a469-b6f6f0997150}.vdi' (flags 000c0723) created successfully
02:08:27.435761 VD: Opening the disk took 17745153 ns
02:08:27.436141 AHCI: LUN#0: disk, PCHS=16383/16/63, total number of sectors 52428800
02:08:27.436501 ************************* CFGM dump *************************
02:08:27.436503 [/Devices/ahci/0/LUN#0/] (level 0)
02:08:27.436506   Driver <string>  = "VD" (cb=3)
02:08:27.436507 
02:08:27.436508 [/Devices/ahci/0/LUN#0/Config/] (level 1) (restricted root)
02:08:27.436511   BlockCache <integer> = 0x0000000000000001 (1)
02:08:27.436513   Format     <string>  = "VDI" (cb=4)
02:08:27.436514   Mountable  <integer> = 0x0000000000000000 (0)
02:08:27.436515   Path       <string>  = "C:\Users\Dell\VirtualBox VMs\ubuntu\Snapshots\{b604638c-caa4-4a10-a469-b6f6f0997150}.vdi" (cb=89)
02:08:27.436517   Type       <string>  = "HardDisk" (cb=9)
02:08:27.436518   UseNewIo   <integer> = 0x0000000000000001 (1)
02:08:27.436519 
02:08:27.436519 [/Devices/ahci/0/LUN#0/Config/Parent/] (level 2)
02:08:27.436522   Format <string>  = "VDI" (cb=4)
02:08:27.436523   Path   <string>  = "C:\Users\Dell\VirtualBox VMs\ubuntu\Snapshots\{6d7feaed-ec02-4041-8761-2a9b54d183f8}.vdi" (cb=89)
02:08:27.436524 
02:08:27.436524 [/Devices/ahci/0/LUN#0/Config/Parent/Parent/] (level 3)
02:08:27.436526   Format <string>  = "VDI" (cb=4)
02:08:27.436527   Path   <string>  = "C:\Users\Dell\VirtualBox VMs\ubuntu\Snapshots\{076bac04-3587-4e85-b779-7da3c386c13a}.vdi" (cb=89)
02:08:27.436528 
02:08:27.436529 [/Devices/ahci/0/LUN#0/Config/Parent/Parent/Parent/] (level 4)
02:08:27.436531   Format <string>  = "VDI" (cb=4)
02:08:27.436532   Path   <string>  = "C:\Users\Dell\VirtualBox VMs\ubuntu\Snapshots\{1e57c4fd-78a9-49d7-8985-36006154dfb7}.vdi" (cb=89)
02:08:27.436533 
02:08:27.436533 [/Devices/ahci/0/LUN#0/Config/Parent/Parent/Parent/Parent/] (level 5)
02:08:27.436536   Format <string>  = "VDI" (cb=4)
02:08:27.436537   Path   <string>  = "C:\Users\Dell\VirtualBox VMs\ubuntu\Snapshots\{47a4fb66-94e2-4046-9c78-e23fca9e44b1}.vdi" (cb=89)
02:08:27.436538 
02:08:27.436538 [/Devices/ahci/0/LUN#0/Config/Parent/Parent/Parent/Parent/Parent/] (level 6)
02:08:27.436541   Format <string>  = "VDI" (cb=4)
02:08:27.436542   Path   <string>  = "C:\Users\Dell\VirtualBox VMs\ubuntu\Snapshots\{5f9063eb-9526-43ba-b969-6a018ed0de9f}.vdi" (cb=89)
02:08:27.436543 
02:08:27.436543 [/Devices/ahci/0/LUN#0/Config/Parent/Parent/Parent/Parent/Parent/Parent/] (level 7)
02:08:27.436546   Format <string>  = "VDI" (cb=4)
02:08:27.436547   Path   <string>  = "C:\Users\Dell\VirtualBox VMs\ubuntu\Snapshots\{de09a35f-fd42-48a0-843b-b8804d1e65ca}.vdi" (cb=89)
02:08:27.436548 
02:08:27.436548 [/Devices/ahci/0/LUN#0/Config/Parent/Parent/Parent/Parent/Parent/Parent/Parent/] (level 8)
02:08:27.436551   Format <string>  = "VDI" (cb=4)
02:08:27.436552   Path   <string>  = "C:\Users\Dell\VirtualBox VMs\ubuntu\Snapshots\{02fbf0fc-c635-4d0f-92ee-c38c14b15459}.vdi" (cb=89)
02:08:27.436553 
02:08:27.436554 [/Devices/ahci/0/LUN#0/Config/Parent/Parent/Parent/Parent/Parent/Parent/Parent/Parent/] (level 9)
02:08:27.436557   Format <string>  = "VDI" (cb=4)
02:08:27.436558   Path   <string>  = "C:\Users\Dell\VirtualBox VMs\ubuntu\Snapshots\{772b8626-1d37-401c-84e5-e566b785a513}.vdi" (cb=89)
02:08:27.436559 
02:08:27.436559 [/Devices/ahci/0/LUN#0/Config/Parent/Parent/Parent/Parent/Parent/Parent/Parent/Parent/Parent/] (level 10)
02:08:27.436564   Format <string>  = "VDI" (cb=4)
02:08:27.436564   Path   <string>  = "C:\Users\Dell\VirtualBox VMs\ubuntu\Snapshots\{622455a8-e35d-4150-b5df-62a24bb0365c}.vdi" (cb=89)
02:08:27.436565 
02:08:27.436566 [/Devices/ahci/0/LUN#0/Config/Parent/Parent/Parent/Parent/Parent/Parent/Parent/Parent/Parent/Parent/] (level 11)
02:08:27.436570   Format <string>  = "VDI" (cb=4)
02:08:27.436571   Path   <string>  = "C:\Users\Dell\VirtualBox VMs\ubuntu\Snapshots\{c923ea2e-55e0-47ed-9473-84bfdae454a4}.vdi" (cb=89)
02:08:27.436572 
02:08:27.436572 [/Devices/ahci/0/LUN#0/Config/Parent/Parent/Parent/Parent/Parent/Parent/Parent/Parent/Parent/Parent/Parent/] (level 12)
02:08:27.436576   Format <string>  = "VDI" (cb=4)
02:08:27.436576   Path   <string>  = "C:\Users\Dell\VirtualBox VMs\ubuntu\Snapshots\{40e1ad86-e8a7-43b8-b399-8b031531b828}.vdi" (cb=89)
02:08:27.436577 
02:08:27.436578 [/Devices/ahci/0/LUN#0/Config/Parent/Parent/Parent/Parent/Parent/Parent/Parent/Parent/Parent/Parent/Parent/Parent/] (level 13)
02:08:27.436582   Format <string>  = "VDI" (cb=4)
02:08:27.436583   Path   <string>  = "C:\Users\Dell\VirtualBox VMs\ubuntu\ubuntu.vdi" (cb=47)
02:08:27.436584 
02:08:27.436585 [/Devices/ahci/0/LUN#0/Config/Parent/Parent/Parent/Parent/Parent/Parent/Parent/Parent/Parent/Parent/Parent/Parent/VDConfig/] (level 14)
02:08:27.436589   AllocationBlockSize <string>  = "1048576" (cb=8)
02:08:27.436590 
02:08:27.436590 [/Devices/ahci/0/LUN#0/Config/Parent/Parent/Parent/Parent/Parent/Parent/Parent/Parent/Parent/Parent/Parent/VDConfig/] (level 13)
02:08:27.436594   AllocationBlockSize <string>  = "1048576" (cb=8)
02:08:27.436594 
02:08:27.436595 [/Devices/ahci/0/LUN#0/Config/Parent/Parent/Parent/Parent/Parent/Parent/Parent/Parent/Parent/Parent/VDConfig/] (level 12)
02:08:27.436598   AllocationBlockSize <string>  = "1048576" (cb=8)
02:08:27.436599 
02:08:27.436599 [/Devices/ahci/0/LUN#0/Config/Parent/Parent/Parent/Parent/Parent/Parent/Parent/Parent/Parent/VDConfig/] (level 11)
02:08:27.436602   AllocationBlockSize <string>  = "1048576" (cb=8)
02:08:27.436603 
02:08:27.436604 [/Devices/ahci/0/LUN#0/Config/Parent/Parent/Parent/Parent/Parent/Parent/Parent/Parent/VDConfig/] (level 10)
02:08:27.436608   AllocationBlockSize <string>  = "1048576" (cb=8)
02:08:27.436609 
02:08:27.436609 [/Devices/ahci/0/LUN#0/Config/Parent/Parent/Parent/Parent/Parent/Parent/Parent/VDConfig/] (level 9)
02:08:27.436615   AllocationBlockSize <string>  = "1048576" (cb=8)
02:08:27.436616 
02:08:27.436616 [/Devices/ahci/0/LUN#0/Config/Parent/Parent/Parent/Parent/Parent/Parent/VDConfig/] (level 8)
02:08:27.436619   AllocationBlockSize <string>  = "1048576" (cb=8)
02:08:27.436620 
02:08:27.436621 [/Devices/ahci/0/LUN#0/Config/Parent/Parent/Parent/Parent/Parent/VDConfig/] (level 7)
02:08:27.436624   AllocationBlockSize <string>  = "1048576" (cb=8)
02:08:27.436625 
02:08:27.436625 [/Devices/ahci/0/LUN#0/Config/Parent/Parent/Parent/Parent/VDConfig/] (level 6)
02:08:27.436629   AllocationBlockSize <string>  = "1048576" (cb=8)
02:08:27.436629 
02:08:27.436630 [/Devices/ahci/0/LUN#0/Config/Parent/Parent/Parent/VDConfig/] (level 5)
02:08:27.436632   AllocationBlockSize <string>  = "1048576" (cb=8)
02:08:27.436632 
02:08:27.436633 [/Devices/ahci/0/LUN#0/Config/Parent/Parent/VDConfig/] (level 4)
02:08:27.436635   AllocationBlockSize <string>  = "1048576" (cb=8)
02:08:27.436636 
02:08:27.436636 [/Devices/ahci/0/LUN#0/Config/Parent/VDConfig/] (level 3)
02:08:27.436638   AllocationBlockSize <string>  = "1048576" (cb=8)
02:08:27.436639 
02:08:27.436639 [/Devices/ahci/0/LUN#0/Config/VDConfig/] (level 2)
02:08:27.436643 
02:08:27.436644 ********************* End of CFGM dump **********************
02:08:27.473627 Resuming VM execution, reason 'Snapshot'
02:08:27.473707 Changing the VM state from 'SUSPENDED' to 'RESUMING'
02:08:27.474234 VUSB: Attached 'HidMouse' to port 1 on RootHub#1 (FullSpeed)
02:08:27.474571 Changing the VM state from 'RESUMING' to 'RUNNING'
02:08:27.475594 Console: Machine state changed to 'Running'
02:08:27.605275 GUI: UIMediumEnumerator: Medium-enumeration finished!
02:08:33.007905 AIOMgr: Async flushes not supported
02:08:48.674941 Console: Machine state changed to 'OnlineSnapshotting'
02:08:48.744705 Saving state of VM, reason 'Snapshot'
02:08:48.744966 Changing the VM state from 'RUNNING' to 'SUSPENDING'
02:08:48.766702 AIOMgr: Endpoint for file 'C:\Users\Dell\VirtualBox VMs\ubuntu\Snapshots\{b604638c-caa4-4a10-a469-b6f6f0997150}.vdi' (flags 000c0781) created successfully
02:08:48.768216 PDMR3Suspend: 23 218 913 ns run time
02:08:48.768256 Changing the VM state from 'SUSPENDING' to 'SUSPENDED'
02:08:48.770071 Changing the VM state from 'SUSPENDED' to 'SAVING'
02:08:48.897381 GUI: UIMediumEnumerator: Medium-enumeration finished!
02:08:54.786877 E1000#0: Interrupt attempts: 932326
02:08:54.786904 E1000#0: Interrupts raised : 318822
02:08:54.786914 E1000#0: Interrupts lowered: 7078
02:08:54.786924 E1000#0: ICR outside ISR   : 0
02:08:54.786933 E1000#0: IMS raised ints   : 69890
02:08:54.786942 E1000#0: Interrupts skipped: 422285
02:08:54.786952 E1000#0: Masked interrupts : 191219
02:08:54.786961 E1000#0: Early interrupts  : 0
02:08:54.786970 E1000#0: Late interrupts   : 64040
02:08:54.786979 E1000#0: Lost interrupts   : 0
02:08:54.786988 E1000#0: Interrupts by RX  : 576036
02:08:54.786997 E1000#0: Interrupts by TX  : 144311
02:08:54.787007 E1000#0: Interrupts by ICS : 3626
02:08:54.787016 E1000#0: Interrupts by RDTR: 0
02:08:54.787026 E1000#0: Interrupts by RDMT: 0
02:08:54.787035 E1000#0: Interrupts by TXQE: 0
02:08:54.787044 E1000#0: TX int delay asked: 0
02:08:54.787058 E1000#0: TX delayed:         0
02:08:54.787069 E1000#0: TX delay expired:   0
02:08:54.787078 E1000#0: TX no report asked: 144337
02:08:54.787088 E1000#0: TX abs timer expd : 0
02:08:54.787097 E1000#0: TX int timer expd : 0
02:08:54.787106 E1000#0: RX abs timer expd : 0
02:08:54.787115 E1000#0: RX int timer expd : 0
02:08:54.787124 E1000#0: TX CTX descriptors: 144077
02:08:54.787134 E1000#0: TX DAT descriptors: 144337
02:08:54.787143 E1000#0: TX LEG descriptors: 234
02:08:54.787152 E1000#0: Received frames   : 576036
02:08:54.787161 E1000#0: Transmitted frames: 144311
02:08:54.787170 E1000#0: TX frames up to 1514: 144302
02:08:54.787180 E1000#0: TX frames up to 2962: 9
02:08:54.787189 E1000#0: TX frames up to 4410: 0
02:08:54.787198 E1000#0: TX frames up to 5858: 0
02:08:54.787207 E1000#0: TX frames up to 7306: 0
02:08:54.787216 E1000#0: TX frames up to 8754: 0
02:08:54.787226 E1000#0: TX frames up to 16384: 0
02:08:54.787235 E1000#0: TX frames up to 32768: 0
02:08:54.787244 E1000#0: Larger TX frames    : 0
02:08:54.787253 E1000#0: Max TX Delay        : 0
02:08:54.854624 SSM: Footer at 0x2016bf1d (538361629), 35 directory entries.
02:08:54.855208 SSM: Successfully saved the VM state to '<remote-machine>'
02:08:54.855233 Changing the VM state from 'SAVING' to 'SUSPENDED'
02:08:54.868909 DrvVD: Flushes will be ignored
02:08:54.868937 DrvVD: Async flushes will be passed to the disk
02:08:54.871492 AIOMgr: Endpoint for file 'C:\Users\Dell\VirtualBox VMs\ubuntu\ubuntu.vdi' (flags 000c0781) created successfully
02:08:54.873033 AIOMgr: Endpoint for file 'C:\Users\Dell\VirtualBox VMs\ubuntu\Snapshots\{40e1ad86-e8a7-43b8-b399-8b031531b828}.vdi' (flags 000c0781) created successfully
02:08:54.874535 AIOMgr: Endpoint for file 'C:\Users\Dell\VirtualBox VMs\ubuntu\Snapshots\{c923ea2e-55e0-47ed-9473-84bfdae454a4}.vdi' (flags 000c0781) created successfully
02:08:54.876087 AIOMgr: Endpoint for file 'C:\Users\Dell\VirtualBox VMs\ubuntu\Snapshots\{622455a8-e35d-4150-b5df-62a24bb0365c}.vdi' (flags 000c0781) created successfully
02:08:54.878168 AIOMgr: Endpoint for file 'C:\Users\Dell\VirtualBox VMs\ubuntu\Snapshots\{772b8626-1d37-401c-84e5-e566b785a513}.vdi' (flags 000c0781) created successfully
02:08:54.880760 AIOMgr: Endpoint for file 'C:\Users\Dell\VirtualBox VMs\ubuntu\Snapshots\{02fbf0fc-c635-4d0f-92ee-c38c14b15459}.vdi' (flags 000c0781) created successfully
02:08:54.882344 AIOMgr: Endpoint for file 'C:\Users\Dell\VirtualBox VMs\ubuntu\Snapshots\{de09a35f-fd42-48a0-843b-b8804d1e65ca}.vdi' (flags 000c0781) created successfully
02:08:54.883686 AIOMgr: Endpoint for file 'C:\Users\Dell\VirtualBox VMs\ubuntu\Snapshots\{5f9063eb-9526-43ba-b969-6a018ed0de9f}.vdi' (flags 000c0781) created successfully
02:08:54.884985 AIOMgr: Endpoint for file 'C:\Users\Dell\VirtualBox VMs\ubuntu\Snapshots\{47a4fb66-94e2-4046-9c78-e23fca9e44b1}.vdi' (flags 000c0781) created successfully
02:08:54.886432 AIOMgr: Endpoint for file 'C:\Users\Dell\VirtualBox VMs\ubuntu\Snapshots\{1e57c4fd-78a9-49d7-8985-36006154dfb7}.vdi' (flags 000c0781) created successfully
02:08:54.887728 AIOMgr: Endpoint for file 'C:\Users\Dell\VirtualBox VMs\ubuntu\Snapshots\{076bac04-3587-4e85-b779-7da3c386c13a}.vdi' (flags 000c0781) created successfully
02:08:54.889315 AIOMgr: Endpoint for file 'C:\Users\Dell\VirtualBox VMs\ubuntu\Snapshots\{6d7feaed-ec02-4041-8761-2a9b54d183f8}.vdi' (flags 000c0781) created successfully
02:08:54.890515 AIOMgr: Endpoint for file 'C:\Users\Dell\VirtualBox VMs\ubuntu\Snapshots\{b604638c-caa4-4a10-a469-b6f6f0997150}.vdi' (flags 000c0781) created successfully
02:08:54.891880 AIOMgr: Endpoint for file 'C:\Users\Dell\VirtualBox VMs\ubuntu\Snapshots\{a9fcf0bc-6c71-4025-bacc-c077c8b00343}.vdi' (flags 000c0723) created successfully
02:08:54.892843 VD: Opening the disk took 21628053 ns
02:08:54.893033 AHCI: LUN#0: disk, PCHS=16383/16/63, total number of sectors 52428800
02:08:54.893362 ************************* CFGM dump *************************
02:08:54.893364 [/Devices/ahci/0/LUN#0/] (level 0)
02:08:54.893367   Driver <string>  = "VD" (cb=3)
02:08:54.893368 
02:08:54.893368 [/Devices/ahci/0/LUN#0/Config/] (level 1) (restricted root)
02:08:54.893370   BlockCache <integer> = 0x0000000000000001 (1)
02:08:54.893372   Format     <string>  = "VDI" (cb=4)
02:08:54.893373   Mountable  <integer> = 0x0000000000000000 (0)
02:08:54.893374   Path       <string>  = "C:\Users\Dell\VirtualBox VMs\ubuntu\Snapshots\{a9fcf0bc-6c71-4025-bacc-c077c8b00343}.vdi" (cb=89)
02:08:54.893375   Type       <string>  = "HardDisk" (cb=9)
02:08:54.893376   UseNewIo   <integer> = 0x0000000000000001 (1)
02:08:54.893377 
02:08:54.893377 [/Devices/ahci/0/LUN#0/Config/Parent/] (level 2)
02:08:54.893379   Format <string>  = "VDI" (cb=4)
02:08:54.893380   Path   <string>  = "C:\Users\Dell\VirtualBox VMs\ubuntu\Snapshots\{b604638c-caa4-4a10-a469-b6f6f0997150}.vdi" (cb=89)
02:08:54.893381 
02:08:54.893381 [/Devices/ahci/0/LUN#0/Config/Parent/Parent/] (level 3)
02:08:54.893383   Format <string>  = "VDI" (cb=4)
02:08:54.893383   Path   <string>  = "C:\Users\Dell\VirtualBox VMs\ubuntu\Snapshots\{6d7feaed-ec02-4041-8761-2a9b54d183f8}.vdi" (cb=89)
02:08:54.893384 
02:08:54.893384 [/Devices/ahci/0/LUN#0/Config/Parent/Parent/Parent/] (level 4)
02:08:54.893386   Format <string>  = "VDI" (cb=4)
02:08:54.893387   Path   <string>  = "C:\Users\Dell\VirtualBox VMs\ubuntu\Snapshots\{076bac04-3587-4e85-b779-7da3c386c13a}.vdi" (cb=89)
02:08:54.893388 
02:08:54.893388 [/Devices/ahci/0/LUN#0/Config/Parent/Parent/Parent/Parent/] (level 5)
02:08:54.893390   Format <string>  = "VDI" (cb=4)
02:08:54.893391   Path   <string>  = "C:\Users\Dell\VirtualBox VMs\ubuntu\Snapshots\{1e57c4fd-78a9-49d7-8985-36006154dfb7}.vdi" (cb=89)
02:08:54.893392 
02:08:54.893392 [/Devices/ahci/0/LUN#0/Config/Parent/Parent/Parent/Parent/Parent/] (level 6)
02:08:54.893394   Format <string>  = "VDI" (cb=4)
02:08:54.893395   Path   <string>  = "C:\Users\Dell\VirtualBox VMs\ubuntu\Snapshots\{47a4fb66-94e2-4046-9c78-e23fca9e44b1}.vdi" (cb=89)
02:08:54.893396 
02:08:54.893396 [/Devices/ahci/0/LUN#0/Config/Parent/Parent/Parent/Parent/Parent/Parent/] (level 7)
02:08:54.893398   Format <string>  = "VDI" (cb=4)
02:08:54.893399   Path   <string>  = "C:\Users\Dell\VirtualBox VMs\ubuntu\Snapshots\{5f9063eb-9526-43ba-b969-6a018ed0de9f}.vdi" (cb=89)
02:08:54.893400 
02:08:54.893400 [/Devices/ahci/0/LUN#0/Config/Parent/Parent/Parent/Parent/Parent/Parent/Parent/] (level 8)
02:08:54.893402   Format <string>  = "VDI" (cb=4)
02:08:54.893403   Path   <string>  = "C:\Users\Dell\VirtualBox VMs\ubuntu\Snapshots\{de09a35f-fd42-48a0-843b-b8804d1e65ca}.vdi" (cb=89)
02:08:54.893404 
02:08:54.893404 [/Devices/ahci/0/LUN#0/Config/Parent/Parent/Parent/Parent/Parent/Parent/Parent/Parent/] (level 9)
02:08:54.893407   Format <string>  = "VDI" (cb=4)
02:08:54.893407   Path   <string>  = "C:\Users\Dell\VirtualBox VMs\ubuntu\Snapshots\{02fbf0fc-c635-4d0f-92ee-c38c14b15459}.vdi" (cb=89)
02:08:54.893408 
02:08:54.893409 [/Devices/ahci/0/LUN#0/Config/Parent/Parent/Parent/Parent/Parent/Parent/Parent/Parent/Parent/] (level 10)
02:08:54.893411   Format <string>  = "VDI" (cb=4)
02:08:54.893412   Path   <string>  = "C:\Users\Dell\VirtualBox VMs\ubuntu\Snapshots\{772b8626-1d37-401c-84e5-e566b785a513}.vdi" (cb=89)
02:08:54.893413 
02:08:54.893413 [/Devices/ahci/0/LUN#0/Config/Parent/Parent/Parent/Parent/Parent/Parent/Parent/Parent/Parent/Parent/] (level 11)
02:08:54.893416   Format <string>  = "VDI" (cb=4)
02:08:54.893417   Path   <string>  = "C:\Users\Dell\VirtualBox VMs\ubuntu\Snapshots\{622455a8-e35d-4150-b5df-62a24bb0365c}.vdi" (cb=89)
02:08:54.893418 
02:08:54.893418 [/Devices/ahci/0/LUN#0/Config/Parent/Parent/Parent/Parent/Parent/Parent/Parent/Parent/Parent/Parent/Parent/] (level 12)
02:08:54.893421   Format <string>  = "VDI" (cb=4)
02:08:54.893422   Path   <string>  = "C:\Users\Dell\VirtualBox VMs\ubuntu\Snapshots\{c923ea2e-55e0-47ed-9473-84bfdae454a4}.vdi" (cb=89)
02:08:54.893423 
02:08:54.893423 [/Devices/ahci/0/LUN#0/Config/Parent/Parent/Parent/Parent/Parent/Parent/Parent/Parent/Parent/Parent/Parent/Parent/] (level 13)
02:08:54.893426   Format <string>  = "VDI" (cb=4)
02:08:54.893427   Path   <string>  = "C:\Users\Dell\VirtualBox VMs\ubuntu\Snapshots\{40e1ad86-e8a7-43b8-b399-8b031531b828}.vdi" (cb=89)
02:08:54.893428 
02:08:54.893428 [/Devices/ahci/0/LUN#0/Config/Parent/Parent/Parent/Parent/Parent/Parent/Parent/Parent/Parent/Parent/Parent/Parent/Parent/] (level 14)
02:08:54.893431   Format <string>  = "VDI" (cb=4)
02:08:54.893433   Path   <string>  = "C:\Users\Dell\VirtualBox VMs\ubuntu\ubuntu.vdi" (cb=47)
02:08:54.893434 
02:08:54.893434 [/Devices/ahci/0/LUN#0/Config/Parent/Parent/Parent/Parent/Parent/Parent/Parent/Parent/Parent/Parent/Parent/Parent/Parent/VDConfig/] (level 15)
02:08:54.893437   AllocationBlockSize <string>  = "1048576" (cb=8)
02:08:54.893439 
02:08:54.893439 [/Devices/ahci/0/LUN#0/Config/Parent/Parent/Parent/Parent/Parent/Parent/Parent/Parent/Parent/Parent/Parent/Parent/VDConfig/] (level 14)
02:08:54.893442   AllocationBlockSize <string>  = "1048576" (cb=8)
02:08:54.893443 
02:08:54.893443 [/Devices/ahci/0/LUN#0/Config/Parent/Parent/Parent/Parent/Parent/Parent/Parent/Parent/Parent/Parent/Parent/VDConfig/] (level 13)
02:08:54.893446   AllocationBlockSize <string>  = "1048576" (cb=8)
02:08:54.893447 
02:08:54.893447 [/Devices/ahci/0/LUN#0/Config/Parent/Parent/Parent/Parent/Parent/Parent/Parent/Parent/Parent/Parent/VDConfig/] (level 12)
02:08:54.893450   AllocationBlockSize <string>  = "1048576" (cb=8)
02:08:54.893451 
02:08:54.893451 [/Devices/ahci/0/LUN#0/Config/Parent/Parent/Parent/Parent/Parent/Parent/Parent/Parent/Parent/VDConfig/] (level 11)
02:08:54.893454   AllocationBlockSize <string>  = "1048576" (cb=8)
02:08:54.893454 
02:08:54.893455 [/Devices/ahci/0/LUN#0/Config/Parent/Parent/Parent/Parent/Parent/Parent/Parent/Parent/VDConfig/] (level 10)
02:08:54.893458   AllocationBlockSize <string>  = "1048576" (cb=8)
02:08:54.893459 
02:08:54.893460 [/Devices/ahci/0/LUN#0/Config/Parent/Parent/Parent/Parent/Parent/Parent/Parent/VDConfig/] (level 9)
02:08:54.893462   AllocationBlockSize <string>  = "1048576" (cb=8)
02:08:54.893463 
02:08:54.893463 [/Devices/ahci/0/LUN#0/Config/Parent/Parent/Parent/Parent/Parent/Parent/VDConfig/] (level 8)
02:08:54.893465   AllocationBlockSize <string>  = "1048576" (cb=8)
02:08:54.893466 
02:08:54.893466 [/Devices/ahci/0/LUN#0/Config/Parent/Parent/Parent/Parent/Parent/VDConfig/] (level 7)
02:08:54.893468   AllocationBlockSize <string>  = "1048576" (cb=8)
02:08:54.893469 
02:08:54.893469 [/Devices/ahci/0/LUN#0/Config/Parent/Parent/Parent/Parent/VDConfig/] (level 6)
02:08:54.893471   AllocationBlockSize <string>  = "1048576" (cb=8)
02:08:54.893472 
02:08:54.893472 [/Devices/ahci/0/LUN#0/Config/Parent/Parent/Parent/VDConfig/] (level 5)
02:08:54.893474   AllocationBlockSize <string>  = "1048576" (cb=8)
02:08:54.893475 
02:08:54.893475 [/Devices/ahci/0/LUN#0/Config/Parent/Parent/VDConfig/] (level 4)
02:08:54.893477   AllocationBlockSize <string>  = "1048576" (cb=8)
02:08:54.893478 
02:08:54.893478 [/Devices/ahci/0/LUN#0/Config/Parent/VDConfig/] (level 3)
02:08:54.893480   AllocationBlockSize <string>  = "1048576" (cb=8)
02:08:54.893480 
02:08:54.893481 [/Devices/ahci/0/LUN#0/Config/VDConfig/] (level 2)
02:08:54.893482 
02:08:54.893483 ********************* End of CFGM dump **********************
02:08:54.924577 Resuming VM execution, reason 'Snapshot'
02:08:54.924739 Changing the VM state from 'SUSPENDED' to 'RESUMING'
02:08:54.925219 VUSB: Attached 'HidMouse' to port 1 on RootHub#1 (FullSpeed)
02:08:54.925531 Changing the VM state from 'RESUMING' to 'RUNNING'
02:08:54.926510 Console: Machine state changed to 'Running'
02:08:55.104158 GUI: UIMediumEnumerator: Medium-enumeration finished!
02:09:01.191428 AIOMgr: Async flushes not supported
02:11:24.648459 Console: Machine state changed to 'OnlineSnapshotting'
02:11:24.750426 Saving state of VM, reason 'Snapshot'
02:11:24.750828 Changing the VM state from 'RUNNING' to 'SUSPENDING'
02:11:24.779596 AIOMgr: Endpoint for file 'C:\Users\Dell\VirtualBox VMs\ubuntu\Snapshots\{a9fcf0bc-6c71-4025-bacc-c077c8b00343}.vdi' (flags 000c0781) created successfully
02:11:24.781607 PDMR3Suspend: 30 746 186 ns run time
02:11:24.781638 Changing the VM state from 'SUSPENDING' to 'SUSPENDED'
02:11:24.783056 Changing the VM state from 'SUSPENDED' to 'SAVING'
02:11:24.932506 GUI: UIMediumEnumerator: Medium-enumeration finished!
02:11:31.046199 E1000#0: Interrupt attempts: 932418
02:11:31.046229 E1000#0: Interrupts raised : 318906
02:11:31.046245 E1000#0: Interrupts lowered: 7078
02:11:31.046259 E1000#0: ICR outside ISR   : 0
02:11:31.046273 E1000#0: IMS raised ints   : 69890
02:11:31.046286 E1000#0: Interrupts skipped: 422293
02:11:31.046300 E1000#0: Masked interrupts : 191219
02:11:31.046314 E1000#0: Early interrupts  : 0
02:11:31.046327 E1000#0: Late interrupts   : 64040
02:11:31.046341 E1000#0: Lost interrupts   : 0
02:11:31.046354 E1000#0: Interrupts by RX  : 576042
02:11:31.046367 E1000#0: Interrupts by TX  : 144317
02:11:31.046381 E1000#0: Interrupts by ICS : 3700
02:11:31.046394 E1000#0: Interrupts by RDTR: 0
02:11:31.046408 E1000#0: Interrupts by RDMT: 0
02:11:31.046421 E1000#0: Interrupts by TXQE: 0
02:11:31.046434 E1000#0: TX int delay asked: 0
02:11:31.046448 E1000#0: TX delayed:         0
02:11:31.046460 E1000#0: TX delay expired:   0
02:11:31.046473 E1000#0: TX no report asked: 144341
02:11:31.046487 E1000#0: TX abs timer expd : 0
02:11:31.046500 E1000#0: TX int timer expd : 0
02:11:31.046513 E1000#0: RX abs timer expd : 0
02:11:31.046527 E1000#0: RX int timer expd : 0
02:11:31.046541 E1000#0: TX CTX descriptors: 144081
02:11:31.046554 E1000#0: TX DAT descriptors: 144341
02:11:31.046568 E1000#0: TX LEG descriptors: 236
02:11:31.046580 E1000#0: Received frames   : 576042
02:11:31.046594 E1000#0: Transmitted frames: 144317
02:11:31.046607 E1000#0: TX frames up to 1514: 144308
02:11:31.046621 E1000#0: TX frames up to 2962: 9
02:11:31.046634 E1000#0: TX frames up to 4410: 0
02:11:31.046648 E1000#0: TX frames up to 5858: 0
02:11:31.046661 E1000#0: TX frames up to 7306: 0
02:11:31.046673 E1000#0: TX frames up to 8754: 0
02:11:31.046687 E1000#0: TX frames up to 16384: 0
02:11:31.046699 E1000#0: TX frames up to 32768: 0
02:11:31.046713 E1000#0: Larger TX frames    : 0
02:11:31.046726 E1000#0: Max TX Delay        : 0
02:11:31.119114 SSM: Footer at 0x2017cda2 (538430882), 35 directory entries.
02:11:31.119729 SSM: Successfully saved the VM state to '<remote-machine>'
02:11:31.119754 Changing the VM state from 'SAVING' to 'SUSPENDED'
02:11:31.135338 DrvVD: Flushes will be ignored
02:11:31.135370 DrvVD: Async flushes will be passed to the disk
02:11:31.138230 AIOMgr: Endpoint for file 'C:\Users\Dell\VirtualBox VMs\ubuntu\ubuntu.vdi' (flags 000c0781) created successfully
02:11:31.139822 AIOMgr: Endpoint for file 'C:\Users\Dell\VirtualBox VMs\ubuntu\Snapshots\{40e1ad86-e8a7-43b8-b399-8b031531b828}.vdi' (flags 000c0781) created successfully
02:11:31.141231 AIOMgr: Endpoint for file 'C:\Users\Dell\VirtualBox VMs\ubuntu\Snapshots\{c923ea2e-55e0-47ed-9473-84bfdae454a4}.vdi' (flags 000c0781) created successfully
02:11:31.142541 AIOMgr: Endpoint for file 'C:\Users\Dell\VirtualBox VMs\ubuntu\Snapshots\{622455a8-e35d-4150-b5df-62a24bb0365c}.vdi' (flags 000c0781) created successfully
02:11:31.144031 AIOMgr: Endpoint for file 'C:\Users\Dell\VirtualBox VMs\ubuntu\Snapshots\{772b8626-1d37-401c-84e5-e566b785a513}.vdi' (flags 000c0781) created successfully
02:11:31.145812 AIOMgr: Endpoint for file 'C:\Users\Dell\VirtualBox VMs\ubuntu\Snapshots\{02fbf0fc-c635-4d0f-92ee-c38c14b15459}.vdi' (flags 000c0781) created successfully
02:11:31.147388 AIOMgr: Endpoint for file 'C:\Users\Dell\VirtualBox VMs\ubuntu\Snapshots\{de09a35f-fd42-48a0-843b-b8804d1e65ca}.vdi' (flags 000c0781) created successfully
02:11:31.148837 AIOMgr: Endpoint for file 'C:\Users\Dell\VirtualBox VMs\ubuntu\Snapshots\{5f9063eb-9526-43ba-b969-6a018ed0de9f}.vdi' (flags 000c0781) created successfully
02:11:31.150229 AIOMgr: Endpoint for file 'C:\Users\Dell\VirtualBox VMs\ubuntu\Snapshots\{47a4fb66-94e2-4046-9c78-e23fca9e44b1}.vdi' (flags 000c0781) created successfully
02:11:31.151647 AIOMgr: Endpoint for file 'C:\Users\Dell\VirtualBox VMs\ubuntu\Snapshots\{1e57c4fd-78a9-49d7-8985-36006154dfb7}.vdi' (flags 000c0781) created successfully
02:11:31.153084 AIOMgr: Endpoint for file 'C:\Users\Dell\VirtualBox VMs\ubuntu\Snapshots\{076bac04-3587-4e85-b779-7da3c386c13a}.vdi' (flags 000c0781) created successfully
02:11:31.154548 AIOMgr: Endpoint for file 'C:\Users\Dell\VirtualBox VMs\ubuntu\Snapshots\{6d7feaed-ec02-4041-8761-2a9b54d183f8}.vdi' (flags 000c0781) created successfully
02:11:31.156354 AIOMgr: Endpoint for file 'C:\Users\Dell\VirtualBox VMs\ubuntu\Snapshots\{b604638c-caa4-4a10-a469-b6f6f0997150}.vdi' (flags 000c0781) created successfully
02:11:31.158403 AIOMgr: Endpoint for file 'C:\Users\Dell\VirtualBox VMs\ubuntu\Snapshots\{a9fcf0bc-6c71-4025-bacc-c077c8b00343}.vdi' (flags 000c0781) created successfully
02:11:31.160837 AIOMgr: Endpoint for file 'C:\Users\Dell\VirtualBox VMs\ubuntu\Snapshots\{7220b9c7-9422-4484-a750-8b7513147bb1}.vdi' (flags 000c0723) created successfully
02:11:31.161892 VD: Opening the disk took 24060985 ns
02:11:31.162070 AHCI: LUN#0: disk, PCHS=16383/16/63, total number of sectors 52428800
02:11:31.162365 ************************* CFGM dump *************************
02:11:31.162367 [/Devices/ahci/0/LUN#0/] (level 0)
02:11:31.162369   Driver <string>  = "VD" (cb=3)
02:11:31.162370 
02:11:31.162370 [/Devices/ahci/0/LUN#0/Config/] (level 1) (restricted root)
02:11:31.162372   BlockCache <integer> = 0x0000000000000001 (1)
02:11:31.162374   Format     <string>  = "VDI" (cb=4)
02:11:31.162375   Mountable  <integer> = 0x0000000000000000 (0)
02:11:31.162376   Path       <string>  = "C:\Users\Dell\VirtualBox VMs\ubuntu\Snapshots\{7220b9c7-9422-4484-a750-8b7513147bb1}.vdi" (cb=89)
02:11:31.162377   Type       <string>  = "HardDisk" (cb=9)
02:11:31.162378   UseNewIo   <integer> = 0x0000000000000001 (1)
02:11:31.162379 
02:11:31.162379 [/Devices/ahci/0/LUN#0/Config/Parent/] (level 2)
02:11:31.162381   Format <string>  = "VDI" (cb=4)
02:11:31.162381   Path   <string>  = "C:\Users\Dell\VirtualBox VMs\ubuntu\Snapshots\{a9fcf0bc-6c71-4025-bacc-c077c8b00343}.vdi" (cb=89)
02:11:31.162382 
02:11:31.162383 [/Devices/ahci/0/LUN#0/Config/Parent/Parent/] (level 3)
02:11:31.162384   Format <string>  = "VDI" (cb=4)
02:11:31.162385   Path   <string>  = "C:\Users\Dell\VirtualBox VMs\ubuntu\Snapshots\{b604638c-caa4-4a10-a469-b6f6f0997150}.vdi" (cb=89)
02:11:31.162386 
02:11:31.162386 [/Devices/ahci/0/LUN#0/Config/Parent/Parent/Parent/] (level 4)
02:11:31.162388   Format <string>  = "VDI" (cb=4)
02:11:31.162388   Path   <string>  = "C:\Users\Dell\VirtualBox VMs\ubuntu\Snapshots\{6d7feaed-ec02-4041-8761-2a9b54d183f8}.vdi" (cb=89)
02:11:31.162389 
02:11:31.162389 [/Devices/ahci/0/LUN#0/Config/Parent/Parent/Parent/Parent/] (level 5)
02:11:31.162391   Format <string>  = "VDI" (cb=4)
02:11:31.162391   Path   <string>  = "C:\Users\Dell\VirtualBox VMs\ubuntu\Snapshots\{076bac04-3587-4e85-b779-7da3c386c13a}.vdi" (cb=89)
02:11:31.162392 
02:11:31.162392 [/Devices/ahci/0/LUN#0/Config/Parent/Parent/Parent/Parent/Parent/] (level 6)
02:11:31.162394   Format <string>  = "VDI" (cb=4)
02:11:31.162395   Path   <string>  = "C:\Users\Dell\VirtualBox VMs\ubuntu\Snapshots\{1e57c4fd-78a9-49d7-8985-36006154dfb7}.vdi" (cb=89)
02:11:31.162395 
02:11:31.162396 [/Devices/ahci/0/LUN#0/Config/Parent/Parent/Parent/Parent/Parent/Parent/] (level 7)
02:11:31.162398   Format <string>  = "VDI" (cb=4)
02:11:31.162398   Path   <string>  = "C:\Users\Dell\VirtualBox VMs\ubuntu\Snapshots\{47a4fb66-94e2-4046-9c78-e23fca9e44b1}.vdi" (cb=89)
02:11:31.162399 
02:11:31.162399 [/Devices/ahci/0/LUN#0/Config/Parent/Parent/Parent/Parent/Parent/Parent/Parent/] (level 8)
02:11:31.162401   Format <string>  = "VDI" (cb=4)
02:11:31.162402   Path   <string>  = "C:\Users\Dell\VirtualBox VMs\ubuntu\Snapshots\{5f9063eb-9526-43ba-b969-6a018ed0de9f}.vdi" (cb=89)
02:11:31.162402 
02:11:31.162403 [/Devices/ahci/0/LUN#0/Config/Parent/Parent/Parent/Parent/Parent/Parent/Parent/Parent/] (level 9)
02:11:31.162405   Format <string>  = "VDI" (cb=4)
02:11:31.162405   Path   <string>  = "C:\Users\Dell\VirtualBox VMs\ubuntu\Snapshots\{de09a35f-fd42-48a0-843b-b8804d1e65ca}.vdi" (cb=89)
02:11:31.162406 
02:11:31.162406 [/Devices/ahci/0/LUN#0/Config/Parent/Parent/Parent/Parent/Parent/Parent/Parent/Parent/Parent/] (level 10)
02:11:31.162409   Format <string>  = "VDI" (cb=4)
02:11:31.162409   Path   <string>  = "C:\Users\Dell\VirtualBox VMs\ubuntu\Snapshots\{02fbf0fc-c635-4d0f-92ee-c38c14b15459}.vdi" (cb=89)
02:11:31.162410 
02:11:31.162410 [/Devices/ahci/0/LUN#0/Config/Parent/Parent/Parent/Parent/Parent/Parent/Parent/Parent/Parent/Parent/] (level 11)
02:11:31.162413   Format <string>  = "VDI" (cb=4)
02:11:31.162413   Path   <string>  = "C:\Users\Dell\VirtualBox VMs\ubuntu\Snapshots\{772b8626-1d37-401c-84e5-e566b785a513}.vdi" (cb=89)
02:11:31.162414 
02:11:31.162414 [/Devices/ahci/0/LUN#0/Config/Parent/Parent/Parent/Parent/Parent/Parent/Parent/Parent/Parent/Parent/Parent/] (level 12)
02:11:31.162417   Format <string>  = "VDI" (cb=4)
02:11:31.162417   Path   <string>  = "C:\Users\Dell\VirtualBox VMs\ubuntu\Snapshots\{622455a8-e35d-4150-b5df-62a24bb0365c}.vdi" (cb=89)
02:11:31.162418 
02:11:31.162418 [/Devices/ahci/0/LUN#0/Config/Parent/Parent/Parent/Parent/Parent/Parent/Parent/Parent/Parent/Parent/Parent/Parent/] (level 13)
02:11:31.162421   Format <string>  = "VDI" (cb=4)
02:11:31.162421   Path   <string>  = "C:\Users\Dell\VirtualBox VMs\ubuntu\Snapshots\{c923ea2e-55e0-47ed-9473-84bfdae454a4}.vdi" (cb=89)
02:11:31.162422 
02:11:31.162423 [/Devices/ahci/0/LUN#0/Config/Parent/Parent/Parent/Parent/Parent/Parent/Parent/Parent/Parent/Parent/Parent/Parent/Parent/] (level 14)
02:11:31.162425   Format <string>  = "VDI" (cb=4)
02:11:31.162426   Path   <string>  = "C:\Users\Dell\VirtualBox VMs\ubuntu\Snapshots\{40e1ad86-e8a7-43b8-b399-8b031531b828}.vdi" (cb=89)
02:11:31.162427 
02:11:31.162427 [/Devices/ahci/0/LUN#0/Config/Parent/Parent/Parent/Parent/Parent/Parent/Parent/Parent/Parent/Parent/Parent/Parent/Parent/Parent/] (level 15)
02:11:31.162430   Format <string>  = "VDI" (cb=4)
02:11:31.162430   Path   <string>  = "C:\Users\Dell\VirtualBox VMs\ubuntu\ubuntu.vdi" (cb=47)
02:11:31.162431 
02:11:31.162432 [/Devices/ahci/0/LUN#0/Config/Parent/Parent/Parent/Parent/Parent/Parent/Parent/Parent/Parent/Parent/Parent/Parent/Parent/Parent/VDConfig/] (level 16)
02:11:31.162435   AllocationBlockSize <string>  = "1048576" (cb=8)
02:11:31.162436 
02:11:31.162436 [/Devices/ahci/0/LUN#0/Config/Parent/Parent/Parent/Parent/Parent/Parent/Parent/Parent/Parent/Parent/Parent/Parent/Parent/VDConfig/] (level 15)
02:11:31.162439   AllocationBlockSize <string>  = "1048576" (cb=8)
02:11:31.162439 
02:11:31.162440 [/Devices/ahci/0/LUN#0/Config/Parent/Parent/Parent/Parent/Parent/Parent/Parent/Parent/Parent/Parent/Parent/Parent/VDConfig/] (level 14)
02:11:31.162442   AllocationBlockSize <string>  = "1048576" (cb=8)
02:11:31.162443 
02:11:31.162443 [/Devices/ahci/0/LUN#0/Config/Parent/Parent/Parent/Parent/Parent/Parent/Parent/Parent/Parent/Parent/Parent/VDConfig/] (level 13)
02:11:31.162446   AllocationBlockSize <string>  = "1048576" (cb=8)
02:11:31.162446 
02:11:31.162447 [/Devices/ahci/0/LUN#0/Config/Parent/Parent/Parent/Parent/Parent/Parent/Parent/Parent/Parent/Parent/VDConfig/] (level 12)
02:11:31.162449   AllocationBlockSize <string>  = "1048576" (cb=8)
02:11:31.162449 
02:11:31.162450 [/Devices/ahci/0/LUN#0/Config/Parent/Parent/Parent/Parent/Parent/Parent/Parent/Parent/Parent/VDConfig/] (level 11)
02:11:31.162452   AllocationBlockSize <string>  = "1048576" (cb=8)
02:11:31.162453 
02:11:31.162453 [/Devices/ahci/0/LUN#0/Config/Parent/Parent/Parent/Parent/Parent/Parent/Parent/Parent/VDConfig/] (level 10)
02:11:31.162455   AllocationBlockSize <string>  = "1048576" (cb=8)
02:11:31.162456 
02:11:31.162456 [/Devices/ahci/0/LUN#0/Config/Parent/Parent/Parent/Parent/Parent/Parent/Parent/VDConfig/] (level 9)
02:11:31.162458   AllocationBlockSize <string>  = "1048576" (cb=8)
02:11:31.162459 
02:11:31.162459 [/Devices/ahci/0/LUN#0/Config/Parent/Parent/Parent/Parent/Parent/Parent/VDConfig/] (level 8)
02:11:31.162461   AllocationBlockSize <string>  = "1048576" (cb=8)
02:11:31.162461 
02:11:31.162462 [/Devices/ahci/0/LUN#0/Config/Parent/Parent/Parent/Parent/Parent/VDConfig/] (level 7)
02:11:31.162464   AllocationBlockSize <string>  = "1048576" (cb=8)
02:11:31.162464 
02:11:31.162464 [/Devices/ahci/0/LUN#0/Config/Parent/Parent/Parent/Parent/VDConfig/] (level 6)
02:11:31.162466   AllocationBlockSize <string>  = "1048576" (cb=8)
02:11:31.162467 
02:11:31.162467 [/Devices/ahci/0/LUN#0/Config/Parent/Parent/Parent/VDConfig/] (level 5)
02:11:31.162469   AllocationBlockSize <string>  = "1048576" (cb=8)
02:11:31.162469 
02:11:31.162469 [/Devices/ahci/0/LUN#0/Config/Parent/Parent/VDConfig/] (level 4)
02:11:31.162471   AllocationBlockSize <string>  = "1048576" (cb=8)
02:11:31.162471 
02:11:31.162472 [/Devices/ahci/0/LUN#0/Config/Parent/VDConfig/] (level 3)
02:11:31.162473   AllocationBlockSize <string>  = "1048576" (cb=8)
02:11:31.162474 
02:11:31.162474 [/Devices/ahci/0/LUN#0/Config/VDConfig/] (level 2)
02:11:31.162475 
02:11:31.162475 ********************* End of CFGM dump **********************
02:11:31.195915 Resuming VM execution, reason 'Snapshot'
02:11:31.196087 Changing the VM state from 'SUSPENDED' to 'RESUMING'
02:11:31.196497 VUSB: Attached 'HidMouse' to port 1 on RootHub#1 (FullSpeed)
02:11:31.196816 Changing the VM state from 'RESUMING' to 'RUNNING'
02:11:31.197475 Console: Machine state changed to 'Running'
02:11:31.338475 GUI: UIMediumEnumerator: Medium-enumeration finished!
02:11:36.791357 AIOMgr: Async flushes not supported
02:12:21.219877 Console: Machine state changed to 'OnlineSnapshotting'
02:12:21.294330 Saving state of VM, reason 'Snapshot'
02:12:21.294611 Changing the VM state from 'RUNNING' to 'SUSPENDING'
02:12:21.326514 AIOMgr: Endpoint for file 'C:\Users\Dell\VirtualBox VMs\ubuntu\Snapshots\{7220b9c7-9422-4484-a750-8b7513147bb1}.vdi' (flags 000c0781) created successfully
02:12:21.328395 PDMR3Suspend: 33 757 565 ns run time
02:12:21.328427 Changing the VM state from 'SUSPENDING' to 'SUSPENDED'
02:12:21.329200 Changing the VM state from 'SUSPENDED' to 'SAVING'
02:12:21.463025 GUI: UIMediumEnumerator: Medium-enumeration finished!
02:12:27.128688 E1000#0: Interrupt attempts: 932667
02:12:27.128718 E1000#0: Interrupts raised : 319040
02:12:27.128732 E1000#0: Interrupts lowered: 7079
02:12:27.128746 E1000#0: ICR outside ISR   : 0
02:12:27.128760 E1000#0: IMS raised ints   : 69913
02:12:27.128774 E1000#0: Interrupts skipped: 422362
02:12:27.128788 E1000#0: Masked interrupts : 191265
02:12:27.128803 E1000#0: Early interrupts  : 0
02:12:27.128816 E1000#0: Late interrupts   : 64062
02:12:27.128829 E1000#0: Lost interrupts   : 0
02:12:27.128843 E1000#0: Interrupts by RX  : 576115
02:12:27.128857 E1000#0: Interrupts by TX  : 144382
02:12:27.128869 E1000#0: Interrupts by ICS : 3724
02:12:27.128883 E1000#0: Interrupts by RDTR: 0
02:12:27.128895 E1000#0: Interrupts by RDMT: 0
02:12:27.128909 E1000#0: Interrupts by TXQE: 0
02:12:27.128922 E1000#0: TX int delay asked: 0
02:12:27.128936 E1000#0: TX delayed:         0
02:12:27.128951 E1000#0: TX delay expired:   0
02:12:27.128965 E1000#0: TX no report asked: 144408
02:12:27.128980 E1000#0: TX abs timer expd : 0
02:12:27.128996 E1000#0: TX int timer expd : 0
02:12:27.129011 E1000#0: RX abs timer expd : 0
02:12:27.129024 E1000#0: RX int timer expd : 0
02:12:27.129038 E1000#0: TX CTX descriptors: 144138
02:12:27.129052 E1000#0: TX DAT descriptors: 144408
02:12:27.129065 E1000#0: TX LEG descriptors: 244
02:12:27.129080 E1000#0: Received frames   : 576115
02:12:27.129094 E1000#0: Transmitted frames: 144382
02:12:27.129107 E1000#0: TX frames up to 1514: 144373
02:12:27.129120 E1000#0: TX frames up to 2962: 9
02:12:27.129134 E1000#0: TX frames up to 4410: 0
02:12:27.129148 E1000#0: TX frames up to 5858: 0
02:12:27.129162 E1000#0: TX frames up to 7306: 0
02:12:27.129243 E1000#0: TX frames up to 8754: 0
02:12:27.129261 E1000#0: TX frames up to 16384: 0
02:12:27.129275 E1000#0: TX frames up to 32768: 0
02:12:27.129289 E1000#0: Larger TX frames    : 0
02:12:27.129303 E1000#0: Max TX Delay        : 0
02:12:27.217688 SSM: Footer at 0x213ab350 (557495120), 35 directory entries.
02:12:27.218233 SSM: Successfully saved the VM state to '<remote-machine>'
02:12:27.218257 Changing the VM state from 'SAVING' to 'SUSPENDED'
02:12:27.234332 DrvVD: Flushes will be ignored
02:12:27.234363 DrvVD: Async flushes will be passed to the disk
02:12:27.236476 AIOMgr: Endpoint for file 'C:\Users\Dell\VirtualBox VMs\ubuntu\ubuntu.vdi' (flags 000c0781) created successfully
02:12:27.238202 AIOMgr: Endpoint for file 'C:\Users\Dell\VirtualBox VMs\ubuntu\Snapshots\{40e1ad86-e8a7-43b8-b399-8b031531b828}.vdi' (flags 000c0781) created successfully
02:12:27.239692 AIOMgr: Endpoint for file 'C:\Users\Dell\VirtualBox VMs\ubuntu\Snapshots\{c923ea2e-55e0-47ed-9473-84bfdae454a4}.vdi' (flags 000c0781) created successfully
02:12:27.241098 AIOMgr: Endpoint for file 'C:\Users\Dell\VirtualBox VMs\ubuntu\Snapshots\{622455a8-e35d-4150-b5df-62a24bb0365c}.vdi' (flags 000c0781) created successfully
02:12:27.242387 AIOMgr: Endpoint for file 'C:\Users\Dell\VirtualBox VMs\ubuntu\Snapshots\{772b8626-1d37-401c-84e5-e566b785a513}.vdi' (flags 000c0781) created successfully
02:12:27.243883 AIOMgr: Endpoint for file 'C:\Users\Dell\VirtualBox VMs\ubuntu\Snapshots\{02fbf0fc-c635-4d0f-92ee-c38c14b15459}.vdi' (flags 000c0781) created successfully
02:12:27.245292 AIOMgr: Endpoint for file 'C:\Users\Dell\VirtualBox VMs\ubuntu\Snapshots\{de09a35f-fd42-48a0-843b-b8804d1e65ca}.vdi' (flags 000c0781) created successfully
02:12:27.246797 AIOMgr: Endpoint for file 'C:\Users\Dell\VirtualBox VMs\ubuntu\Snapshots\{5f9063eb-9526-43ba-b969-6a018ed0de9f}.vdi' (flags 000c0781) created successfully
02:12:27.248144 AIOMgr: Endpoint for file 'C:\Users\Dell\VirtualBox VMs\ubuntu\Snapshots\{47a4fb66-94e2-4046-9c78-e23fca9e44b1}.vdi' (flags 000c0781) created successfully
02:12:27.249521 AIOMgr: Endpoint for file 'C:\Users\Dell\VirtualBox VMs\ubuntu\Snapshots\{1e57c4fd-78a9-49d7-8985-36006154dfb7}.vdi' (flags 000c0781) created successfully
02:12:27.250940 AIOMgr: Endpoint for file 'C:\Users\Dell\VirtualBox VMs\ubuntu\Snapshots\{076bac04-3587-4e85-b779-7da3c386c13a}.vdi' (flags 000c0781) created successfully
02:12:27.252359 AIOMgr: Endpoint for file 'C:\Users\Dell\VirtualBox VMs\ubuntu\Snapshots\{6d7feaed-ec02-4041-8761-2a9b54d183f8}.vdi' (flags 000c0781) created successfully
02:12:27.253864 AIOMgr: Endpoint for file 'C:\Users\Dell\VirtualBox VMs\ubuntu\Snapshots\{b604638c-caa4-4a10-a469-b6f6f0997150}.vdi' (flags 000c0781) created successfully
02:12:27.255300 AIOMgr: Endpoint for file 'C:\Users\Dell\VirtualBox VMs\ubuntu\Snapshots\{a9fcf0bc-6c71-4025-bacc-c077c8b00343}.vdi' (flags 000c0781) created successfully
02:12:27.256431 AIOMgr: Endpoint for file 'C:\Users\Dell\VirtualBox VMs\ubuntu\Snapshots\{7220b9c7-9422-4484-a750-8b7513147bb1}.vdi' (flags 000c0781) created successfully
02:12:27.257885 AIOMgr: Endpoint for file 'C:\Users\Dell\VirtualBox VMs\ubuntu\Snapshots\{52dbfe31-6ded-40f9-83f2-c36398215fde}.vdi' (flags 000c0723) created successfully
02:12:27.258991 VD: Opening the disk took 22867121 ns
02:12:27.259169 AHCI: LUN#0: disk, PCHS=16383/16/63, total number of sectors 52428800
02:12:27.259543 ************************* CFGM dump *************************
02:12:27.259545 [/Devices/ahci/0/LUN#0/] (level 0)
02:12:27.259548   Driver <string>  = "VD" (cb=3)
02:12:27.259550 
02:12:27.259550 [/Devices/ahci/0/LUN#0/Config/] (level 1) (restricted root)
02:12:27.259553   BlockCache <integer> = 0x0000000000000001 (1)
02:12:27.259555   Format     <string>  = "VDI" (cb=4)
02:12:27.259557   Mountable  <integer> = 0x0000000000000000 (0)
02:12:27.259558   Path       <string>  = "C:\Users\Dell\VirtualBox VMs\ubuntu\Snapshots\{52dbfe31-6ded-40f9-83f2-c36398215fde}.vdi" (cb=89)
02:12:27.259560   Type       <string>  = "HardDisk" (cb=9)
02:12:27.259561   UseNewIo   <integer> = 0x0000000000000001 (1)
02:12:27.259562 
02:12:27.259562 [/Devices/ahci/0/LUN#0/Config/Parent/] (level 2)
02:12:27.259565   Format <string>  = "VDI" (cb=4)
02:12:27.259566   Path   <string>  = "C:\Users\Dell\VirtualBox VMs\ubuntu\Snapshots\{7220b9c7-9422-4484-a750-8b7513147bb1}.vdi" (cb=89)
02:12:27.259567 
02:12:27.259567 [/Devices/ahci/0/LUN#0/Config/Parent/Parent/] (level 3)
02:12:27.259570   Format <string>  = "VDI" (cb=4)
02:12:27.259571   Path   <string>  = "C:\Users\Dell\VirtualBox VMs\ubuntu\Snapshots\{a9fcf0bc-6c71-4025-bacc-c077c8b00343}.vdi" (cb=89)
02:12:27.259572 
02:12:27.259573 [/Devices/ahci/0/LUN#0/Config/Parent/Parent/Parent/] (level 4)
02:12:27.259577   Format <string>  = "VDI" (cb=4)
02:12:27.259578   Path   <string>  = "C:\Users\Dell\VirtualBox VMs\ubuntu\Snapshots\{b604638c-caa4-4a10-a469-b6f6f0997150}.vdi" (cb=89)
02:12:27.259579 
02:12:27.259579 [/Devices/ahci/0/LUN#0/Config/Parent/Parent/Parent/Parent/] (level 5)
02:12:27.259582   Format <string>  = "VDI" (cb=4)
02:12:27.259583   Path   <string>  = "C:\Users\Dell\VirtualBox VMs\ubuntu\Snapshots\{6d7feaed-ec02-4041-8761-2a9b54d183f8}.vdi" (cb=89)
02:12:27.259584 
02:12:27.259584 [/Devices/ahci/0/LUN#0/Config/Parent/Parent/Parent/Parent/Parent/] (level 6)
02:12:27.259588   Format <string>  = "VDI" (cb=4)
02:12:27.259589   Path   <string>  = "C:\Users\Dell\VirtualBox VMs\ubuntu\Snapshots\{076bac04-3587-4e85-b779-7da3c386c13a}.vdi" (cb=89)
02:12:27.259590 
02:12:27.259590 [/Devices/ahci/0/LUN#0/Config/Parent/Parent/Parent/Parent/Parent/Parent/] (level 7)
02:12:27.259593   Format <string>  = "VDI" (cb=4)
02:12:27.259594   Path   <string>  = "C:\Users\Dell\VirtualBox VMs\ubuntu\Snapshots\{1e57c4fd-78a9-49d7-8985-36006154dfb7}.vdi" (cb=89)
02:12:27.259596 
02:12:27.259596 [/Devices/ahci/0/LUN#0/Config/Parent/Parent/Parent/Parent/Parent/Parent/Parent/] (level 8)
02:12:27.259600   Format <string>  = "VDI" (cb=4)
02:12:27.259601   Path   <string>  = "C:\Users\Dell\VirtualBox VMs\ubuntu\Snapshots\{47a4fb66-94e2-4046-9c78-e23fca9e44b1}.vdi" (cb=89)
02:12:27.259603 
02:12:27.259603 [/Devices/ahci/0/LUN#0/Config/Parent/Parent/Parent/Parent/Parent/Parent/Parent/Parent/] (level 9)
02:12:27.259607   Format <string>  = "VDI" (cb=4)
02:12:27.259608   Path   <string>  = "C:\Users\Dell\VirtualBox VMs\ubuntu\Snapshots\{5f9063eb-9526-43ba-b969-6a018ed0de9f}.vdi" (cb=89)
02:12:27.259609 
02:12:27.259609 [/Devices/ahci/0/LUN#0/Config/Parent/Parent/Parent/Parent/Parent/Parent/Parent/Parent/Parent/] (level 10)
02:12:27.259613   Format <string>  = "VDI" (cb=4)
02:12:27.259614   Path   <string>  = "C:\Users\Dell\VirtualBox VMs\ubuntu\Snapshots\{de09a35f-fd42-48a0-843b-b8804d1e65ca}.vdi" (cb=89)
02:12:27.259615 
02:12:27.259628 [/Devices/ahci/0/LUN#0/Config/Parent/Parent/Parent/Parent/Parent/Parent/Parent/Parent/Parent/Parent/] (level 11)
02:12:27.259633   Format <string>  = "VDI" (cb=4)
02:12:27.259635   Path   <string>  = "C:\Users\Dell\VirtualBox VMs\ubuntu\Snapshots\{02fbf0fc-c635-4d0f-92ee-c38c14b15459}.vdi" (cb=89)
02:12:27.259636 
02:12:27.259636 [/Devices/ahci/0/LUN#0/Config/Parent/Parent/Parent/Parent/Parent/Parent/Parent/Parent/Parent/Parent/Parent/] (level 12)
02:12:27.259641   Format <string>  = "VDI" (cb=4)
02:12:27.259641   Path   <string>  = "C:\Users\Dell\VirtualBox VMs\ubuntu\Snapshots\{772b8626-1d37-401c-84e5-e566b785a513}.vdi" (cb=89)
02:12:27.259643 
02:12:27.259643 [/Devices/ahci/0/LUN#0/Config/Parent/Parent/Parent/Parent/Parent/Parent/Parent/Parent/Parent/Parent/Parent/Parent/] (level 13)
02:12:27.259647   Format <string>  = "VDI" (cb=4)
02:12:27.259648   Path   <string>  = "C:\Users\Dell\VirtualBox VMs\ubuntu\Snapshots\{622455a8-e35d-4150-b5df-62a24bb0365c}.vdi" (cb=89)
02:12:27.259649 
02:12:27.259649 [/Devices/ahci/0/LUN#0/Config/Parent/Parent/Parent/Parent/Parent/Parent/Parent/Parent/Parent/Parent/Parent/Parent/Parent/] (level 14)
02:12:27.259654   Format <string>  = "VDI" (cb=4)
02:12:27.259655   Path   <string>  = "C:\Users\Dell\VirtualBox VMs\ubuntu\Snapshots\{c923ea2e-55e0-47ed-9473-84bfdae454a4}.vdi" (cb=89)
02:12:27.259656 
02:12:27.259656 [/Devices/ahci/0/LUN#0/Config/Parent/Parent/Parent/Parent/Parent/Parent/Parent/Parent/Parent/Parent/Parent/Parent/Parent/Parent/] (level 15)
02:12:27.259662   Format <string>  = "VDI" (cb=4)
02:12:27.259662   Path   <string>  = "C:\Users\Dell\VirtualBox VMs\ubuntu\Snapshots\{40e1ad86-e8a7-43b8-b399-8b031531b828}.vdi" (cb=89)
02:12:27.259663 
02:12:27.259664 [/Devices/ahci/0/LUN#0/Config/Parent/Parent/Parent/Parent/Parent/Parent/Parent/Parent/Parent/Parent/Parent/Parent/Parent/Parent/Parent/] (level 16)
02:12:27.259669   Format <string>  = "VDI" (cb=4)
02:12:27.259669   Path   <string>  = "C:\Users\Dell\VirtualBox VMs\ubuntu\ubuntu.vdi" (cb=47)
02:12:27.259670 
02:12:27.259671 [/Devices/ahci/0/LUN#0/Config/Parent/Parent/Parent/Parent/Parent/Parent/Parent/Parent/Parent/Parent/Parent/Parent/Parent/Parent/Parent/VDConfig/] (level 17)
02:12:27.259677   AllocationBlockSize <string>  = "1048576" (cb=8)
02:12:27.259678 
02:12:27.259679 [/Devices/ahci/0/LUN#0/Config/Parent/Parent/Parent/Parent/Parent/Parent/Parent/Parent/Parent/Parent/Parent/Parent/Parent/Parent/VDConfig/] (level 16)
02:12:27.259684   AllocationBlockSize <string>  = "1048576" (cb=8)
02:12:27.259685 
02:12:27.259686 [/Devices/ahci/0/LUN#0/Config/Parent/Parent/Parent/Parent/Parent/Parent/Parent/Parent/Parent/Parent/Parent/Parent/Parent/VDConfig/] (level 15)
02:12:27.259691   AllocationBlockSize <string>  = "1048576" (cb=8)
02:12:27.259692 
02:12:27.259692 [/Devices/ahci/0/LUN#0/Config/Parent/Parent/Parent/Parent/Parent/Parent/Parent/Parent/Parent/Parent/Parent/Parent/VDConfig/] (level 14)
02:12:27.259697   AllocationBlockSize <string>  = "1048576" (cb=8)
02:12:27.259697 
02:12:27.259699 [/Devices/ahci/0/LUN#0/Config/Parent/Parent/Parent/Parent/Parent/Parent/Parent/Parent/Parent/Parent/Parent/VDConfig/] (level 13)
02:12:27.259703   AllocationBlockSize <string>  = "1048576" (cb=8)
02:12:27.259704 
02:12:27.259704 [/Devices/ahci/0/LUN#0/Config/Parent/Parent/Parent/Parent/Parent/Parent/Parent/Parent/Parent/Parent/VDConfig/] (level 12)
02:12:27.259709   AllocationBlockSize <string>  = "1048576" (cb=8)
02:12:27.259709 
02:12:27.259710 [/Devices/ahci/0/LUN#0/Config/Parent/Parent/Parent/Parent/Parent/Parent/Parent/Parent/Parent/VDConfig/] (level 11)
02:12:27.259715   AllocationBlockSize <string>  = "1048576" (cb=8)
02:12:27.259715 
02:12:27.259716 [/Devices/ahci/0/LUN#0/Config/Parent/Parent/Parent/Parent/Parent/Parent/Parent/Parent/VDConfig/] (level 10)
02:12:27.259720   AllocationBlockSize <string>  = "1048576" (cb=8)
02:12:27.259721 
02:12:27.259722 [/Devices/ahci/0/LUN#0/Config/Parent/Parent/Parent/Parent/Parent/Parent/Parent/VDConfig/] (level 9)
02:12:27.259725   AllocationBlockSize <string>  = "1048576" (cb=8)
02:12:27.259727 
02:12:27.259727 [/Devices/ahci/0/LUN#0/Config/Parent/Parent/Parent/Parent/Parent/Parent/VDConfig/] (level 8)
02:12:27.259730   AllocationBlockSize <string>  = "1048576" (cb=8)
02:12:27.259731 
02:12:27.259732 [/Devices/ahci/0/LUN#0/Config/Parent/Parent/Parent/Parent/Parent/VDConfig/] (level 7)
02:12:27.259736   AllocationBlockSize <string>  = "1048576" (cb=8)
02:12:27.259737 
02:12:27.259737 [/Devices/ahci/0/LUN#0/Config/Parent/Parent/Parent/Parent/VDConfig/] (level 6)
02:12:27.259740   AllocationBlockSize <string>  = "1048576" (cb=8)
02:12:27.259742 
02:12:27.259742 [/Devices/ahci/0/LUN#0/Config/Parent/Parent/Parent/VDConfig/] (level 5)
02:12:27.259745   AllocationBlockSize <string>  = "1048576" (cb=8)
02:12:27.259746 
02:12:27.259746 [/Devices/ahci/0/LUN#0/Config/Parent/Parent/VDConfig/] (level 4)
02:12:27.259749   AllocationBlockSize <string>  = "1048576" (cb=8)
02:12:27.259829 
02:12:27.259830 [/Devices/ahci/0/LUN#0/Config/Parent/VDConfig/] (level 3)
02:12:27.259834   AllocationBlockSize <string>  = "1048576" (cb=8)
02:12:27.259834 
02:12:27.259835 [/Devices/ahci/0/LUN#0/Config/VDConfig/] (level 2)
02:12:27.259837 
02:12:27.259838 ********************* End of CFGM dump **********************
02:12:27.293001 Resuming VM execution, reason 'Snapshot'
02:12:27.293147 Changing the VM state from 'SUSPENDED' to 'RESUMING'
02:12:27.293551 VUSB: Attached 'HidMouse' to port 1 on RootHub#1 (FullSpeed)
02:12:27.293850 Changing the VM state from 'RESUMING' to 'RUNNING'
02:12:27.295177 Console: Machine state changed to 'Running'
02:12:27.488538 GUI: UIMediumEnumerator: Medium-enumeration finished!
02:12:31.372401 AIOMgr: Async flushes not supported
02:13:56.340434 Console: Machine state changed to 'OnlineSnapshotting'
02:13:56.431658 Saving state of VM, reason 'Snapshot'
02:13:56.431861 Changing the VM state from 'RUNNING' to 'SUSPENDING'
02:13:56.452722 AIOMgr: Endpoint for file 'C:\Users\Dell\VirtualBox VMs\ubuntu\Snapshots\{52dbfe31-6ded-40f9-83f2-c36398215fde}.vdi' (flags 000c0781) created successfully
02:13:56.454158 PDMR3Suspend: 22 269 471 ns run time
02:13:56.454187 Changing the VM state from 'SUSPENDING' to 'SUSPENDED'
02:13:56.455278 Changing the VM state from 'SUSPENDED' to 'SAVING'
02:13:56.584291 GUI: UIMediumEnumerator: Medium-enumeration finished!
02:14:02.387735 E1000#0: Interrupt attempts: 933519
02:14:02.387759 E1000#0: Interrupts raised : 319348
02:14:02.387769 E1000#0: Interrupts lowered: 7085
02:14:02.387778 E1000#0: ICR outside ISR   : 0
02:14:02.387787 E1000#0: IMS raised ints   : 70026
02:14:02.387796 E1000#0: Interrupts skipped: 422590
02:14:02.387805 E1000#0: Masked interrupts : 191581
02:14:02.387814 E1000#0: Early interrupts  : 0
02:14:02.387825 E1000#0: Late interrupts   : 64174
02:14:02.387839 E1000#0: Lost interrupts   : 0
02:14:02.387853 E1000#0: Interrupts by RX  : 576487
02:14:02.387866 E1000#0: Interrupts by TX  : 144544
02:14:02.387906 E1000#0: Interrupts by ICS : 3768
02:14:02.387921 E1000#0: Interrupts by RDTR: 0
02:14:02.387937 E1000#0: Interrupts by RDMT: 0
02:14:02.387955 E1000#0: Interrupts by TXQE: 0
02:14:02.387969 E1000#0: TX int delay asked: 0
02:14:02.387982 E1000#0: TX delayed:         0
02:14:02.387994 E1000#0: TX delay expired:   0
02:14:02.388007 E1000#0: TX no report asked: 144570
02:14:02.388020 E1000#0: TX abs timer expd : 0
02:14:02.388033 E1000#0: TX int timer expd : 0
02:14:02.388047 E1000#0: RX abs timer expd : 0
02:14:02.388060 E1000#0: RX int timer expd : 0
02:14:02.388074 E1000#0: TX CTX descriptors: 144295
02:14:02.388087 E1000#0: TX DAT descriptors: 144570
02:14:02.388100 E1000#0: TX LEG descriptors: 249
02:14:02.388114 E1000#0: Received frames   : 576487
02:14:02.388127 E1000#0: Transmitted frames: 144544
02:14:02.388140 E1000#0: TX frames up to 1514: 144535
02:14:02.388153 E1000#0: TX frames up to 2962: 9
02:14:02.388166 E1000#0: TX frames up to 4410: 0
02:14:02.388178 E1000#0: TX frames up to 5858: 0
02:14:02.388188 E1000#0: TX frames up to 7306: 0
02:14:02.388197 E1000#0: TX frames up to 8754: 0
02:14:02.388206 E1000#0: TX frames up to 16384: 0
02:14:02.388215 E1000#0: TX frames up to 32768: 0
02:14:02.388224 E1000#0: Larger TX frames    : 0
02:14:02.388233 E1000#0: Max TX Delay        : 0
02:14:02.468227 SSM: Footer at 0x20e87117 (552104215), 35 directory entries.
02:14:02.468877 SSM: Successfully saved the VM state to '<remote-machine>'
02:14:02.468903 Changing the VM state from 'SAVING' to 'SUSPENDED'
02:14:02.484793 DrvVD: Flushes will be ignored
02:14:02.484827 DrvVD: Async flushes will be passed to the disk
02:14:02.486814 AIOMgr: Endpoint for file 'C:\Users\Dell\VirtualBox VMs\ubuntu\ubuntu.vdi' (flags 000c0781) created successfully
02:14:02.488428 AIOMgr: Endpoint for file 'C:\Users\Dell\VirtualBox VMs\ubuntu\Snapshots\{40e1ad86-e8a7-43b8-b399-8b031531b828}.vdi' (flags 000c0781) created successfully
02:14:02.489827 AIOMgr: Endpoint for file 'C:\Users\Dell\VirtualBox VMs\ubuntu\Snapshots\{c923ea2e-55e0-47ed-9473-84bfdae454a4}.vdi' (flags 000c0781) created successfully
02:14:02.491340 AIOMgr: Endpoint for file 'C:\Users\Dell\VirtualBox VMs\ubuntu\Snapshots\{622455a8-e35d-4150-b5df-62a24bb0365c}.vdi' (flags 000c0781) created successfully
02:14:02.492951 AIOMgr: Endpoint for file 'C:\Users\Dell\VirtualBox VMs\ubuntu\Snapshots\{772b8626-1d37-401c-84e5-e566b785a513}.vdi' (flags 000c0781) created successfully
02:14:02.494750 AIOMgr: Endpoint for file 'C:\Users\Dell\VirtualBox VMs\ubuntu\Snapshots\{02fbf0fc-c635-4d0f-92ee-c38c14b15459}.vdi' (flags 000c0781) created successfully
02:14:02.496217 AIOMgr: Endpoint for file 'C:\Users\Dell\VirtualBox VMs\ubuntu\Snapshots\{de09a35f-fd42-48a0-843b-b8804d1e65ca}.vdi' (flags 000c0781) created successfully
02:14:02.497676 AIOMgr: Endpoint for file 'C:\Users\Dell\VirtualBox VMs\ubuntu\Snapshots\{5f9063eb-9526-43ba-b969-6a018ed0de9f}.vdi' (flags 000c0781) created successfully
02:14:02.498984 AIOMgr: Endpoint for file 'C:\Users\Dell\VirtualBox VMs\ubuntu\Snapshots\{47a4fb66-94e2-4046-9c78-e23fca9e44b1}.vdi' (flags 000c0781) created successfully
02:14:02.500236 AIOMgr: Endpoint for file 'C:\Users\Dell\VirtualBox VMs\ubuntu\Snapshots\{1e57c4fd-78a9-49d7-8985-36006154dfb7}.vdi' (flags 000c0781) created successfully
02:14:02.501407 AIOMgr: Endpoint for file 'C:\Users\Dell\VirtualBox VMs\ubuntu\Snapshots\{076bac04-3587-4e85-b779-7da3c386c13a}.vdi' (flags 000c0781) created successfully
02:14:02.502667 AIOMgr: Endpoint for file 'C:\Users\Dell\VirtualBox VMs\ubuntu\Snapshots\{6d7feaed-ec02-4041-8761-2a9b54d183f8}.vdi' (flags 000c0781) created successfully
02:14:02.504036 AIOMgr: Endpoint for file 'C:\Users\Dell\VirtualBox VMs\ubuntu\Snapshots\{b604638c-caa4-4a10-a469-b6f6f0997150}.vdi' (flags 000c0781) created successfully
02:14:02.505612 AIOMgr: Endpoint for file 'C:\Users\Dell\VirtualBox VMs\ubuntu\Snapshots\{a9fcf0bc-6c71-4025-bacc-c077c8b00343}.vdi' (flags 000c0781) created successfully
02:14:02.507061 AIOMgr: Endpoint for file 'C:\Users\Dell\VirtualBox VMs\ubuntu\Snapshots\{7220b9c7-9422-4484-a750-8b7513147bb1}.vdi' (flags 000c0781) created successfully
02:14:02.508771 AIOMgr: Endpoint for file 'C:\Users\Dell\VirtualBox VMs\ubuntu\Snapshots\{52dbfe31-6ded-40f9-83f2-c36398215fde}.vdi' (flags 000c0781) created successfully
02:14:02.510378 AIOMgr: Endpoint for file 'C:\Users\Dell\VirtualBox VMs\ubuntu\Snapshots\{be148e35-ea40-4688-bda2-db5279daa39c}.vdi' (flags 000c0723) created successfully
02:14:02.511221 VD: Opening the disk took 24749425 ns
02:14:02.511412 AHCI: LUN#0: disk, PCHS=16383/16/63, total number of sectors 52428800
02:14:02.511709 ************************* CFGM dump *************************
02:14:02.511710 [/Devices/ahci/0/LUN#0/] (level 0)
02:14:02.511713   Driver <string>  = "VD" (cb=3)
02:14:02.511714 
02:14:02.511714 [/Devices/ahci/0/LUN#0/Config/] (level 1) (restricted root)
02:14:02.511716   BlockCache <integer> = 0x0000000000000001 (1)
02:14:02.511717   Format     <string>  = "VDI" (cb=4)
02:14:02.511718   Mountable  <integer> = 0x0000000000000000 (0)
02:14:02.511719   Path       <string>  = "C:\Users\Dell\VirtualBox VMs\ubuntu\Snapshots\{be148e35-ea40-4688-bda2-db5279daa39c}.vdi" (cb=89)
02:14:02.511720   Type       <string>  = "HardDisk" (cb=9)
02:14:02.511721   UseNewIo   <integer> = 0x0000000000000001 (1)
02:14:02.511722 
02:14:02.511722 [/Devices/ahci/0/LUN#0/Config/Parent/] (level 2)
02:14:02.511724   Format <string>  = "VDI" (cb=4)
02:14:02.511724   Path   <string>  = "C:\Users\Dell\VirtualBox VMs\ubuntu\Snapshots\{52dbfe31-6ded-40f9-83f2-c36398215fde}.vdi" (cb=89)
02:14:02.511725 
02:14:02.511726 [/Devices/ahci/0/LUN#0/Config/Parent/Parent/] (level 3)
02:14:02.511727   Format <string>  = "VDI" (cb=4)
02:14:02.511728   Path   <string>  = "C:\Users\Dell\VirtualBox VMs\ubuntu\Snapshots\{7220b9c7-9422-4484-a750-8b7513147bb1}.vdi" (cb=89)
02:14:02.511728 
02:14:02.511729 [/Devices/ahci/0/LUN#0/Config/Parent/Parent/Parent/] (level 4)
02:14:02.511730   Format <string>  = "VDI" (cb=4)
02:14:02.511731   Path   <string>  = "C:\Users\Dell\VirtualBox VMs\ubuntu\Snapshots\{a9fcf0bc-6c71-4025-bacc-c077c8b00343}.vdi" (cb=89)
02:14:02.511732 
02:14:02.511732 [/Devices/ahci/0/LUN#0/Config/Parent/Parent/Parent/Parent/] (level 5)
02:14:02.511734   Format <string>  = "VDI" (cb=4)
02:14:02.511734   Path   <string>  = "C:\Users\Dell\VirtualBox VMs\ubuntu\Snapshots\{b604638c-caa4-4a10-a469-b6f6f0997150}.vdi" (cb=89)
02:14:02.511735 
02:14:02.511735 [/Devices/ahci/0/LUN#0/Config/Parent/Parent/Parent/Parent/Parent/] (level 6)
02:14:02.511737   Format <string>  = "VDI" (cb=4)
02:14:02.511738   Path   <string>  = "C:\Users\Dell\VirtualBox VMs\ubuntu\Snapshots\{6d7feaed-ec02-4041-8761-2a9b54d183f8}.vdi" (cb=89)
02:14:02.511738 
02:14:02.511738 [/Devices/ahci/0/LUN#0/Config/Parent/Parent/Parent/Parent/Parent/Parent/] (level 7)
02:14:02.511741   Format <string>  = "VDI" (cb=4)
02:14:02.511741   Path   <string>  = "C:\Users\Dell\VirtualBox VMs\ubuntu\Snapshots\{076bac04-3587-4e85-b779-7da3c386c13a}.vdi" (cb=89)
02:14:02.511742 
02:14:02.511742 [/Devices/ahci/0/LUN#0/Config/Parent/Parent/Parent/Parent/Parent/Parent/Parent/] (level 8)
02:14:02.511744   Format <string>  = "VDI" (cb=4)
02:14:02.511745   Path   <string>  = "C:\Users\Dell\VirtualBox VMs\ubuntu\Snapshots\{1e57c4fd-78a9-49d7-8985-36006154dfb7}.vdi" (cb=89)
02:14:02.511746 
02:14:02.511746 [/Devices/ahci/0/LUN#0/Config/Parent/Parent/Parent/Parent/Parent/Parent/Parent/Parent/] (level 9)
02:14:02.511748   Format <string>  = "VDI" (cb=4)
02:14:02.511749   Path   <string>  = "C:\Users\Dell\VirtualBox VMs\ubuntu\Snapshots\{47a4fb66-94e2-4046-9c78-e23fca9e44b1}.vdi" (cb=89)
02:14:02.511749 
02:14:02.511750 [/Devices/ahci/0/LUN#0/Config/Parent/Parent/Parent/Parent/Parent/Parent/Parent/Parent/Parent/] (level 10)
02:14:02.511752   Format <string>  = "VDI" (cb=4)
02:14:02.511753   Path   <string>  = "C:\Users\Dell\VirtualBox VMs\ubuntu\Snapshots\{5f9063eb-9526-43ba-b969-6a018ed0de9f}.vdi" (cb=89)
02:14:02.511753 
02:14:02.511754 [/Devices/ahci/0/LUN#0/Config/Parent/Parent/Parent/Parent/Parent/Parent/Parent/Parent/Parent/Parent/] (level 11)
02:14:02.511756   Format <string>  = "VDI" (cb=4)
02:14:02.511757   Path   <string>  = "C:\Users\Dell\VirtualBox VMs\ubuntu\Snapshots\{de09a35f-fd42-48a0-843b-b8804d1e65ca}.vdi" (cb=89)
02:14:02.511757 
02:14:02.511758 [/Devices/ahci/0/LUN#0/Config/Parent/Parent/Parent/Parent/Parent/Parent/Parent/Parent/Parent/Parent/Parent/] (level 12)
02:14:02.511760   Format <string>  = "VDI" (cb=4)
02:14:02.511761   Path   <string>  = "C:\Users\Dell\VirtualBox VMs\ubuntu\Snapshots\{02fbf0fc-c635-4d0f-92ee-c38c14b15459}.vdi" (cb=89)
02:14:02.511762 
02:14:02.511762 [/Devices/ahci/0/LUN#0/Config/Parent/Parent/Parent/Parent/Parent/Parent/Parent/Parent/Parent/Parent/Parent/Parent/] (level 13)
02:14:02.511765   Format <string>  = "VDI" (cb=4)
02:14:02.511765   Path   <string>  = "C:\Users\Dell\VirtualBox VMs\ubuntu\Snapshots\{772b8626-1d37-401c-84e5-e566b785a513}.vdi" (cb=89)
02:14:02.511766 
02:14:02.511766 [/Devices/ahci/0/LUN#0/Config/Parent/Parent/Parent/Parent/Parent/Parent/Parent/Parent/Parent/Parent/Parent/Parent/Parent/] (level 14)
02:14:02.511769   Format <string>  = "VDI" (cb=4)
02:14:02.511769   Path   <string>  = "C:\Users\Dell\VirtualBox VMs\ubuntu\Snapshots\{622455a8-e35d-4150-b5df-62a24bb0365c}.vdi" (cb=89)
02:14:02.511770 
02:14:02.511770 [/Devices/ahci/0/LUN#0/Config/Parent/Parent/Parent/Parent/Parent/Parent/Parent/Parent/Parent/Parent/Parent/Parent/Parent/Parent/] (level 15)
02:14:02.511773   Format <string>  = "VDI" (cb=4)
02:14:02.511774   Path   <string>  = "C:\Users\Dell\VirtualBox VMs\ubuntu\Snapshots\{c923ea2e-55e0-47ed-9473-84bfdae454a4}.vdi" (cb=89)
02:14:02.511775 
02:14:02.511775 [/Devices/ahci/0/LUN#0/Config/Parent/Parent/Parent/Parent/Parent/Parent/Parent/Parent/Parent/Parent/Parent/Parent/Parent/Parent/Parent/] (level 16)
02:14:02.511778   Format <string>  = "VDI" (cb=4)
02:14:02.511778   Path   <string>  = "C:\Users\Dell\VirtualBox VMs\ubuntu\Snapshots\{40e1ad86-e8a7-43b8-b399-8b031531b828}.vdi" (cb=89)
02:14:02.511779 
02:14:02.511779 [/Devices/ahci/0/LUN#0/Config/Parent/Parent/Parent/Parent/Parent/Parent/Parent/Parent/Parent/Parent/Parent/Parent/Parent/Parent/Parent/Parent/] (level 17)
02:14:02.511783   Format <string>  = "VDI" (cb=4)
02:14:02.511783   Path   <string>  = "C:\Users\Dell\VirtualBox VMs\ubuntu\ubuntu.vdi" (cb=47)
02:14:02.511784 
02:14:02.511784 [/Devices/ahci/0/LUN#0/Config/Parent/Parent/Parent/Parent/Parent/Parent/Parent/Parent/Parent/Parent/Parent/Parent/Parent/Parent/Parent/Parent/VDConfig/] (level 18)
02:14:02.511788   AllocationBlockSize <string>  = "1048576" (cb=8)
02:14:02.511788 
02:14:02.511789 [/Devices/ahci/0/LUN#0/Config/Parent/Parent/Parent/Parent/Parent/Parent/Parent/Parent/Parent/Parent/Parent/Parent/Parent/Parent/Parent/VDConfig/] (level 17)
02:14:02.511792   AllocationBlockSize <string>  = "1048576" (cb=8)
02:14:02.511793 
02:14:02.511793 [/Devices/ahci/0/LUN#0/Config/Parent/Parent/Parent/Parent/Parent/Parent/Parent/Parent/Parent/Parent/Parent/Parent/Parent/Parent/VDConfig/] (level 16)
02:14:02.511796   AllocationBlockSize <string>  = "1048576" (cb=8)
02:14:02.511796 
02:14:02.511797 [/Devices/ahci/0/LUN#0/Config/Parent/Parent/Parent/Parent/Parent/Parent/Parent/Parent/Parent/Parent/Parent/Parent/Parent/VDConfig/] (level 15)
02:14:02.511799   AllocationBlockSize <string>  = "1048576" (cb=8)
02:14:02.511800 
02:14:02.511800 [/Devices/ahci/0/LUN#0/Config/Parent/Parent/Parent/Parent/Parent/Parent/Parent/Parent/Parent/Parent/Parent/Parent/VDConfig/] (level 14)
02:14:02.511803   AllocationBlockSize <string>  = "1048576" (cb=8)
02:14:02.511803 
02:14:02.511804 [/Devices/ahci/0/LUN#0/Config/Parent/Parent/Parent/Parent/Parent/Parent/Parent/Parent/Parent/Parent/Parent/VDConfig/] (level 13)
02:14:02.511806   AllocationBlockSize <string>  = "1048576" (cb=8)
02:14:02.511807 
02:14:02.511807 [/Devices/ahci/0/LUN#0/Config/Parent/Parent/Parent/Parent/Parent/Parent/Parent/Parent/Parent/Parent/VDConfig/] (level 12)
02:14:02.511809   AllocationBlockSize <string>  = "1048576" (cb=8)
02:14:02.511810 
02:14:02.511810 [/Devices/ahci/0/LUN#0/Config/Parent/Parent/Parent/Parent/Parent/Parent/Parent/Parent/Parent/VDConfig/] (level 11)
02:14:02.511813   AllocationBlockSize <string>  = "1048576" (cb=8)
02:14:02.511813 
02:14:02.511813 [/Devices/ahci/0/LUN#0/Config/Parent/Parent/Parent/Parent/Parent/Parent/Parent/Parent/VDConfig/] (level 10)
02:14:02.511816   AllocationBlockSize <string>  = "1048576" (cb=8)
02:14:02.511816 
02:14:02.511816 [/Devices/ahci/0/LUN#0/Config/Parent/Parent/Parent/Parent/Parent/Parent/Parent/VDConfig/] (level 9)
02:14:02.511819   AllocationBlockSize <string>  = "1048576" (cb=8)
02:14:02.511819 
02:14:02.511819 [/Devices/ahci/0/LUN#0/Config/Parent/Parent/Parent/Parent/Parent/Parent/VDConfig/] (level 8)
02:14:02.511821   AllocationBlockSize <string>  = "1048576" (cb=8)
02:14:02.511822 
02:14:02.511822 [/Devices/ahci/0/LUN#0/Config/Parent/Parent/Parent/Parent/Parent/VDConfig/] (level 7)
02:14:02.511824   AllocationBlockSize <string>  = "1048576" (cb=8)
02:14:02.511825 
02:14:02.511825 [/Devices/ahci/0/LUN#0/Config/Parent/Parent/Parent/Parent/VDConfig/] (level 6)
02:14:02.511827   AllocationBlockSize <string>  = "1048576" (cb=8)
02:14:02.511827 
02:14:02.511827 [/Devices/ahci/0/LUN#0/Config/Parent/Parent/Parent/VDConfig/] (level 5)
02:14:02.511829   AllocationBlockSize <string>  = "1048576" (cb=8)
02:14:02.511829 
02:14:02.511830 [/Devices/ahci/0/LUN#0/Config/Parent/Parent/VDConfig/] (level 4)
02:14:02.511831   AllocationBlockSize <string>  = "1048576" (cb=8)
02:14:02.511832 
02:14:02.511832 [/Devices/ahci/0/LUN#0/Config/Parent/VDConfig/] (level 3)
02:14:02.511833   AllocationBlockSize <string>  = "1048576" (cb=8)
02:14:02.511834 
02:14:02.511834 [/Devices/ahci/0/LUN#0/Config/VDConfig/] (level 2)
02:14:02.511836 
02:14:02.511836 ********************* End of CFGM dump **********************
02:14:02.544672 Resuming VM execution, reason 'Snapshot'
02:14:02.544781 Changing the VM state from 'SUSPENDED' to 'RESUMING'
02:14:02.545265 VUSB: Attached 'HidMouse' to port 1 on RootHub#1 (FullSpeed)
02:14:02.545608 Changing the VM state from 'RESUMING' to 'RUNNING'
02:14:02.546655 Console: Machine state changed to 'Running'
02:14:02.727141 GUI: UIMediumEnumerator: Medium-enumeration finished!
02:14:08.045957 AIOMgr: Async flushes not supported
02:14:58.315434 Console: Machine state changed to 'OnlineSnapshotting'
02:14:58.420822 Saving state of VM, reason 'Snapshot'
02:14:58.420999 Changing the VM state from 'RUNNING' to 'SUSPENDING'
02:14:58.444263 AIOMgr: Endpoint for file 'C:\Users\Dell\VirtualBox VMs\ubuntu\Snapshots\{be148e35-ea40-4688-bda2-db5279daa39c}.vdi' (flags 000c0781) created successfully
02:14:58.445661 PDMR3Suspend: 24 633 917 ns run time
02:14:58.445701 Changing the VM state from 'SUSPENDING' to 'SUSPENDED'
02:14:58.446820 Changing the VM state from 'SUSPENDED' to 'SAVING'
02:14:58.570109 GUI: UIMediumEnumerator: Medium-enumeration finished!
02:15:04.514874 E1000#0: Interrupt attempts: 933560
02:15:04.514903 E1000#0: Interrupts raised : 319383
02:15:04.514922 E1000#0: Interrupts lowered: 7085
02:15:04.514940 E1000#0: ICR outside ISR   : 0
02:15:04.514959 E1000#0: IMS raised ints   : 70026
02:15:04.514974 E1000#0: Interrupts skipped: 422596
02:15:04.514989 E1000#0: Masked interrupts : 191581
02:15:04.515007 E1000#0: Early interrupts  : 0
02:15:04.515022 E1000#0: Late interrupts   : 64174
02:15:04.515041 E1000#0: Lost interrupts   : 0
02:15:04.515055 E1000#0: Interrupts by RX  : 576491
02:15:04.515069 E1000#0: Interrupts by TX  : 144549
02:15:04.515083 E1000#0: Interrupts by ICS : 3795
02:15:04.515093 E1000#0: Interrupts by RDTR: 0
02:15:04.515102 E1000#0: Interrupts by RDMT: 0
02:15:04.515111 E1000#0: Interrupts by TXQE: 0
02:15:04.515120 E1000#0: TX int delay asked: 0
02:15:04.515129 E1000#0: TX delayed:         0
02:15:04.515138 E1000#0: TX delay expired:   0
02:15:04.515146 E1000#0: TX no report asked: 144572
02:15:04.515155 E1000#0: TX abs timer expd : 0
02:15:04.515165 E1000#0: TX int timer expd : 0
02:15:04.515174 E1000#0: RX abs timer expd : 0
02:15:04.515184 E1000#0: RX int timer expd : 0
02:15:04.515196 E1000#0: TX CTX descriptors: 144297
02:15:04.515210 E1000#0: TX DAT descriptors: 144572
02:15:04.515220 E1000#0: TX LEG descriptors: 252
02:15:04.515232 E1000#0: Received frames   : 576491
02:15:04.515245 E1000#0: Transmitted frames: 144549
02:15:04.515259 E1000#0: TX frames up to 1514: 144540
02:15:04.515273 E1000#0: TX frames up to 2962: 9
02:15:04.515285 E1000#0: TX frames up to 4410: 0
02:15:04.515294 E1000#0: TX frames up to 5858: 0
02:15:04.515303 E1000#0: TX frames up to 7306: 0
02:15:04.515312 E1000#0: TX frames up to 8754: 0
02:15:04.515321 E1000#0: TX frames up to 16384: 0
02:15:04.515330 E1000#0: TX frames up to 32768: 0
02:15:04.515339 E1000#0: Larger TX frames    : 0
02:15:04.515348 E1000#0: Max TX Delay        : 0
02:15:04.596937 SSM: Footer at 0x20e9b87f (552188031), 35 directory entries.
02:15:04.597522 SSM: Successfully saved the VM state to '<remote-machine>'
02:15:04.597546 Changing the VM state from 'SAVING' to 'SUSPENDED'
02:15:04.613876 DrvVD: Flushes will be ignored
02:15:04.613905 DrvVD: Async flushes will be passed to the disk
02:15:04.615919 AIOMgr: Endpoint for file 'C:\Users\Dell\VirtualBox VMs\ubuntu\ubuntu.vdi' (flags 000c0781) created successfully
02:15:04.617592 AIOMgr: Endpoint for file 'C:\Users\Dell\VirtualBox VMs\ubuntu\Snapshots\{40e1ad86-e8a7-43b8-b399-8b031531b828}.vdi' (flags 000c0781) created successfully
02:15:04.619263 AIOMgr: Endpoint for file 'C:\Users\Dell\VirtualBox VMs\ubuntu\Snapshots\{c923ea2e-55e0-47ed-9473-84bfdae454a4}.vdi' (flags 000c0781) created successfully
02:15:04.621185 AIOMgr: Endpoint for file 'C:\Users\Dell\VirtualBox VMs\ubuntu\Snapshots\{622455a8-e35d-4150-b5df-62a24bb0365c}.vdi' (flags 000c0781) created successfully
02:15:04.622503 AIOMgr: Endpoint for file 'C:\Users\Dell\VirtualBox VMs\ubuntu\Snapshots\{772b8626-1d37-401c-84e5-e566b785a513}.vdi' (flags 000c0781) created successfully
02:15:04.623950 AIOMgr: Endpoint for file 'C:\Users\Dell\VirtualBox VMs\ubuntu\Snapshots\{02fbf0fc-c635-4d0f-92ee-c38c14b15459}.vdi' (flags 000c0781) created successfully
02:15:04.625511 AIOMgr: Endpoint for file 'C:\Users\Dell\VirtualBox VMs\ubuntu\Snapshots\{de09a35f-fd42-48a0-843b-b8804d1e65ca}.vdi' (flags 000c0781) created successfully
02:15:04.627304 AIOMgr: Endpoint for file 'C:\Users\Dell\VirtualBox VMs\ubuntu\Snapshots\{5f9063eb-9526-43ba-b969-6a018ed0de9f}.vdi' (flags 000c0781) created successfully
02:15:04.628679 AIOMgr: Endpoint for file 'C:\Users\Dell\VirtualBox VMs\ubuntu\Snapshots\{47a4fb66-94e2-4046-9c78-e23fca9e44b1}.vdi' (flags 000c0781) created successfully
02:15:04.630438 AIOMgr: Endpoint for file 'C:\Users\Dell\VirtualBox VMs\ubuntu\Snapshots\{1e57c4fd-78a9-49d7-8985-36006154dfb7}.vdi' (flags 000c0781) created successfully
02:15:04.631747 AIOMgr: Endpoint for file 'C:\Users\Dell\VirtualBox VMs\ubuntu\Snapshots\{076bac04-3587-4e85-b779-7da3c386c13a}.vdi' (flags 000c0781) created successfully
02:15:04.633264 AIOMgr: Endpoint for file 'C:\Users\Dell\VirtualBox VMs\ubuntu\Snapshots\{6d7feaed-ec02-4041-8761-2a9b54d183f8}.vdi' (flags 000c0781) created successfully
02:15:04.635023 AIOMgr: Endpoint for file 'C:\Users\Dell\VirtualBox VMs\ubuntu\Snapshots\{b604638c-caa4-4a10-a469-b6f6f0997150}.vdi' (flags 000c0781) created successfully
02:15:04.636630 AIOMgr: Endpoint for file 'C:\Users\Dell\VirtualBox VMs\ubuntu\Snapshots\{a9fcf0bc-6c71-4025-bacc-c077c8b00343}.vdi' (flags 000c0781) created successfully
02:15:04.638249 AIOMgr: Endpoint for file 'C:\Users\Dell\VirtualBox VMs\ubuntu\Snapshots\{7220b9c7-9422-4484-a750-8b7513147bb1}.vdi' (flags 000c0781) created successfully
02:15:04.639780 AIOMgr: Endpoint for file 'C:\Users\Dell\VirtualBox VMs\ubuntu\Snapshots\{52dbfe31-6ded-40f9-83f2-c36398215fde}.vdi' (flags 000c0781) created successfully
02:15:04.641210 AIOMgr: Endpoint for file 'C:\Users\Dell\VirtualBox VMs\ubuntu\Snapshots\{be148e35-ea40-4688-bda2-db5279daa39c}.vdi' (flags 000c0781) created successfully
02:15:04.642869 AIOMgr: Endpoint for file 'C:\Users\Dell\VirtualBox VMs\ubuntu\Snapshots\{57b87661-9167-4282-8d96-a922fbac9100}.vdi' (flags 000c0723) created successfully
02:15:04.643748 VD: Opening the disk took 28190650 ns
02:15:04.643935 AHCI: LUN#0: disk, PCHS=16383/16/63, total number of sectors 52428800
02:15:04.644260 ************************* CFGM dump *************************
02:15:04.644263 [/Devices/ahci/0/LUN#0/] (level 0)
02:15:04.644265   Driver <string>  = "VD" (cb=3)
02:15:04.644266 
02:15:04.644266 [/Devices/ahci/0/LUN#0/Config/] (level 1) (restricted root)
02:15:04.644269   BlockCache <integer> = 0x0000000000000001 (1)
02:15:04.644270   Format     <string>  = "VDI" (cb=4)
02:15:04.644272   Mountable  <integer> = 0x0000000000000000 (0)
02:15:04.644272   Path       <string>  = "C:\Users\Dell\VirtualBox VMs\ubuntu\Snapshots\{57b87661-9167-4282-8d96-a922fbac9100}.vdi" (cb=89)
02:15:04.644274   Type       <string>  = "HardDisk" (cb=9)
02:15:04.644274   UseNewIo   <integer> = 0x0000000000000001 (1)
02:15:04.644275 
02:15:04.644275 [/Devices/ahci/0/LUN#0/Config/Parent/] (level 2)
02:15:04.644277   Format <string>  = "VDI" (cb=4)
02:15:04.644278   Path   <string>  = "C:\Users\Dell\VirtualBox VMs\ubuntu\Snapshots\{be148e35-ea40-4688-bda2-db5279daa39c}.vdi" (cb=89)
02:15:04.644279 
02:15:04.644279 [/Devices/ahci/0/LUN#0/Config/Parent/Parent/] (level 3)
02:15:04.644280   Format <string>  = "VDI" (cb=4)
02:15:04.644281   Path   <string>  = "C:\Users\Dell\VirtualBox VMs\ubuntu\Snapshots\{52dbfe31-6ded-40f9-83f2-c36398215fde}.vdi" (cb=89)
02:15:04.644281 
02:15:04.644282 [/Devices/ahci/0/LUN#0/Config/Parent/Parent/Parent/] (level 4)
02:15:04.644283   Format <string>  = "VDI" (cb=4)
02:15:04.644284   Path   <string>  = "C:\Users\Dell\VirtualBox VMs\ubuntu\Snapshots\{7220b9c7-9422-4484-a750-8b7513147bb1}.vdi" (cb=89)
02:15:04.644285 
02:15:04.644285 [/Devices/ahci/0/LUN#0/Config/Parent/Parent/Parent/Parent/] (level 5)
02:15:04.644287   Format <string>  = "VDI" (cb=4)
02:15:04.644287   Path   <string>  = "C:\Users\Dell\VirtualBox VMs\ubuntu\Snapshots\{a9fcf0bc-6c71-4025-bacc-c077c8b00343}.vdi" (cb=89)
02:15:04.644288 
02:15:04.644288 [/Devices/ahci/0/LUN#0/Config/Parent/Parent/Parent/Parent/Parent/] (level 6)
02:15:04.644290   Format <string>  = "VDI" (cb=4)
02:15:04.644291   Path   <string>  = "C:\Users\Dell\VirtualBox VMs\ubuntu\Snapshots\{b604638c-caa4-4a10-a469-b6f6f0997150}.vdi" (cb=89)
02:15:04.644291 
02:15:04.644291 [/Devices/ahci/0/LUN#0/Config/Parent/Parent/Parent/Parent/Parent/Parent/] (level 7)
02:15:04.644294   Format <string>  = "VDI" (cb=4)
02:15:04.644294   Path   <string>  = "C:\Users\Dell\VirtualBox VMs\ubuntu\Snapshots\{6d7feaed-ec02-4041-8761-2a9b54d183f8}.vdi" (cb=89)
02:15:04.644295 
02:15:04.644295 [/Devices/ahci/0/LUN#0/Config/Parent/Parent/Parent/Parent/Parent/Parent/Parent/] (level 8)
02:15:04.644297   Format <string>  = "VDI" (cb=4)
02:15:04.644298   Path   <string>  = "C:\Users\Dell\VirtualBox VMs\ubuntu\Snapshots\{076bac04-3587-4e85-b779-7da3c386c13a}.vdi" (cb=89)
02:15:04.644298 
02:15:04.644299 [/Devices/ahci/0/LUN#0/Config/Parent/Parent/Parent/Parent/Parent/Parent/Parent/Parent/] (level 9)
02:15:04.644301   Format <string>  = "VDI" (cb=4)
02:15:04.644301   Path   <string>  = "C:\Users\Dell\VirtualBox VMs\ubuntu\Snapshots\{1e57c4fd-78a9-49d7-8985-36006154dfb7}.vdi" (cb=89)
02:15:04.644302 
02:15:04.644302 [/Devices/ahci/0/LUN#0/Config/Parent/Parent/Parent/Parent/Parent/Parent/Parent/Parent/Parent/] (level 10)
02:15:04.644305   Format <string>  = "VDI" (cb=4)
02:15:04.644305   Path   <string>  = "C:\Users\Dell\VirtualBox VMs\ubuntu\Snapshots\{47a4fb66-94e2-4046-9c78-e23fca9e44b1}.vdi" (cb=89)
02:15:04.644306 
02:15:04.644306 [/Devices/ahci/0/LUN#0/Config/Parent/Parent/Parent/Parent/Parent/Parent/Parent/Parent/Parent/Parent/] (level 11)
02:15:04.644309   Format <string>  = "VDI" (cb=4)
02:15:04.644309   Path   <string>  = "C:\Users\Dell\VirtualBox VMs\ubuntu\Snapshots\{5f9063eb-9526-43ba-b969-6a018ed0de9f}.vdi" (cb=89)
02:15:04.644310 
02:15:04.644310 [/Devices/ahci/0/LUN#0/Config/Parent/Parent/Parent/Parent/Parent/Parent/Parent/Parent/Parent/Parent/Parent/] (level 12)
02:15:04.644313   Format <string>  = "VDI" (cb=4)
02:15:04.644313   Path   <string>  = "C:\Users\Dell\VirtualBox VMs\ubuntu\Snapshots\{de09a35f-fd42-48a0-843b-b8804d1e65ca}.vdi" (cb=89)
02:15:04.644314 
02:15:04.644314 [/Devices/ahci/0/LUN#0/Config/Parent/Parent/Parent/Parent/Parent/Parent/Parent/Parent/Parent/Parent/Parent/Parent/] (level 13)
02:15:04.644317   Format <string>  = "VDI" (cb=4)
02:15:04.644317   Path   <string>  = "C:\Users\Dell\VirtualBox VMs\ubuntu\Snapshots\{02fbf0fc-c635-4d0f-92ee-c38c14b15459}.vdi" (cb=89)
02:15:04.644318 
02:15:04.644319 [/Devices/ahci/0/LUN#0/Config/Parent/Parent/Parent/Parent/Parent/Parent/Parent/Parent/Parent/Parent/Parent/Parent/Parent/] (level 14)
02:15:04.644321   Format <string>  = "VDI" (cb=4)
02:15:04.644322   Path   <string>  = "C:\Users\Dell\VirtualBox VMs\ubuntu\Snapshots\{772b8626-1d37-401c-84e5-e566b785a513}.vdi" (cb=89)
02:15:04.644323 
02:15:04.644323 [/Devices/ahci/0/LUN#0/Config/Parent/Parent/Parent/Parent/Parent/Parent/Parent/Parent/Parent/Parent/Parent/Parent/Parent/Parent/] (level 15)
02:15:04.644326   Format <string>  = "VDI" (cb=4)
02:15:04.644326   Path   <string>  = "C:\Users\Dell\VirtualBox VMs\ubuntu\Snapshots\{622455a8-e35d-4150-b5df-62a24bb0365c}.vdi" (cb=89)
02:15:04.644327 
02:15:04.644327 [/Devices/ahci/0/LUN#0/Config/Parent/Parent/Parent/Parent/Parent/Parent/Parent/Parent/Parent/Parent/Parent/Parent/Parent/Parent/Parent/] (level 16)
02:15:04.644330   Format <string>  = "VDI" (cb=4)
02:15:04.644331   Path   <string>  = "C:\Users\Dell\VirtualBox VMs\ubuntu\Snapshots\{c923ea2e-55e0-47ed-9473-84bfdae454a4}.vdi" (cb=89)
02:15:04.644332 
02:15:04.644332 [/Devices/ahci/0/LUN#0/Config/Parent/Parent/Parent/Parent/Parent/Parent/Parent/Parent/Parent/Parent/Parent/Parent/Parent/Parent/Parent/Parent/] (level 17)
02:15:04.644335   Format <string>  = "VDI" (cb=4)
02:15:04.644336   Path   <string>  = "C:\Users\Dell\VirtualBox VMs\ubuntu\Snapshots\{40e1ad86-e8a7-43b8-b399-8b031531b828}.vdi" (cb=89)
02:15:04.644336 
02:15:04.644337 [/Devices/ahci/0/LUN#0/Config/Parent/Parent/Parent/Parent/Parent/Parent/Parent/Parent/Parent/Parent/Parent/Parent/Parent/Parent/Parent/Parent/Parent/] (level 18)
02:15:04.644340   Format <string>  = "VDI" (cb=4)
02:15:04.644341   Path   <string>  = "C:\Users\Dell\VirtualBox VMs\ubuntu\ubuntu.vdi" (cb=47)
02:15:04.644342 
02:15:04.644342 [/Devices/ahci/0/LUN#0/Config/Parent/Parent/Parent/Parent/Parent/Parent/Parent/Parent/Parent/Parent/Parent/Parent/Parent/Parent/Parent/Parent/Parent/VDConfig/] (level 19)
02:15:04.644345   AllocationBlockSize <string>  = "1048576" (cb=8)
02:15:04.644346 
02:15:04.644346 [/Devices/ahci/0/LUN#0/Config/Parent/Parent/Parent/Parent/Parent/Parent/Parent/Parent/Parent/Parent/Parent/Parent/Parent/Parent/Parent/Parent/VDConfig/] (level 18)
02:15:04.644350   AllocationBlockSize <string>  = "1048576" (cb=8)
02:15:04.644350 
02:15:04.644351 [/Devices/ahci/0/LUN#0/Config/Parent/Parent/Parent/Parent/Parent/Parent/Parent/Parent/Parent/Parent/Parent/Parent/Parent/Parent/Parent/VDConfig/] (level 17)
02:15:04.644354   AllocationBlockSize <string>  = "1048576" (cb=8)
02:15:04.644354 
02:15:04.644354 [/Devices/ahci/0/LUN#0/Config/Parent/Parent/Parent/Parent/Parent/Parent/Parent/Parent/Parent/Parent/Parent/Parent/Parent/Parent/VDConfig/] (level 16)
02:15:04.644357   AllocationBlockSize <string>  = "1048576" (cb=8)
02:15:04.644358 
02:15:04.644358 [/Devices/ahci/0/LUN#0/Config/Parent/Parent/Parent/Parent/Parent/Parent/Parent/Parent/Parent/Parent/Parent/Parent/Parent/VDConfig/] (level 15)
02:15:04.644361   AllocationBlockSize <string>  = "1048576" (cb=8)
02:15:04.644361 
02:15:04.644362 [/Devices/ahci/0/LUN#0/Config/Parent/Parent/Parent/Parent/Parent/Parent/Parent/Parent/Parent/Parent/Parent/Parent/VDConfig/] (level 14)
02:15:04.644364   AllocationBlockSize <string>  = "1048576" (cb=8)
02:15:04.644365 
02:15:04.644365 [/Devices/ahci/0/LUN#0/Config/Parent/Parent/Parent/Parent/Parent/Parent/Parent/Parent/Parent/Parent/Parent/VDConfig/] (level 13)
02:15:04.644368   AllocationBlockSize <string>  = "1048576" (cb=8)
02:15:04.644368 
02:15:04.644369 [/Devices/ahci/0/LUN#0/Config/Parent/Parent/Parent/Parent/Parent/Parent/Parent/Parent/Parent/Parent/VDConfig/] (level 12)
02:15:04.644371   AllocationBlockSize <string>  = "1048576" (cb=8)
02:15:04.644371 
02:15:04.644372 [/Devices/ahci/0/LUN#0/Config/Parent/Parent/Parent/Parent/Parent/Parent/Parent/Parent/Parent/VDConfig/] (level 11)
02:15:04.644374   AllocationBlockSize <string>  = "1048576" (cb=8)
02:15:04.644375 
02:15:04.644375 [/Devices/ahci/0/LUN#0/Config/Parent/Parent/Parent/Parent/Parent/Parent/Parent/Parent/VDConfig/] (level 10)
02:15:04.644378   AllocationBlockSize <string>  = "1048576" (cb=8)
02:15:04.644379 
02:15:04.644380 [/Devices/ahci/0/LUN#0/Config/Parent/Parent/Parent/Parent/Parent/Parent/Parent/VDConfig/] (level 9)
02:15:04.644383   AllocationBlockSize <string>  = "1048576" (cb=8)
02:15:04.644384 
02:15:04.644384 [/Devices/ahci/0/LUN#0/Config/Parent/Parent/Parent/Parent/Parent/Parent/VDConfig/] (level 8)
02:15:04.644387   AllocationBlockSize <string>  = "1048576" (cb=8)
02:15:04.644388 
02:15:04.644388 [/Devices/ahci/0/LUN#0/Config/Parent/Parent/Parent/Parent/Parent/VDConfig/] (level 7)
02:15:04.644393   AllocationBlockSize <string>  = "1048576" (cb=8)
02:15:04.644394 
02:15:04.644395 [/Devices/ahci/0/LUN#0/Config/Parent/Parent/Parent/Parent/VDConfig/] (level 6)
02:15:04.644397   AllocationBlockSize <string>  = "1048576" (cb=8)
02:15:04.644398 
02:15:04.644399 [/Devices/ahci/0/LUN#0/Config/Parent/Parent/Parent/VDConfig/] (level 5)
02:15:04.644401   AllocationBlockSize <string>  = "1048576" (cb=8)
02:15:04.644402 
02:15:04.644402 [/Devices/ahci/0/LUN#0/Config/Parent/Parent/VDConfig/] (level 4)
02:15:04.644405   AllocationBlockSize <string>  = "1048576" (cb=8)
02:15:04.644405 
02:15:04.644406 [/Devices/ahci/0/LUN#0/Config/Parent/VDConfig/] (level 3)
02:15:04.644408   AllocationBlockSize <string>  = "1048576" (cb=8)
02:15:04.644409 
02:15:04.644409 [/Devices/ahci/0/LUN#0/Config/VDConfig/] (level 2)
02:15:04.644412 
02:15:04.644413 ********************* End of CFGM dump **********************
02:15:04.678037 Resuming VM execution, reason 'Snapshot'
02:15:04.678118 Changing the VM state from 'SUSPENDED' to 'RESUMING'
02:15:04.678540 VUSB: Attached 'HidMouse' to port 1 on RootHub#1 (FullSpeed)
02:15:04.678918 Changing the VM state from 'RESUMING' to 'RUNNING'
02:15:04.679660 Console: Machine state changed to 'Running'
02:15:04.870415 GUI: UIMediumEnumerator: Medium-enumeration finished!
02:15:10.262120 AIOMgr: Async flushes not supported
02:18:16.177470 Console: Machine state changed to 'OnlineSnapshotting'
02:18:16.316227 Saving state of VM, reason 'Snapshot'
02:18:16.316581 Changing the VM state from 'RUNNING' to 'SUSPENDING'
02:18:16.338203 AIOMgr: Endpoint for file 'C:\Users\Dell\VirtualBox VMs\ubuntu\Snapshots\{57b87661-9167-4282-8d96-a922fbac9100}.vdi' (flags 000c0781) created successfully
02:18:16.341017 PDMR3Suspend: 24 399 833 ns run time
02:18:16.341160 Changing the VM state from 'SUSPENDING' to 'SUSPENDED'
02:18:16.343886 Changing the VM state from 'SUSPENDED' to 'SAVING'
02:18:16.493859 GUI: UIMediumEnumerator: Medium-enumeration finished!
02:18:22.338023 E1000#0: Interrupt attempts: 933682
02:18:22.338051 E1000#0: Interrupts raised : 319492
02:18:22.338068 E1000#0: Interrupts lowered: 7085
02:18:22.338083 E1000#0: ICR outside ISR   : 0
02:18:22.338097 E1000#0: IMS raised ints   : 70026
02:18:22.338112 E1000#0: Interrupts skipped: 422609
02:18:22.338126 E1000#0: Masked interrupts : 191581
02:18:22.338140 E1000#0: Early interrupts  : 0
02:18:22.338153 E1000#0: Late interrupts   : 64174
02:18:22.338166 E1000#0: Lost interrupts   : 0
02:18:22.338180 E1000#0: Interrupts by RX  : 576499
02:18:22.338193 E1000#0: Interrupts by TX  : 144559
02:18:22.338207 E1000#0: Interrupts by ICS : 3889
02:18:22.338221 E1000#0: Interrupts by RDTR: 0
02:18:22.338234 E1000#0: Interrupts by RDMT: 0
02:18:22.338247 E1000#0: Interrupts by TXQE: 0
02:18:22.338260 E1000#0: TX int delay asked: 0
02:18:22.338273 E1000#0: TX delayed:         0
02:18:22.338286 E1000#0: TX delay expired:   0
02:18:22.338300 E1000#0: TX no report asked: 144579
02:18:22.338313 E1000#0: TX abs timer expd : 0
02:18:22.338327 E1000#0: TX int timer expd : 0
02:18:22.338339 E1000#0: RX abs timer expd : 0
02:18:22.338352 E1000#0: RX int timer expd : 0
02:18:22.338366 E1000#0: TX CTX descriptors: 144304
02:18:22.338379 E1000#0: TX DAT descriptors: 144579
02:18:22.338392 E1000#0: TX LEG descriptors: 255
02:18:22.338405 E1000#0: Received frames   : 576499
02:18:22.338419 E1000#0: Transmitted frames: 144559
02:18:22.338432 E1000#0: TX frames up to 1514: 144550
02:18:22.338445 E1000#0: TX frames up to 2962: 9
02:18:22.338458 E1000#0: TX frames up to 4410: 0
02:18:22.338471 E1000#0: TX frames up to 5858: 0
02:18:22.338484 E1000#0: TX frames up to 7306: 0
02:18:22.338497 E1000#0: TX frames up to 8754: 0
02:18:22.338510 E1000#0: TX frames up to 16384: 0
02:18:22.338523 E1000#0: TX frames up to 32768: 0
02:18:22.338537 E1000#0: Larger TX frames    : 0
02:18:22.338550 E1000#0: Max TX Delay        : 0
02:18:22.422962 SSM: Footer at 0x20e5f2ea (551940842), 35 directory entries.
02:18:22.423411 SSM: Successfully saved the VM state to '<remote-machine>'
02:18:22.423439 Changing the VM state from 'SAVING' to 'SUSPENDED'
02:18:22.441102 DrvVD: Flushes will be ignored
02:18:22.441136 DrvVD: Async flushes will be passed to the disk
02:18:22.443203 AIOMgr: Endpoint for file 'C:\Users\Dell\VirtualBox VMs\ubuntu\ubuntu.vdi' (flags 000c0781) created successfully
02:18:22.444892 AIOMgr: Endpoint for file 'C:\Users\Dell\VirtualBox VMs\ubuntu\Snapshots\{40e1ad86-e8a7-43b8-b399-8b031531b828}.vdi' (flags 000c0781) created successfully
02:18:22.446381 AIOMgr: Endpoint for file 'C:\Users\Dell\VirtualBox VMs\ubuntu\Snapshots\{c923ea2e-55e0-47ed-9473-84bfdae454a4}.vdi' (flags 000c0781) created successfully
02:18:22.448078 AIOMgr: Endpoint for file 'C:\Users\Dell\VirtualBox VMs\ubuntu\Snapshots\{622455a8-e35d-4150-b5df-62a24bb0365c}.vdi' (flags 000c0781) created successfully
02:18:22.449782 AIOMgr: Endpoint for file 'C:\Users\Dell\VirtualBox VMs\ubuntu\Snapshots\{772b8626-1d37-401c-84e5-e566b785a513}.vdi' (flags 000c0781) created successfully
02:18:22.451418 AIOMgr: Endpoint for file 'C:\Users\Dell\VirtualBox VMs\ubuntu\Snapshots\{02fbf0fc-c635-4d0f-92ee-c38c14b15459}.vdi' (flags 000c0781) created successfully
02:18:22.452751 AIOMgr: Endpoint for file 'C:\Users\Dell\VirtualBox VMs\ubuntu\Snapshots\{de09a35f-fd42-48a0-843b-b8804d1e65ca}.vdi' (flags 000c0781) created successfully
02:18:22.454512 AIOMgr: Endpoint for file 'C:\Users\Dell\VirtualBox VMs\ubuntu\Snapshots\{5f9063eb-9526-43ba-b969-6a018ed0de9f}.vdi' (flags 000c0781) created successfully
02:18:22.456816 AIOMgr: Endpoint for file 'C:\Users\Dell\VirtualBox VMs\ubuntu\Snapshots\{47a4fb66-94e2-4046-9c78-e23fca9e44b1}.vdi' (flags 000c0781) created successfully
02:18:22.459169 AIOMgr: Endpoint for file 'C:\Users\Dell\VirtualBox VMs\ubuntu\Snapshots\{1e57c4fd-78a9-49d7-8985-36006154dfb7}.vdi' (flags 000c0781) created successfully
02:18:22.461034 AIOMgr: Endpoint for file 'C:\Users\Dell\VirtualBox VMs\ubuntu\Snapshots\{076bac04-3587-4e85-b779-7da3c386c13a}.vdi' (flags 000c0781) created successfully
02:18:22.462488 AIOMgr: Endpoint for file 'C:\Users\Dell\VirtualBox VMs\ubuntu\Snapshots\{6d7feaed-ec02-4041-8761-2a9b54d183f8}.vdi' (flags 000c0781) created successfully
02:18:22.463831 AIOMgr: Endpoint for file 'C:\Users\Dell\VirtualBox VMs\ubuntu\Snapshots\{b604638c-caa4-4a10-a469-b6f6f0997150}.vdi' (flags 000c0781) created successfully
02:18:22.465564 AIOMgr: Endpoint for file 'C:\Users\Dell\VirtualBox VMs\ubuntu\Snapshots\{a9fcf0bc-6c71-4025-bacc-c077c8b00343}.vdi' (flags 000c0781) created successfully
02:18:22.467772 AIOMgr: Endpoint for file 'C:\Users\Dell\VirtualBox VMs\ubuntu\Snapshots\{7220b9c7-9422-4484-a750-8b7513147bb1}.vdi' (flags 000c0781) created successfully
02:18:22.469949 AIOMgr: Endpoint for file 'C:\Users\Dell\VirtualBox VMs\ubuntu\Snapshots\{52dbfe31-6ded-40f9-83f2-c36398215fde}.vdi' (flags 000c0781) created successfully
02:18:22.471658 AIOMgr: Endpoint for file 'C:\Users\Dell\VirtualBox VMs\ubuntu\Snapshots\{be148e35-ea40-4688-bda2-db5279daa39c}.vdi' (flags 000c0781) created successfully
02:18:22.472875 AIOMgr: Endpoint for file 'C:\Users\Dell\VirtualBox VMs\ubuntu\Snapshots\{57b87661-9167-4282-8d96-a922fbac9100}.vdi' (flags 000c0781) created successfully
02:18:22.475333 AIOMgr: Endpoint for file 'C:\Users\Dell\VirtualBox VMs\ubuntu\Snapshots\{eaf63b48-c7b1-40f8-87c6-840a5e9e1784}.vdi' (flags 000c0723) created successfully
02:18:22.476977 VD: Opening the disk took 34167272 ns
02:18:22.477163 AHCI: LUN#0: disk, PCHS=16383/16/63, total number of sectors 52428800
02:18:22.477617 ************************* CFGM dump *************************
02:18:22.477619 [/Devices/ahci/0/LUN#0/] (level 0)
02:18:22.477622   Driver <string>  = "VD" (cb=3)
02:18:22.477623 
02:18:22.477623 [/Devices/ahci/0/LUN#0/Config/] (level 1) (restricted root)
02:18:22.477625   BlockCache <integer> = 0x0000000000000001 (1)
02:18:22.477626   Format     <string>  = "VDI" (cb=4)
02:18:22.477627   Mountable  <integer> = 0x0000000000000000 (0)
02:18:22.477629   Path       <string>  = "C:\Users\Dell\VirtualBox VMs\ubuntu\Snapshots\{eaf63b48-c7b1-40f8-87c6-840a5e9e1784}.vdi" (cb=89)
02:18:22.477630   Type       <string>  = "HardDisk" (cb=9)
02:18:22.477631   UseNewIo   <integer> = 0x0000000000000001 (1)
02:18:22.477631 
02:18:22.477632 [/Devices/ahci/0/LUN#0/Config/Parent/] (level 2)
02:18:22.477633   Format <string>  = "VDI" (cb=4)
02:18:22.477634   Path   <string>  = "C:\Users\Dell\VirtualBox VMs\ubuntu\Snapshots\{57b87661-9167-4282-8d96-a922fbac9100}.vdi" (cb=89)
02:18:22.477635 
02:18:22.477635 [/Devices/ahci/0/LUN#0/Config/Parent/Parent/] (level 3)
02:18:22.477637   Format <string>  = "VDI" (cb=4)
02:18:22.477638   Path   <string>  = "C:\Users\Dell\VirtualBox VMs\ubuntu\Snapshots\{be148e35-ea40-4688-bda2-db5279daa39c}.vdi" (cb=89)
02:18:22.477639 
02:18:22.477639 [/Devices/ahci/0/LUN#0/Config/Parent/Parent/Parent/] (level 4)
02:18:22.477641   Format <string>  = "VDI" (cb=4)
02:18:22.477642   Path   <string>  = "C:\Users\Dell\VirtualBox VMs\ubuntu\Snapshots\{52dbfe31-6ded-40f9-83f2-c36398215fde}.vdi" (cb=89)
02:18:22.477643 
02:18:22.477643 [/Devices/ahci/0/LUN#0/Config/Parent/Parent/Parent/Parent/] (level 5)
02:18:22.477645   Format <string>  = "VDI" (cb=4)
02:18:22.477646   Path   <string>  = "C:\Users\Dell\VirtualBox VMs\ubuntu\Snapshots\{7220b9c7-9422-4484-a750-8b7513147bb1}.vdi" (cb=89)
02:18:22.477647 
02:18:22.477647 [/Devices/ahci/0/LUN#0/Config/Parent/Parent/Parent/Parent/Parent/] (level 6)
02:18:22.477649   Format <string>  = "VDI" (cb=4)
02:18:22.477650   Path   <string>  = "C:\Users\Dell\VirtualBox VMs\ubuntu\Snapshots\{a9fcf0bc-6c71-4025-bacc-c077c8b00343}.vdi" (cb=89)
02:18:22.477651 
02:18:22.477651 [/Devices/ahci/0/LUN#0/Config/Parent/Parent/Parent/Parent/Parent/Parent/] (level 7)
02:18:22.477653   Format <string>  = "VDI" (cb=4)
02:18:22.477654   Path   <string>  = "C:\Users\Dell\VirtualBox VMs\ubuntu\Snapshots\{b604638c-caa4-4a10-a469-b6f6f0997150}.vdi" (cb=89)
02:18:22.477655 
02:18:22.477655 [/Devices/ahci/0/LUN#0/Config/Parent/Parent/Parent/Parent/Parent/Parent/Parent/] (level 8)
02:18:22.477657   Format <string>  = "VDI" (cb=4)
02:18:22.477658   Path   <string>  = "C:\Users\Dell\VirtualBox VMs\ubuntu\Snapshots\{6d7feaed-ec02-4041-8761-2a9b54d183f8}.vdi" (cb=89)
02:18:22.477659 
02:18:22.477659 [/Devices/ahci/0/LUN#0/Config/Parent/Parent/Parent/Parent/Parent/Parent/Parent/Parent/] (level 9)
02:18:22.477662   Format <string>  = "VDI" (cb=4)
02:18:22.477662   Path   <string>  = "C:\Users\Dell\VirtualBox VMs\ubuntu\Snapshots\{076bac04-3587-4e85-b779-7da3c386c13a}.vdi" (cb=89)
02:18:22.477663 
02:18:22.477664 [/Devices/ahci/0/LUN#0/Config/Parent/Parent/Parent/Parent/Parent/Parent/Parent/Parent/Parent/] (level 10)
02:18:22.477666   Format <string>  = "VDI" (cb=4)
02:18:22.477667   Path   <string>  = "C:\Users\Dell\VirtualBox VMs\ubuntu\Snapshots\{1e57c4fd-78a9-49d7-8985-36006154dfb7}.vdi" (cb=89)
02:18:22.477668 
02:18:22.477668 [/Devices/ahci/0/LUN#0/Config/Parent/Parent/Parent/Parent/Parent/Parent/Parent/Parent/Parent/Parent/] (level 11)
02:18:22.477671   Format <string>  = "VDI" (cb=4)
02:18:22.477671   Path   <string>  = "C:\Users\Dell\VirtualBox VMs\ubuntu\Snapshots\{47a4fb66-94e2-4046-9c78-e23fca9e44b1}.vdi" (cb=89)
02:18:22.477672 
02:18:22.477672 [/Devices/ahci/0/LUN#0/Config/Parent/Parent/Parent/Parent/Parent/Parent/Parent/Parent/Parent/Parent/Parent/] (level 12)
02:18:22.477675   Format <string>  = "VDI" (cb=4)
02:18:22.477676   Path   <string>  = "C:\Users\Dell\VirtualBox VMs\ubuntu\Snapshots\{5f9063eb-9526-43ba-b969-6a018ed0de9f}.vdi" (cb=89)
02:18:22.477677 
02:18:22.477677 [/Devices/ahci/0/LUN#0/Config/Parent/Parent/Parent/Parent/Parent/Parent/Parent/Parent/Parent/Parent/Parent/Parent/] (level 13)
02:18:22.477680   Format <string>  = "VDI" (cb=4)
02:18:22.477680   Path   <string>  = "C:\Users\Dell\VirtualBox VMs\ubuntu\Snapshots\{de09a35f-fd42-48a0-843b-b8804d1e65ca}.vdi" (cb=89)
02:18:22.477681 
02:18:22.477681 [/Devices/ahci/0/LUN#0/Config/Parent/Parent/Parent/Parent/Parent/Parent/Parent/Parent/Parent/Parent/Parent/Parent/Parent/] (level 14)
02:18:22.477685   Format <string>  = "VDI" (cb=4)
02:18:22.477685   Path   <string>  = "C:\Users\Dell\VirtualBox VMs\ubuntu\Snapshots\{02fbf0fc-c635-4d0f-92ee-c38c14b15459}.vdi" (cb=89)
02:18:22.477686 
02:18:22.477686 [/Devices/ahci/0/LUN#0/Config/Parent/Parent/Parent/Parent/Parent/Parent/Parent/Parent/Parent/Parent/Parent/Parent/Parent/Parent/] (level 15)
02:18:22.477689   Format <string>  = "VDI" (cb=4)
02:18:22.477690   Path   <string>  = "C:\Users\Dell\VirtualBox VMs\ubuntu\Snapshots\{772b8626-1d37-401c-84e5-e566b785a513}.vdi" (cb=89)
02:18:22.477691 
02:18:22.477691 [/Devices/ahci/0/LUN#0/Config/Parent/Parent/Parent/Parent/Parent/Parent/Parent/Parent/Parent/Parent/Parent/Parent/Parent/Parent/Parent/] (level 16)
02:18:22.477694   Format <string>  = "VDI" (cb=4)
02:18:22.477695   Path   <string>  = "C:\Users\Dell\VirtualBox VMs\ubuntu\Snapshots\{622455a8-e35d-4150-b5df-62a24bb0365c}.vdi" (cb=89)
02:18:22.477696 
02:18:22.477696 [/Devices/ahci/0/LUN#0/Config/Parent/Parent/Parent/Parent/Parent/Parent/Parent/Parent/Parent/Parent/Parent/Parent/Parent/Parent/Parent/Parent/] (level 17)
02:18:22.477700   Format <string>  = "VDI" (cb=4)
02:18:22.477700   Path   <string>  = "C:\Users\Dell\VirtualBox VMs\ubuntu\Snapshots\{c923ea2e-55e0-47ed-9473-84bfdae454a4}.vdi" (cb=89)
02:18:22.477701 
02:18:22.477701 [/Devices/ahci/0/LUN#0/Config/Parent/Parent/Parent/Parent/Parent/Parent/Parent/Parent/Parent/Parent/Parent/Parent/Parent/Parent/Parent/Parent/Parent/] (level 18)
02:18:22.477705   Format <string>  = "VDI" (cb=4)
02:18:22.477706   Path   <string>  = "C:\Users\Dell\VirtualBox VMs\ubuntu\Snapshots\{40e1ad86-e8a7-43b8-b399-8b031531b828}.vdi" (cb=89)
02:18:22.477707 
02:18:22.477707 [/Devices/ahci/0/LUN#0/Config/Parent/Parent/Parent/Parent/Parent/Parent/Parent/Parent/Parent/Parent/Parent/Parent/Parent/Parent/Parent/Parent/Parent/Parent/] (level 19)
02:18:22.477711   Format <string>  = "VDI" (cb=4)
02:18:22.477711   Path   <string>  = "C:\Users\Dell\VirtualBox VMs\ubuntu\ubuntu.vdi" (cb=47)
02:18:22.477712 
02:18:22.477712 [/Devices/ahci/0/LUN#0/Config/Parent/Parent/Parent/Parent/Parent/Parent/Parent/Parent/Parent/Parent/Parent/Parent/Parent/Parent/Parent/Parent/Parent/Parent/VDConfig/] (level 20)
02:18:22.477716   AllocationBlockSize <string>  = "1048576" (cb=8)
02:18:22.477717 
02:18:22.477717 [/Devices/ahci/0/LUN#0/Config/Parent/Parent/Parent/Parent/Parent/Parent/Parent/Parent/Parent/Parent/Parent/Parent/Parent/Parent/Parent/Parent/Parent/VDConfig/] (level 19)
02:18:22.477721   AllocationBlockSize <string>  = "1048576" (cb=8)
02:18:22.477722 
02:18:22.477722 [/Devices/ahci/0/LUN#0/Config/Parent/Parent/Parent/Parent/Parent/Parent/Parent/Parent/Parent/Parent/Parent/Parent/Parent/Parent/Parent/Parent/VDConfig/] (level 18)
02:18:22.477725   AllocationBlockSize <string>  = "1048576" (cb=8)
02:18:22.477726 
02:18:22.477726 [/Devices/ahci/0/LUN#0/Config/Parent/Parent/Parent/Parent/Parent/Parent/Parent/Parent/Parent/Parent/Parent/Parent/Parent/Parent/Parent/VDConfig/] (level 17)
02:18:22.477730   AllocationBlockSize <string>  = "1048576" (cb=8)
02:18:22.477730 
02:18:22.477731 [/Devices/ahci/0/LUN#0/Config/Parent/Parent/Parent/Parent/Parent/Parent/Parent/Parent/Parent/Parent/Parent/Parent/Parent/Parent/VDConfig/] (level 16)
02:18:22.477734   AllocationBlockSize <string>  = "1048576" (cb=8)
02:18:22.477735 
02:18:22.477735 [/Devices/ahci/0/LUN#0/Config/Parent/Parent/Parent/Parent/Parent/Parent/Parent/Parent/Parent/Parent/Parent/Parent/Parent/VDConfig/] (level 15)
02:18:22.477738   AllocationBlockSize <string>  = "1048576" (cb=8)
02:18:22.477739 
02:18:22.477739 [/Devices/ahci/0/LUN#0/Config/Parent/Parent/Parent/Parent/Parent/Parent/Parent/Parent/Parent/Parent/Parent/Parent/VDConfig/] (level 14)
02:18:22.477742   AllocationBlockSize <string>  = "1048576" (cb=8)
02:18:22.477743 
02:18:22.477743 [/Devices/ahci/0/LUN#0/Config/Parent/Parent/Parent/Parent/Parent/Parent/Parent/Parent/Parent/Parent/Parent/VDConfig/] (level 13)
02:18:22.477746   AllocationBlockSize <string>  = "1048576" (cb=8)
02:18:22.477747 
02:18:22.477747 [/Devices/ahci/0/LUN#0/Config/Parent/Parent/Parent/Parent/Parent/Parent/Parent/Parent/Parent/Parent/VDConfig/] (level 12)
02:18:22.477750   AllocationBlockSize <string>  = "1048576" (cb=8)
02:18:22.477750 
02:18:22.477751 [/Devices/ahci/0/LUN#0/Config/Parent/Parent/Parent/Parent/Parent/Parent/Parent/Parent/Parent/VDConfig/] (level 11)
02:18:22.477753   AllocationBlockSize <string>  = "1048576" (cb=8)
02:18:22.477754 
02:18:22.477754 [/Devices/ahci/0/LUN#0/Config/Parent/Parent/Parent/Parent/Parent/Parent/Parent/Parent/VDConfig/] (level 10)
02:18:22.477757   AllocationBlockSize <string>  = "1048576" (cb=8)
02:18:22.477758 
02:18:22.477758 [/Devices/ahci/0/LUN#0/Config/Parent/Parent/Parent/Parent/Parent/Parent/Parent/VDConfig/] (level 9)
02:18:22.477760   AllocationBlockSize <string>  = "1048576" (cb=8)
02:18:22.477761 
02:18:22.477761 [/Devices/ahci/0/LUN#0/Config/Parent/Parent/Parent/Parent/Parent/Parent/VDConfig/] (level 8)
02:18:22.477763   AllocationBlockSize <string>  = "1048576" (cb=8)
02:18:22.477764 
02:18:22.477764 [/Devices/ahci/0/LUN#0/Config/Parent/Parent/Parent/Parent/Parent/VDConfig/] (level 7)
02:18:22.477766   AllocationBlockSize <string>  = "1048576" (cb=8)
02:18:22.477767 
02:18:22.477767 [/Devices/ahci/0/LUN#0/Config/Parent/Parent/Parent/Parent/VDConfig/] (level 6)
02:18:22.477769   AllocationBlockSize <string>  = "1048576" (cb=8)
02:18:22.477770 
02:18:22.477770 [/Devices/ahci/0/LUN#0/Config/Parent/Parent/Parent/VDConfig/] (level 5)
02:18:22.477772   AllocationBlockSize <string>  = "1048576" (cb=8)
02:18:22.477772 
02:18:22.477773 [/Devices/ahci/0/LUN#0/Config/Parent/Parent/VDConfig/] (level 4)
02:18:22.477774   AllocationBlockSize <string>  = "1048576" (cb=8)
02:18:22.477775 
02:18:22.477775 [/Devices/ahci/0/LUN#0/Config/Parent/VDConfig/] (level 3)
02:18:22.477777   AllocationBlockSize <string>  = "1048576" (cb=8)
02:18:22.477778 
02:18:22.477778 [/Devices/ahci/0/LUN#0/Config/VDConfig/] (level 2)
02:18:22.477779 
02:18:22.477780 ********************* End of CFGM dump **********************
02:18:22.526229 Resuming VM execution, reason 'Snapshot'
02:18:22.526304 Changing the VM state from 'SUSPENDED' to 'RESUMING'
02:18:22.526652 VUSB: Attached 'HidMouse' to port 1 on RootHub#1 (FullSpeed)
02:18:22.526954 Changing the VM state from 'RESUMING' to 'RUNNING'
02:18:22.527622 Console: Machine state changed to 'Running'
02:18:22.563749 AIOMgr: Async flushes not supported
02:18:22.704184 GUI: UIMediumEnumerator: Medium-enumeration finished!
02:22:03.747403 Console: Machine state changed to 'OnlineSnapshotting'
02:22:03.843771 Saving state of VM, reason 'Snapshot'
02:22:03.844082 Changing the VM state from 'RUNNING' to 'SUSPENDING'
02:22:03.871162 AIOMgr: Endpoint for file 'C:\Users\Dell\VirtualBox VMs\ubuntu\Snapshots\{eaf63b48-c7b1-40f8-87c6-840a5e9e1784}.vdi' (flags 000c0781) created successfully
02:22:03.872655 PDMR3Suspend: 28 536 279 ns run time
02:22:03.872686 Changing the VM state from 'SUSPENDING' to 'SUSPENDED'
02:22:03.876729 Changing the VM state from 'SUSPENDED' to 'SAVING'
02:22:04.062104 GUI: UIMediumEnumerator: Medium-enumeration finished!
02:22:09.719339 E1000#0: Interrupt attempts: 933975
02:22:09.719378 E1000#0: Interrupts raised : 319696
02:22:09.719394 E1000#0: Interrupts lowered: 7086
02:22:09.719407 E1000#0: ICR outside ISR   : 0
02:22:09.719421 E1000#0: IMS raised ints   : 70042
02:22:09.719435 E1000#0: Interrupts skipped: 422667
02:22:09.719449 E1000#0: Masked interrupts : 191612
02:22:09.719463 E1000#0: Early interrupts  : 0
02:22:09.719476 E1000#0: Late interrupts   : 64190
02:22:09.719491 E1000#0: Lost interrupts   : 0
02:22:09.719504 E1000#0: Interrupts by RX  : 576554
02:22:09.719520 E1000#0: Interrupts by TX  : 144616
02:22:09.719534 E1000#0: Interrupts by ICS : 3997
02:22:09.719547 E1000#0: Interrupts by RDTR: 0
02:22:09.719561 E1000#0: Interrupts by RDMT: 0
02:22:09.719574 E1000#0: Interrupts by TXQE: 0
02:22:09.719587 E1000#0: TX int delay asked: 0
02:22:09.719601 E1000#0: TX delayed:         0
02:22:09.719936 E1000#0: TX delay expired:   0
02:22:09.719954 E1000#0: TX no report asked: 144637
02:22:09.719969 E1000#0: TX abs timer expd : 0
02:22:09.719983 E1000#0: TX int timer expd : 0
02:22:09.720004 E1000#0: RX abs timer expd : 0
02:22:09.720020 E1000#0: RX int timer expd : 0
02:22:09.720036 E1000#0: TX CTX descriptors: 144352
02:22:09.720053 E1000#0: TX DAT descriptors: 144637
02:22:09.720071 E1000#0: TX LEG descriptors: 264
02:22:09.720089 E1000#0: Received frames   : 576554
02:22:09.720106 E1000#0: Transmitted frames: 144616
02:22:09.720121 E1000#0: TX frames up to 1514: 144607
02:22:09.720137 E1000#0: TX frames up to 2962: 9
02:22:09.720155 E1000#0: TX frames up to 4410: 0
02:22:09.720172 E1000#0: TX frames up to 5858: 0
02:22:09.720188 E1000#0: TX frames up to 7306: 0
02:22:09.720208 E1000#0: TX frames up to 8754: 0
02:22:09.720225 E1000#0: TX frames up to 16384: 0
02:22:09.720240 E1000#0: TX frames up to 32768: 0
02:22:09.720258 E1000#0: Larger TX frames    : 0
02:22:09.720283 E1000#0: Max TX Delay        : 0
02:22:09.794237 SSM: Footer at 0x20fbb5b9 (553366969), 35 directory entries.
02:22:09.794813 SSM: Successfully saved the VM state to '<remote-machine>'
02:22:09.794838 Changing the VM state from 'SAVING' to 'SUSPENDED'
02:22:09.812944 DrvVD: Flushes will be ignored
02:22:09.813018 DrvVD: Async flushes will be passed to the disk
02:22:09.815147 AIOMgr: Endpoint for file 'C:\Users\Dell\VirtualBox VMs\ubuntu\ubuntu.vdi' (flags 000c0781) created successfully
02:22:09.816816 AIOMgr: Endpoint for file 'C:\Users\Dell\VirtualBox VMs\ubuntu\Snapshots\{40e1ad86-e8a7-43b8-b399-8b031531b828}.vdi' (flags 000c0781) created successfully
02:22:09.818297 AIOMgr: Endpoint for file 'C:\Users\Dell\VirtualBox VMs\ubuntu\Snapshots\{c923ea2e-55e0-47ed-9473-84bfdae454a4}.vdi' (flags 000c0781) created successfully
02:22:09.819775 AIOMgr: Endpoint for file 'C:\Users\Dell\VirtualBox VMs\ubuntu\Snapshots\{622455a8-e35d-4150-b5df-62a24bb0365c}.vdi' (flags 000c0781) created successfully
02:22:09.821502 AIOMgr: Endpoint for file 'C:\Users\Dell\VirtualBox VMs\ubuntu\Snapshots\{772b8626-1d37-401c-84e5-e566b785a513}.vdi' (flags 000c0781) created successfully
02:22:09.822959 AIOMgr: Endpoint for file 'C:\Users\Dell\VirtualBox VMs\ubuntu\Snapshots\{02fbf0fc-c635-4d0f-92ee-c38c14b15459}.vdi' (flags 000c0781) created successfully
02:22:09.824383 AIOMgr: Endpoint for file 'C:\Users\Dell\VirtualBox VMs\ubuntu\Snapshots\{de09a35f-fd42-48a0-843b-b8804d1e65ca}.vdi' (flags 000c0781) created successfully
02:22:09.825945 AIOMgr: Endpoint for file 'C:\Users\Dell\VirtualBox VMs\ubuntu\Snapshots\{5f9063eb-9526-43ba-b969-6a018ed0de9f}.vdi' (flags 000c0781) created successfully
02:22:09.828254 AIOMgr: Endpoint for file 'C:\Users\Dell\VirtualBox VMs\ubuntu\Snapshots\{47a4fb66-94e2-4046-9c78-e23fca9e44b1}.vdi' (flags 000c0781) created successfully
02:22:09.830860 AIOMgr: Endpoint for file 'C:\Users\Dell\VirtualBox VMs\ubuntu\Snapshots\{1e57c4fd-78a9-49d7-8985-36006154dfb7}.vdi' (flags 000c0781) created successfully
02:22:09.832488 AIOMgr: Endpoint for file 'C:\Users\Dell\VirtualBox VMs\ubuntu\Snapshots\{076bac04-3587-4e85-b779-7da3c386c13a}.vdi' (flags 000c0781) created successfully
02:22:09.833884 AIOMgr: Endpoint for file 'C:\Users\Dell\VirtualBox VMs\ubuntu\Snapshots\{6d7feaed-ec02-4041-8761-2a9b54d183f8}.vdi' (flags 000c0781) created successfully
02:22:09.835607 AIOMgr: Endpoint for file 'C:\Users\Dell\VirtualBox VMs\ubuntu\Snapshots\{b604638c-caa4-4a10-a469-b6f6f0997150}.vdi' (flags 000c0781) created successfully
02:22:09.837754 AIOMgr: Endpoint for file 'C:\Users\Dell\VirtualBox VMs\ubuntu\Snapshots\{a9fcf0bc-6c71-4025-bacc-c077c8b00343}.vdi' (flags 000c0781) created successfully
02:22:09.840184 AIOMgr: Endpoint for file 'C:\Users\Dell\VirtualBox VMs\ubuntu\Snapshots\{7220b9c7-9422-4484-a750-8b7513147bb1}.vdi' (flags 000c0781) created successfully
02:22:09.841899 AIOMgr: Endpoint for file 'C:\Users\Dell\VirtualBox VMs\ubuntu\Snapshots\{52dbfe31-6ded-40f9-83f2-c36398215fde}.vdi' (flags 000c0781) created successfully
02:22:09.843313 AIOMgr: Endpoint for file 'C:\Users\Dell\VirtualBox VMs\ubuntu\Snapshots\{be148e35-ea40-4688-bda2-db5279daa39c}.vdi' (flags 000c0781) created successfully
02:22:09.844852 AIOMgr: Endpoint for file 'C:\Users\Dell\VirtualBox VMs\ubuntu\Snapshots\{57b87661-9167-4282-8d96-a922fbac9100}.vdi' (flags 000c0781) created successfully
02:22:09.847004 AIOMgr: Endpoint for file 'C:\Users\Dell\VirtualBox VMs\ubuntu\Snapshots\{eaf63b48-c7b1-40f8-87c6-840a5e9e1784}.vdi' (flags 000c0781) created successfully
02:22:09.849896 AIOMgr: Endpoint for file 'C:\Users\Dell\VirtualBox VMs\ubuntu\Snapshots\{8acc61a9-6a5e-4c63-a303-6789a27891df}.vdi' (flags 000c0723) created successfully
02:22:09.851298 VD: Opening the disk took 36547487 ns
02:22:09.851549 AHCI: LUN#0: disk, PCHS=16383/16/63, total number of sectors 52428800
02:22:09.851924 ************************* CFGM dump *************************
02:22:09.851927 [/Devices/ahci/0/LUN#0/] (level 0)
02:22:09.851931   Driver <string>  = "VD" (cb=3)
02:22:09.851933 
02:22:09.851965 [/Devices/ahci/0/LUN#0/Config/] (level 1) (restricted root)
02:22:09.851968   BlockCache <integer> = 0x0000000000000001 (1)
02:22:09.851971   Format     <string>  = "VDI" (cb=4)
02:22:09.851972   Mountable  <integer> = 0x0000000000000000 (0)
02:22:09.851973   Path       <string>  = "C:\Users\Dell\VirtualBox VMs\ubuntu\Snapshots\{8acc61a9-6a5e-4c63-a303-6789a27891df}.vdi" (cb=89)
02:22:09.851975   Type       <string>  = "HardDisk" (cb=9)
02:22:09.851976   UseNewIo   <integer> = 0x0000000000000001 (1)
02:22:09.851978 
02:22:09.851978 [/Devices/ahci/0/LUN#0/Config/Parent/] (level 2)
02:22:09.851980   Format <string>  = "VDI" (cb=4)
02:22:09.851981   Path   <string>  = "C:\Users\Dell\VirtualBox VMs\ubuntu\Snapshots\{eaf63b48-c7b1-40f8-87c6-840a5e9e1784}.vdi" (cb=89)
02:22:09.851983 
02:22:09.851983 [/Devices/ahci/0/LUN#0/Config/Parent/Parent/] (level 3)
02:22:09.851986   Format <string>  = "VDI" (cb=4)
02:22:09.851987   Path   <string>  = "C:\Users\Dell\VirtualBox VMs\ubuntu\Snapshots\{57b87661-9167-4282-8d96-a922fbac9100}.vdi" (cb=89)
02:22:09.851988 
02:22:09.851988 [/Devices/ahci/0/LUN#0/Config/Parent/Parent/Parent/] (level 4)
02:22:09.851991   Format <string>  = "VDI" (cb=4)
02:22:09.851992   Path   <string>  = "C:\Users\Dell\VirtualBox VMs\ubuntu\Snapshots\{be148e35-ea40-4688-bda2-db5279daa39c}.vdi" (cb=89)
02:22:09.851993 
02:22:09.851993 [/Devices/ahci/0/LUN#0/Config/Parent/Parent/Parent/Parent/] (level 5)
02:22:09.851996   Format <string>  = "VDI" (cb=4)
02:22:09.851997   Path   <string>  = "C:\Users\Dell\VirtualBox VMs\ubuntu\Snapshots\{52dbfe31-6ded-40f9-83f2-c36398215fde}.vdi" (cb=89)
02:22:09.851998 
02:22:09.851999 [/Devices/ahci/0/LUN#0/Config/Parent/Parent/Parent/Parent/Parent/] (level 6)
02:22:09.852002   Format <string>  = "VDI" (cb=4)
02:22:09.852002   Path   <string>  = "C:\Users\Dell\VirtualBox VMs\ubuntu\Snapshots\{7220b9c7-9422-4484-a750-8b7513147bb1}.vdi" (cb=89)
02:22:09.852004 
02:22:09.852004 [/Devices/ahci/0/LUN#0/Config/Parent/Parent/Parent/Parent/Parent/Parent/] (level 7)
02:22:09.852007   Format <string>  = "VDI" (cb=4)
02:22:09.852008   Path   <string>  = "C:\Users\Dell\VirtualBox VMs\ubuntu\Snapshots\{a9fcf0bc-6c71-4025-bacc-c077c8b00343}.vdi" (cb=89)
02:22:09.852009 
02:22:09.852009 [/Devices/ahci/0/LUN#0/Config/Parent/Parent/Parent/Parent/Parent/Parent/Parent/] (level 8)
02:22:09.852013   Format <string>  = "VDI" (cb=4)
02:22:09.852014   Path   <string>  = "C:\Users\Dell\VirtualBox VMs\ubuntu\Snapshots\{b604638c-caa4-4a10-a469-b6f6f0997150}.vdi" (cb=89)
02:22:09.852015 
02:22:09.852016 [/Devices/ahci/0/LUN#0/Config/Parent/Parent/Parent/Parent/Parent/Parent/Parent/Parent/] (level 9)
02:22:09.852019   Format <string>  = "VDI" (cb=4)
02:22:09.852020   Path   <string>  = "C:\Users\Dell\VirtualBox VMs\ubuntu\Snapshots\{6d7feaed-ec02-4041-8761-2a9b54d183f8}.vdi" (cb=89)
02:22:09.852021 
02:22:09.852022 [/Devices/ahci/0/LUN#0/Config/Parent/Parent/Parent/Parent/Parent/Parent/Parent/Parent/Parent/] (level 10)
02:22:09.852026   Format <string>  = "VDI" (cb=4)
02:22:09.852026   Path   <string>  = "C:\Users\Dell\VirtualBox VMs\ubuntu\Snapshots\{076bac04-3587-4e85-b779-7da3c386c13a}.vdi" (cb=89)
02:22:09.852028 
02:22:09.852028 [/Devices/ahci/0/LUN#0/Config/Parent/Parent/Parent/Parent/Parent/Parent/Parent/Parent/Parent/Parent/] (level 11)
02:22:09.852032   Format <string>  = "VDI" (cb=4)
02:22:09.852033   Path   <string>  = "C:\Users\Dell\VirtualBox VMs\ubuntu\Snapshots\{1e57c4fd-78a9-49d7-8985-36006154dfb7}.vdi" (cb=89)
02:22:09.852034 
02:22:09.852034 [/Devices/ahci/0/LUN#0/Config/Parent/Parent/Parent/Parent/Parent/Parent/Parent/Parent/Parent/Parent/Parent/] (level 12)
02:22:09.852039   Format <string>  = "VDI" (cb=4)
02:22:09.852039   Path   <string>  = "C:\Users\Dell\VirtualBox VMs\ubuntu\Snapshots\{47a4fb66-94e2-4046-9c78-e23fca9e44b1}.vdi" (cb=89)
02:22:09.852041 
02:22:09.852041 [/Devices/ahci/0/LUN#0/Config/Parent/Parent/Parent/Parent/Parent/Parent/Parent/Parent/Parent/Parent/Parent/Parent/] (level 13)
02:22:09.852045   Format <string>  = "VDI" (cb=4)
02:22:09.852046   Path   <string>  = "C:\Users\Dell\VirtualBox VMs\ubuntu\Snapshots\{5f9063eb-9526-43ba-b969-6a018ed0de9f}.vdi" (cb=89)
02:22:09.852048 
02:22:09.852048 [/Devices/ahci/0/LUN#0/Config/Parent/Parent/Parent/Parent/Parent/Parent/Parent/Parent/Parent/Parent/Parent/Parent/Parent/] (level 14)
02:22:09.852053   Format <string>  = "VDI" (cb=4)
02:22:09.852054   Path   <string>  = "C:\Users\Dell\VirtualBox VMs\ubuntu\Snapshots\{de09a35f-fd42-48a0-843b-b8804d1e65ca}.vdi" (cb=89)
02:22:09.852055 
02:22:09.852055 [/Devices/ahci/0/LUN#0/Config/Parent/Parent/Parent/Parent/Parent/Parent/Parent/Parent/Parent/Parent/Parent/Parent/Parent/Parent/] (level 15)
02:22:09.852060   Format <string>  = "VDI" (cb=4)
02:22:09.852061   Path   <string>  = "C:\Users\Dell\VirtualBox VMs\ubuntu\Snapshots\{02fbf0fc-c635-4d0f-92ee-c38c14b15459}.vdi" (cb=89)
02:22:09.852062 
02:22:09.852062 [/Devices/ahci/0/LUN#0/Config/Parent/Parent/Parent/Parent/Parent/Parent/Parent/Parent/Parent/Parent/Parent/Parent/Parent/Parent/Parent/] (level 16)
02:22:09.852068   Format <string>  = "VDI" (cb=4)
02:22:09.852068   Path   <string>  = "C:\Users\Dell\VirtualBox VMs\ubuntu\Snapshots\{772b8626-1d37-401c-84e5-e566b785a513}.vdi" (cb=89)
02:22:09.852070 
02:22:09.852070 [/Devices/ahci/0/LUN#0/Config/Parent/Parent/Parent/Parent/Parent/Parent/Parent/Parent/Parent/Parent/Parent/Parent/Parent/Parent/Parent/Parent/] (level 17)
02:22:09.852075   Format <string>  = "VDI" (cb=4)
02:22:09.852076   Path   <string>  = "C:\Users\Dell\VirtualBox VMs\ubuntu\Snapshots\{622455a8-e35d-4150-b5df-62a24bb0365c}.vdi" (cb=89)
02:22:09.852077 
02:22:09.852077 [/Devices/ahci/0/LUN#0/Config/Parent/Parent/Parent/Parent/Parent/Parent/Parent/Parent/Parent/Parent/Parent/Parent/Parent/Parent/Parent/Parent/Parent/] (level 18)
02:22:09.852083   Format <string>  = "VDI" (cb=4)
02:22:09.852083   Path   <string>  = "C:\Users\Dell\VirtualBox VMs\ubuntu\Snapshots\{c923ea2e-55e0-47ed-9473-84bfdae454a4}.vdi" (cb=89)
02:22:09.852085 
02:22:09.852085 [/Devices/ahci/0/LUN#0/Config/Parent/Parent/Parent/Parent/Parent/Parent/Parent/Parent/Parent/Parent/Parent/Parent/Parent/Parent/Parent/Parent/Parent/Parent/] (level 19)
02:22:09.852091   Format <string>  = "VDI" (cb=4)
02:22:09.852091   Path   <string>  = "C:\Users\Dell\VirtualBox VMs\ubuntu\Snapshots\{40e1ad86-e8a7-43b8-b399-8b031531b828}.vdi" (cb=89)
02:22:09.852093 
02:22:09.852093 [/Devices/ahci/0/LUN#0/Config/Parent/Parent/Parent/Parent/Parent/Parent/Parent/Parent/Parent/Parent/Parent/Parent/Parent/Parent/Parent/Parent/Parent/Parent/Parent/] (level 20)
02:22:09.852099   Format <string>  = "VDI" (cb=4)
02:22:09.852099   Path   <string>  = "C:\Users\Dell\VirtualBox VMs\ubuntu\ubuntu.vdi" (cb=47)
02:22:09.852101 
02:22:09.852101 [/Devices/ahci/0/LUN#0/Config/Parent/Parent/Parent/Parent/Parent/Parent/Parent/Parent/Parent/Parent/Parent/Parent/Parent/Parent/Parent/Parent/Parent/Parent/Parent/VDConfig/] (level 21)
02:22:09.852107   AllocationBlockSize <string>  = "1048576" (cb=8)
02:22:09.852108 
02:22:09.852108 [/Devices/ahci/0/LUN#0/Config/Parent/Parent/Parent/Parent/Parent/Parent/Parent/Parent/Parent/Parent/Parent/Parent/Parent/Parent/Parent/Parent/Parent/Parent/VDConfig/] (level 20)
02:22:09.852114   AllocationBlockSize <string>  = "1048576" (cb=8)
02:22:09.852115 
02:22:09.852115 [/Devices/ahci/0/LUN#0/Config/Parent/Parent/Parent/Parent/Parent/Parent/Parent/Parent/Parent/Parent/Parent/Parent/Parent/Parent/Parent/Parent/Parent/VDConfig/] (level 19)
02:22:09.852120   AllocationBlockSize <string>  = "1048576" (cb=8)
02:22:09.852121 
02:22:09.852121 [/Devices/ahci/0/LUN#0/Config/Parent/Parent/Parent/Parent/Parent/Parent/Parent/Parent/Parent/Parent/Parent/Parent/Parent/Parent/Parent/Parent/VDConfig/] (level 18)
02:22:09.852126   AllocationBlockSize <string>  = "1048576" (cb=8)
02:22:09.852127 
02:22:09.852127 [/Devices/ahci/0/LUN#0/Config/Parent/Parent/Parent/Parent/Parent/Parent/Parent/Parent/Parent/Parent/Parent/Parent/Parent/Parent/Parent/VDConfig/] (level 17)
02:22:09.852132   AllocationBlockSize <string>  = "1048576" (cb=8)
02:22:09.852133 
02:22:09.852134 [/Devices/ahci/0/LUN#0/Config/Parent/Parent/Parent/Parent/Parent/Parent/Parent/Parent/Parent/Parent/Parent/Parent/Parent/Parent/VDConfig/] (level 16)
02:22:09.852139   AllocationBlockSize <string>  = "1048576" (cb=8)
02:22:09.852140 
02:22:09.852140 [/Devices/ahci/0/LUN#0/Config/Parent/Parent/Parent/Parent/Parent/Parent/Parent/Parent/Parent/Parent/Parent/Parent/Parent/VDConfig/] (level 15)
02:22:09.852145   AllocationBlockSize <string>  = "1048576" (cb=8)
02:22:09.852146 
02:22:09.852146 [/Devices/ahci/0/LUN#0/Config/Parent/Parent/Parent/Parent/Parent/Parent/Parent/Parent/Parent/Parent/Parent/Parent/VDConfig/] (level 14)
02:22:09.852150   AllocationBlockSize <string>  = "1048576" (cb=8)
02:22:09.852151 
02:22:09.852152 [/Devices/ahci/0/LUN#0/Config/Parent/Parent/Parent/Parent/Parent/Parent/Parent/Parent/Parent/Parent/Parent/VDConfig/] (level 13)
02:22:09.852156   AllocationBlockSize <string>  = "1048576" (cb=8)
02:22:09.852157 
02:22:09.852157 [/Devices/ahci/0/LUN#0/Config/Parent/Parent/Parent/Parent/Parent/Parent/Parent/Parent/Parent/Parent/VDConfig/] (level 12)
02:22:09.852161   AllocationBlockSize <string>  = "1048576" (cb=8)
02:22:09.852162 
02:22:09.852162 [/Devices/ahci/0/LUN#0/Config/Parent/Parent/Parent/Parent/Parent/Parent/Parent/Parent/Parent/VDConfig/] (level 11)
02:22:09.852166   AllocationBlockSize <string>  = "1048576" (cb=8)
02:22:09.852167 
02:22:09.852168 [/Devices/ahci/0/LUN#0/Config/Parent/Parent/Parent/Parent/Parent/Parent/Parent/Parent/VDConfig/] (level 10)
02:22:09.852171   AllocationBlockSize <string>  = "1048576" (cb=8)
02:22:09.852172 
02:22:09.852173 [/Devices/ahci/0/LUN#0/Config/Parent/Parent/Parent/Parent/Parent/Parent/Parent/VDConfig/] (level 9)
02:22:09.852176   AllocationBlockSize <string>  = "1048576" (cb=8)
02:22:09.852177 
02:22:09.852177 [/Devices/ahci/0/LUN#0/Config/Parent/Parent/Parent/Parent/Parent/Parent/VDConfig/] (level 8)
02:22:09.852180   AllocationBlockSize <string>  = "1048576" (cb=8)
02:22:09.852181 
02:22:09.852182 [/Devices/ahci/0/LUN#0/Config/Parent/Parent/Parent/Parent/Parent/VDConfig/] (level 7)
02:22:09.852185   AllocationBlockSize <string>  = "1048576" (cb=8)
02:22:09.852186 
02:22:09.852186 [/Devices/ahci/0/LUN#0/Config/Parent/Parent/Parent/Parent/VDConfig/] (level 6)
02:22:09.852189   AllocationBlockSize <string>  = "1048576" (cb=8)
02:22:09.852190 
02:22:09.852190 [/Devices/ahci/0/LUN#0/Config/Parent/Parent/Parent/VDConfig/] (level 5)
02:22:09.852193   AllocationBlockSize <string>  = "1048576" (cb=8)
02:22:09.852194 
02:22:09.852194 [/Devices/ahci/0/LUN#0/Config/Parent/Parent/VDConfig/] (level 4)
02:22:09.852197   AllocationBlockSize <string>  = "1048576" (cb=8)
02:22:09.852198 
02:22:09.852198 [/Devices/ahci/0/LUN#0/Config/Parent/VDConfig/] (level 3)
02:22:09.852200   AllocationBlockSize <string>  = "1048576" (cb=8)
02:22:09.852201 
02:22:09.852202 [/Devices/ahci/0/LUN#0/Config/VDConfig/] (level 2)
02:22:09.852204 
02:22:09.852204 ********************* End of CFGM dump **********************
02:22:09.887843 Resuming VM execution, reason 'Snapshot'
02:22:09.887940 Changing the VM state from 'SUSPENDED' to 'RESUMING'
02:22:09.888392 VUSB: Attached 'HidMouse' to port 1 on RootHub#1 (FullSpeed)
02:22:09.888691 Changing the VM state from 'RESUMING' to 'RUNNING'
02:22:09.889851 Console: Machine state changed to 'Running'
02:22:10.124686 GUI: UIMediumEnumerator: Medium-enumeration finished!
02:22:16.120165 AIOMgr: Async flushes not supported
02:48:15.652112 Changing the VM state from 'RUNNING' to 'SUSPENDING'
02:48:15.685527 AIOMgr: Endpoint for file 'C:\Users\Dell\VirtualBox VMs\ubuntu\Snapshots\{8acc61a9-6a5e-4c63-a303-6789a27891df}.vdi' (flags 000c0781) created successfully
02:48:15.687389 PDMR3Suspend: 35 152 592 ns run time
02:48:15.687419 Changing the VM state from 'SUSPENDING' to 'SUSPENDED'
02:48:15.687465 Console: Machine state changed to 'Paused'
02:48:19.636039 GUI: Request for close-action to save VM state.
02:48:19.636081 GUI: Saving VM state..
02:48:19.643821 Console: Machine state changed to 'Saving'
02:48:19.648111 Changing the VM state from 'SUSPENDED' to 'SAVING'
02:48:19.799574 GUI: UIMediumEnumerator: Medium-enumeration finished!
02:48:26.964571 E1000#0: Interrupt attempts: 934804
02:48:26.964599 E1000#0: Interrupts raised : 320496
02:48:26.964613 E1000#0: Interrupts lowered: 7086
02:48:26.964626 E1000#0: ICR outside ISR   : 0
02:48:26.964638 E1000#0: IMS raised ints   : 70042
02:48:26.964651 E1000#0: Interrupts skipped: 422696
02:48:26.964663 E1000#0: Masked interrupts : 191612
02:48:26.964676 E1000#0: Early interrupts  : 0
02:48:26.964689 E1000#0: Late interrupts   : 64190
02:48:26.964702 E1000#0: Lost interrupts   : 0
02:48:26.964714 E1000#0: Interrupts by RX  : 576572
02:48:26.964726 E1000#0: Interrupts by TX  : 144639
02:48:26.964737 E1000#0: Interrupts by ICS : 4762
02:48:26.964749 E1000#0: Interrupts by RDTR: 0
02:48:26.964761 E1000#0: Interrupts by RDMT: 0
02:48:26.964773 E1000#0: Interrupts by TXQE: 0
02:48:26.964785 E1000#0: TX int delay asked: 0
02:48:26.964796 E1000#0: TX delayed:         0
02:48:26.964808 E1000#0: TX delay expired:   0
02:48:26.964820 E1000#0: TX no report asked: 144644
02:48:26.964832 E1000#0: TX abs timer expd : 0
02:48:26.964844 E1000#0: TX int timer expd : 0
02:48:26.964856 E1000#0: RX abs timer expd : 0
02:48:26.964867 E1000#0: RX int timer expd : 0
02:48:26.964879 E1000#0: TX CTX descriptors: 144359
02:48:26.964891 E1000#0: TX DAT descriptors: 144644
02:48:26.964903 E1000#0: TX LEG descriptors: 280
02:48:26.964915 E1000#0: Received frames   : 576572
02:48:26.964927 E1000#0: Transmitted frames: 144639
02:48:26.964939 E1000#0: TX frames up to 1514: 144630
02:48:26.964950 E1000#0: TX frames up to 2962: 9
02:48:26.964962 E1000#0: TX frames up to 4410: 0
02:48:26.964974 E1000#0: TX frames up to 5858: 0
02:48:26.964986 E1000#0: TX frames up to 7306: 0
02:48:26.964998 E1000#0: TX frames up to 8754: 0
02:48:26.965009 E1000#0: TX frames up to 16384: 0
02:48:26.965021 E1000#0: TX frames up to 32768: 0
02:48:26.965033 E1000#0: Larger TX frames    : 0
02:48:26.965046 E1000#0: Max TX Delay        : 0
02:48:27.041657 SSM: Footer at 0x20f6d65e (553047646), 35 directory entries.
02:48:27.042162 SSM: Successfully saved the VM state to '<remote-machine>'
02:48:27.042182 Changing the VM state from 'SAVING' to 'SUSPENDED'
02:48:27.042704 Console::powerDown(): A request to power off the VM has been issued (mMachineState=Saving, InUninit=0)
02:48:27.043899 Changing the VM state from 'SUSPENDED' to 'POWERING_OFF'
02:48:27.043940 ****************** Guest state at power off for VCpu 0 ******************
02:48:27.043950 Guest CPUM (VCPU 0) state: 
02:48:27.044920 rax=0000000000000000 rbx=0000000000000000 rcx=0000000000000000 rdx=0000000000000000
02:48:27.044942 rsi=0000000000000000 rdi=0000000000000000 r8 =0000000000000000 r9 =0000000000000000
02:48:27.044944 r10=0000000000000000 r11=0000000000000000 r12=ffffffffb360fcc0 r13=0000000000000000
02:48:27.044946 r14=0000000033ba0000 r15=000000000008a000
02:48:27.044947 rip=ffffffffb2248b7b rsp=ffffffffb3603e18 rbp=ffffffffb3603e20 iopl=0  iopl=0 nv up ei pl zr na po nc
02:48:27.044950 cs={0010 base=0000000000000000 limit=ffffffff flags=0000a09b}
02:48:27.044952 ds={0000 base=0000000000000000 limit=000fffff flags=00000000}
02:48:27.044953 es={0000 base=0000000000000000 limit=000fffff flags=00000000}
02:48:27.044954 fs={0000 base=0000000000000000 limit=000fffff flags=00000000}
02:48:27.044956 gs={0000 base=ffff8bc7fdc00000 limit=000fffff flags=00000000}
02:48:27.044958 ss={0018 base=0000000000000000 limit=ffffffff flags=0000c093}
02:48:27.044960 cr0=0000000080050033 cr2=00007ffee6558c98 cr3=0000000003534005 cr4=00000000000706f0
02:48:27.044963 dr0=0000000000000000 dr1=0000000000000000 dr2=0000000000000000 dr3=0000000000000000
02:48:27.044964 dr4=0000000000000000 dr5=0000000000000000 dr6=00000000ffff0ff0 dr7=0000000000000400
02:48:27.044966 gdtr=fffffe6e4505d000:007f  idtr=fffffe0000000000:0fff  eflags=00000246
02:48:27.044968 ldtr={0000 base=00000000 limit=000fffff flags=00000000}
02:48:27.044969 tr  ={0040 base=fffffe6e4505f000 limit=00004087 flags=0000008b}
02:48:27.044971 SysEnter={cs=0010 eip=ffffffffb24019a0 esp=fffffe6e4505f000}
02:48:27.044975 xcr=0000000000000007 xcr1=0000000000000000 xss=0000000000000000 (fXStateMask=0000000000000007)
02:48:27.044980 FCW=037f FSW=0020 FTW=0000 FOP=0000 MXCSR=00001fa0 MXCSR_MASK=0000ffff
02:48:27.044982 FPUIP=2483c17f CS=76e0 Rsrvd1=0000  FPUDP=00000000 DS=0000 Rsvrd2=0000
02:48:27.044984 ST(0)=FPR0={0000'00000000'00000000} t0 +0.0000000000000000000000 * 2 ^ -16383 (*)
02:48:27.044987 ST(1)=FPR1={0000'00000000'00000000} t0 +0.0000000000000000000000 * 2 ^ -16383 (*)
02:48:27.044989 ST(2)=FPR2={0000'00000000'00000000} t0 +0.0000000000000000000000 * 2 ^ -16383 (*)
02:48:27.044990 ST(3)=FPR3={0000'00000000'00000000} t0 +0.0000000000000000000000 * 2 ^ -16383 (*)
02:48:27.044992 ST(4)=FPR4={0000'00000000'00000000} t0 +0.0000000000000000000000 * 2 ^ -16383 (*)
02:48:27.044993 ST(5)=FPR5={0000'00000000'00000000} t0 +0.0000000000000000000000 * 2 ^ -16383 (*)
02:48:27.044995 ST(6)=FPR6={403a'de0b6b3a'76400012} t0 +1.0006776627963145224210 * 2 ^ 59 (*)
02:48:27.044997 ST(7)=FPR7={403a'de0b6b3a'76400000} t0 +1.0006776627963145224192 * 2 ^ 59 (*)
02:48:27.044999 YMM0 =00000000'00000000'00000000'00000000'00000000'0bebc200'00000000'00000000
02:48:27.045001 YMM1 =00000000'00000000'00000000'00000000'00000000'00000000'000076e0'24916ab0
02:48:27.045002 YMM2 =00000000'00000000'00000000'00000000'00000000'00000000'7fefffff'ffffffff
02:48:27.045004 YMM3 =00000000'00000000'00000000'00000000'0000ff00'000000ff'000000ff'00000000
02:48:27.045005 YMM4 =00000000'00000000'00000000'00000000'000076e0'2619ce80'000076e0'25041240
02:48:27.045007 YMM5 =00000000'00000000'00000000'00000000'000076e0'2619ce80'000076e0'24726440
02:48:27.045008 YMM6 =00000000'00000000'00000000'00000000'00000000'00000000'000076e0'250bffb0
02:48:27.045010 YMM7 =00000000'00000000'00000000'00000000'00000000'00000000'00000000'00000000
02:48:27.045011 YMM8 =00000000'00000000'00000000'00000000'000076e0'24316730'000076e0'25a4a170
02:48:27.045013 YMM9 =00000000'00000000'00000000'00000000'00000000'00000004'00000000'00000004
02:48:27.045014 YMM10=00000000'00000000'00000000'00000000'00000000'00000002'00000000'00000002
02:48:27.045015 YMM11=00000000'00000000'00000000'00000000'00000000'00000010'00000000'00000010
02:48:27.045017 YMM12=00000000'00000000'00000000'00000000'00000000'00ff00fb'00000000'00fe00fa
02:48:27.045018 YMM13=00000000'00000000'00000000'00000000'00000000'00000000'00ff00fd'00fb00f9
02:48:27.045020 YMM14=00000000'00000000'00000000'00000000'00000000'00000000'00000000'00000000
02:48:27.045021 YMM15=00000000'00000000'00000000'00000000'00000000'00000000'00000000'00000000
02:48:27.045031 EFER         =0000000000000d01
02:48:27.045032 PAT          =0407050600070106
02:48:27.045032 STAR         =0023001000000000
02:48:27.045033 CSTAR        =0000000000000000
02:48:27.045033 LSTAR        =ffffffffb2400080
02:48:27.045034 SFMASK       =0000000000257fd5
02:48:27.045035 KERNELGSBASE =0000000000000000
02:48:27.045036 MTRR_CAP          =0000000000000510
02:48:27.045036 MTRR_DEF_TYPE     =0000000000000c00
02:48:27.045037 MTRR_FIX64K_00000 =0606060606060606
02:48:27.045037 MTRR_FIX16K_80000 =0606060606060606
02:48:27.045038 MTRR_FIX16K_A0000 =0000000000000000
02:48:27.045038 MTRR_FIX4K_C0000  =0505050505050505
02:48:27.045039 MTRR_FIX4K_C8000  =0505050505050505
02:48:27.045040 MTRR_FIX4K_D0000  =0505050505050505
02:48:27.045040 MTRR_FIX4K_D8000  =0505050505050505
02:48:27.045041 MTRR_FIX4K_E0000  =0505050505050505
02:48:27.045041 MTRR_FIX4K_E8000  =0505050505050505
02:48:27.045042 MTRR_FIX4K_F0000  =0505050505050505
02:48:27.045043 MTRR_FIX4K_F8000  =0505050505050505
02:48:27.045043 MTRR_PHYSBASE[ 0] =0000000000000006 First=0000000000000000      0 MB [WB]
02:48:27.045270 MTRR_PHYSMASK[ 0] =0000007f80000800 Last =000000007fffffff   2047 MB [2048 MB]
02:48:27.045275 MTRR_PHYSBASE[ 1] =0000000000000000
02:48:27.045275 MTRR_PHYSMASK[ 1] =0000000000000000
02:48:27.045276 MTRR_PHYSBASE[ 2] =0000000000000000
02:48:27.045277 MTRR_PHYSMASK[ 2] =0000000000000000
02:48:27.045277 MTRR_PHYSBASE[ 3] =0000000000000000
02:48:27.045278 MTRR_PHYSMASK[ 3] =0000000000000000
02:48:27.045278 MTRR_PHYSBASE[ 4] =0000000000000000
02:48:27.045279 MTRR_PHYSMASK[ 4] =0000000000000000
02:48:27.045279 MTRR_PHYSBASE[ 5] =0000000000000000
02:48:27.045280 MTRR_PHYSMASK[ 5] =0000000000000000
02:48:27.045280 MTRR_PHYSBASE[ 6] =0000000000000000
02:48:27.045281 MTRR_PHYSMASK[ 6] =0000000000000000
02:48:27.045281 MTRR_PHYSBASE[ 7] =0000000000000000
02:48:27.045282 MTRR_PHYSMASK[ 7] =0000000000000000
02:48:27.045282 MTRR_PHYSBASE[ 8] =0000000000000000
02:48:27.045283 MTRR_PHYSMASK[ 8] =0000000000000000
02:48:27.045283 MTRR_PHYSBASE[ 9] =0000000000000000
02:48:27.045284 MTRR_PHYSMASK[ 9] =0000000000000000
02:48:27.045284 MTRR_PHYSBASE[10] =0000000000000000
02:48:27.045285 MTRR_PHYSMASK[10] =0000000000000000
02:48:27.045285 MTRR_PHYSBASE[11] =0000000000000000
02:48:27.045286 MTRR_PHYSMASK[11] =0000000000000000
02:48:27.045286 MTRR_PHYSBASE[12] =0000000000000000
02:48:27.045287 MTRR_PHYSMASK[12] =0000000000000000
02:48:27.045287 MTRR_PHYSBASE[13] =0000000000000000
02:48:27.045288 MTRR_PHYSMASK[13] =0000000000000000
02:48:27.045288 MTRR_PHYSBASE[14] =0000000000000000
02:48:27.045289 MTRR_PHYSMASK[14] =0000000000000000
02:48:27.045289 MTRR_PHYSBASE[15] =0000000000000000
02:48:27.045290 MTRR_PHYSMASK[15] =0000000000000000
02:48:27.045298 ***
02:48:27.045315 VCPU[0] hardware virtualization state:
02:48:27.045316 fSavedInhibit                = 0x0
02:48:27.045317 In nested-guest hwvirt mode  = false
02:48:27.045546 Hwvirt state disabled.
02:48:27.045567 ***
02:48:27.046051 Guest paging mode (VCPU #0):  AMD64+NX (changed 157 times), A20 enabled (changed 2 times)
02:48:27.046541 Guest SLAT mode (VCPU #0): Direct
02:48:27.046788 Shadow paging mode (VCPU #0): None
02:48:27.046796 Host paging mode:             AMD64+NX
02:48:27.046803 ***
02:48:27.047049 Active Timers (pVM=000001e535d90000)
02:48:27.047051 pTimerR3         offNext  offPrev  offSched Clock               Time             Expire HzHint State                     Description
02:48:27.047055 000001e535fe0180 00000007 ffffffff ffffffff Real           167577365          167565982      0 2-ACTIVE                  VGA Refresh
02:48:27.047066 000001e535fe0380 ffffffff 00000003 ffffffff Real           167577365          167566229      0 2-ACTIVE                  CPU Load Timer
02:48:27.047070 000001e5ba430280 ffffffff ffffffff ffffffff Virt       9957935314112      9961898717621      0 2-ACTIVE                  Heartbeat flatlined
02:48:27.047073 000001e5b85d0080 00000004 ffffffff ffffffff VrSy       9957899548564      9957899621116   1060 2-ACTIVE                  APIC Timer 0
02:48:27.047077 000001e5b85d0200 00000009 00000001 ffffffff VrSy       9957899548564      9957990000000      0 2-ACTIVE                  MC146818 RTC Second
02:48:27.047080 000001e5b85d0480 ffffffff 00000004 ffffffff VrSy       9957899548564     10313718293611      0 2-ACTIVE                  ACPI PM
02:48:27.047089 ***
02:48:27.047368 Guest GDT (GCAddr=fffffe6e4505d000 limit=7f):
02:48:27.047909 0008 - 0000ffff 00cf9b00 - base=00000000 limit=ffffffff dpl=0 CodeER Accessed Present Page 32-bit 
02:48:27.047915 0010 - 0000ffff 00af9b00 - base=00000000 limit=ffffffff dpl=0 CodeER Accessed Present Page 16-bit 
02:48:27.047917 0018 - 0000ffff 00cf9300 - base=00000000 limit=ffffffff dpl=0 DataRW Accessed Present Page 32-bit 
02:48:27.047919 0020 - 0000ffff 00cffb00 - base=00000000 limit=ffffffff dpl=3 CodeER Accessed Present Page 32-bit 
02:48:27.047924 0028 - 0000ffff 00cff300 - base=00000000 limit=ffffffff dpl=3 DataRW Accessed Present Page 32-bit 
02:48:27.047926 0030 - 0000ffff 00affb00 - base=00000000 limit=ffffffff dpl=3 CodeER Accessed Present Page 16-bit 
02:48:27.047929 0040 - f0004087 45008b05 - base=4505f000 limit=00004087 dpl=0 TSS32Busy Present 16-bit 
02:48:27.047932 0078 - 00000000 0040f500 - base=00000000 limit=00000000 dpl=3 DataDownRO Accessed Present 32-bit 
02:48:27.047941 ************** End of Guest state at power off ***************
02:48:27.048618 Display::i_handleDisplayResize: uScreenId=0 pvVRAM=0000000000000000 w=1280 h=800 bpp=0 cbLine=0x0 flags=0x2 origin=0,0
02:48:27.048957 ERROR [COM]: aRC=E_ACCESSDENIED (0x80070005) aIID={6ac83d89-6ee7-4e33-8ae6-b257b2e81be8} aComponent={ConsoleWrap} aText={The virtual machine is being powered down}, preserve=false aResultDetail=0
02:48:27.058756 PDMR3PowerOff: 10 787 340 ns run time
02:48:27.059079 Changing the VM state from 'POWERING_OFF' to 'OFF'
02:48:27.093180 Changing the VM state from 'OFF' to 'DESTROYING'
02:48:27.093268 ************************* Statistics *************************
02:48:27.096440 /CPUM/MSR-Totals/Reads                            70 times
02:48:27.096469 /CPUM/MSR-Totals/ReadsRaisingGP                    0 times
02:48:27.096484 /CPUM/MSR-Totals/ReadsUnknown                      2 times
02:48:27.096497 /CPUM/MSR-Totals/Writes                            7 times
02:48:27.096510 /CPUM/MSR-Totals/WritesRaisingGP                   0 times
02:48:27.096522 /CPUM/MSR-Totals/WritesToIgnoredBits               0 times
02:48:27.096535 /CPUM/MSR-Totals/WritesUnknown                     0 times
02:48:27.096548 /Devices/8237A/DmaRun                              0 ticks/call (           0 ticks,       0 calls, max         0, min      -1)
02:48:27.096563 /Devices/IDE0/ATA0/Unit0/AtapiDMA              36550 times
02:48:27.096576 /Devices/IDE0/ATA0/Unit0/AtapiPIO               8506 times
02:48:27.096589 /Devices/IDE0/ATA0/Unit0/DMA                       0 times
02:48:27.096601 /Devices/IDE0/ATA0/Unit0/PIO                       0 times
02:48:27.096614 /Devices/IDE0/ATA0/Unit0/ReadBytes         3935281152 bytes
02:48:27.096627 /Devices/IDE0/ATA0/Unit0/StatusYields          16252 ticks/call (   212391545 ticks,   13068 calls, max    340545, min    9963)
02:48:27.096642 /Devices/IDE0/ATA0/Unit0/WrittenBytes              0 bytes
02:48:27.096654 /Devices/IDE0/ATA0/Unit1/AtapiDMA                  0 times
02:48:27.096667 /Devices/IDE0/ATA0/Unit1/AtapiPIO                  0 times
02:48:27.096679 /Devices/IDE0/ATA0/Unit1/DMA                       0 times
02:48:27.096692 /Devices/IDE0/ATA0/Unit1/PIO                       0 times
02:48:27.096704 /Devices/IDE0/ATA0/Unit1/ReadBytes                 0 bytes
02:48:27.096717 /Devices/IDE0/ATA0/Unit1/StatusYields              0 ticks/call (           0 ticks,       0 calls, max         0, min      -1)
02:48:27.096731 /Devices/IDE0/ATA0/Unit1/WrittenBytes              0 bytes
02:48:27.096743 /Devices/IDE0/ATA1/Unit0/AtapiDMA                  0 times
02:48:27.096756 /Devices/IDE0/ATA1/Unit0/AtapiPIO                  0 times
02:48:27.096768 /Devices/IDE0/ATA1/Unit0/DMA                       0 times
02:48:27.096781 /Devices/IDE0/ATA1/Unit0/PIO                       0 times
02:48:27.096794 /Devices/IDE0/ATA1/Unit0/ReadBytes                 0 bytes
02:48:27.096806 /Devices/IDE0/ATA1/Unit0/StatusYields              0 ticks/call (           0 ticks,       0 calls, max         0, min      -1)
02:48:27.096820 /Devices/IDE0/ATA1/Unit0/WrittenBytes              0 bytes
02:48:27.096832 /Devices/IDE0/ATA1/Unit1/AtapiDMA                  0 times
02:48:27.096844 /Devices/IDE0/ATA1/Unit1/AtapiPIO                  0 times
02:48:27.096856 /Devices/IDE0/ATA1/Unit1/DMA                       0 times
02:48:27.096869 /Devices/IDE0/ATA1/Unit1/PIO                       0 times
02:48:27.096881 /Devices/IDE0/ATA1/Unit1/ReadBytes                 0 bytes
02:48:27.096894 /Devices/IDE0/ATA1/Unit1/StatusYields              0 ticks/call (           0 ticks,       0 calls, max         0, min      -1)
02:48:27.096907 /Devices/IDE0/ATA1/Unit1/WrittenBytes              0 bytes
02:48:27.096920 /Devices/VMMDev/BalloonChunks                      0 count
02:48:27.096932 /Devices/VMMDev/FastIrqAckR3                       0 count
02:48:27.096945 /Devices/VMMDev/FastIrqAckRZ                       0 count
02:48:27.096961 /Devices/VMMDev/HGCM-Kernel/BudgetAvailable 352803840 bytes
02:48:27.096976 /Devices/VMMDev/HGCM-Kernel/BudgetConfig   352803840 bytes
02:48:27.096988 /Devices/VMMDev/HGCM-Kernel/BudgetOverruns         0 bytes
02:48:27.097009 /Devices/VMMDev/HGCM-Kernel/MessageHeapUsage         0 bytes/call (           0 bytes,       0 calls, max         0, min      -1)
02:48:27.097023 /Devices/VMMDev/HGCM-Root/BudgetAvailable  352803840 bytes
02:48:27.097035 /Devices/VMMDev/HGCM-Root/BudgetConfig     352803840 bytes
02:48:27.097048 /Devices/VMMDev/HGCM-Root/BudgetOverruns           0 bytes
02:48:27.097060 /Devices/VMMDev/HGCM-Root/MessageHeapUsage         0 bytes/call (           0 bytes,       0 calls, max         0, min      -1)
02:48:27.097073 /Devices/VMMDev/HGCM-User/BudgetAvailable  352803840 bytes
02:48:27.097085 /Devices/VMMDev/HGCM-User/BudgetConfig     352803840 bytes
02:48:27.097097 /Devices/VMMDev/HGCM-User/BudgetOverruns           0 bytes
02:48:27.097109 /Devices/VMMDev/HGCM-User/MessageHeapUsage         0 bytes/call (           0 bytes,       0 calls, max         0, min      -1)
02:48:27.097122 /Devices/VMMDev/LargeReqBufAllocs                  0 count
02:48:27.097134 /Devices/VMMDev/SlowIrqAck                         0 count
02:48:27.097147 /Devices/apic/0                             10575831 times
02:48:27.097161 /Devices/apic/0/Vectors/21                     46844 times
02:48:27.097174 /Devices/apic/0/Vectors/23                       520 times
02:48:27.097187 /Devices/apic/0/Vectors/24                       319 times
02:48:27.097198 /Devices/apic/0/Vectors/25                    313410 times
02:48:27.097211 /Devices/apic/0/Vectors/26                     11176 times
02:48:27.097223 /Devices/apic/0/Vectors/28                    137552 times
02:48:27.097236 /Devices/apic/0/Vectors/30                       624 times
02:48:27.097256 /Devices/apic/0/Vectors/ec                  10065410 times
02:48:27.097270 /Devices/e1000#0/ReceiveBytes              856676651 bytes
02:48:27.097282 /Devices/e1000#0/TransmitBytes               8789926 bytes
02:48:27.097294 /Devices/e1000#0/iStatIntLost                      0 ns
02:48:27.097306 /Devices/e1000#0/iStatIntLostOne                   0 ns
02:48:27.097319 /Devices/e1000#0/u64ArmedAt                        0 ns
02:48:27.097331 /Devices/e1000#0/uStatDescCtx                 144359 ns
02:48:27.097343 /Devices/e1000#0/uStatDescDat                 144644 ns
02:48:27.097355 /Devices/e1000#0/uStatDescLeg                    280 ns
02:48:27.097368 /Devices/e1000#0/uStatInt                     320496 ns
02:48:27.097380 /Devices/e1000#0/uStatIntEarly                     0 ns
02:48:27.097392 /Devices/e1000#0/uStatIntICS                    4762 ns
02:48:27.097404 /Devices/e1000#0/uStatIntIMS                   70042 ns
02:48:27.097416 /Devices/e1000#0/uStatIntLate                  64190 ns
02:48:27.097428 /Devices/e1000#0/uStatIntLower                  7086 ns
02:48:27.097440 /Devices/e1000#0/uStatIntMasked               191612 ns
02:48:27.097452 /Devices/e1000#0/uStatIntRDTR                      0 ns
02:48:27.097464 /Devices/e1000#0/uStatIntRXDMT0                    0 ns
02:48:27.097476 /Devices/e1000#0/uStatIntRx                   576572 ns
02:48:27.097488 /Devices/e1000#0/uStatIntSkip                 422696 ns
02:48:27.097499 /Devices/e1000#0/uStatIntTXQE                      0 ns
02:48:27.097511 /Devices/e1000#0/uStatIntTry                  934804 ns
02:48:27.097523 /Devices/e1000#0/uStatIntTx                   144639 ns
02:48:27.097535 /Devices/e1000#0/uStatMaxTxDelay                   0 ns
02:48:27.097547 /Devices/e1000#0/uStatNoIntICR                     0 ns
02:48:27.097559 /Devices/e1000#0/uStatRAD                          0 ns
02:48:27.097572 /Devices/e1000#0/uStatRID                          0 ns
02:48:27.097583 /Devices/e1000#0/uStatRxFrm                   576572 ns
02:48:27.097596 /Devices/e1000#0/uStatTAD                          0 ns
02:48:27.097607 /Devices/e1000#0/uStatTID                          0 ns
02:48:27.097621 /Devices/e1000#0/uStatTx1514                  144630 ns
02:48:27.097635 /Devices/e1000#0/uStatTx16384                      0 ns
02:48:27.097647 /Devices/e1000#0/uStatTx2962                       9 ns
02:48:27.097659 /Devices/e1000#0/uStatTx32768                      0 ns
02:48:27.097671 /Devices/e1000#0/uStatTx4410                       0 ns
02:48:27.097683 /Devices/e1000#0/uStatTx5858                       0 ns
02:48:27.097695 /Devices/e1000#0/uStatTx7306                       0 ns
02:48:27.097707 /Devices/e1000#0/uStatTx8754                       0 ns
02:48:27.097720 /Devices/e1000#0/uStatTxDelayExp                   0 ns
02:48:27.097731 /Devices/e1000#0/uStatTxDelayed                    0 ns
02:48:27.097743 /Devices/e1000#0/uStatTxFrm                   144639 ns
02:48:27.097755 /Devices/e1000#0/uStatTxIDE                        0 ns
02:48:27.097767 /Devices/e1000#0/uStatTxLarge                      0 ns
02:48:27.097779 /Devices/e1000#0/uStatTxNoRS                  144644 ns
02:48:27.097792 /Devices/ichac97/Stream0/ReSetUp-Change         2109 ns/call (       37972 ns,      18 calls, max      8709, min       1)
02:48:27.097806 /Devices/ichac97/Stream0/Reset                 14259 ns/call (       28518 ns,       2 calls, max     27655, min     863)
02:48:27.097820 /Devices/ichac97/Stream0/WriteBdBar                2 times
02:48:27.097832 /Devices/ichac97/Stream0/WriteCr                   4 times
02:48:27.097844 /Devices/ichac97/Stream0/reg-CR                    0 
02:48:27.097856 /Devices/ichac97/Stream0/reg-SR                    1 
02:48:27.097869 /Devices/ichac97/Stream1/ReSetUp-Change         1329 ns/call (       23938 ns,      18 calls, max      2635, min     513)
02:48:27.097883 /Devices/ichac97/Stream1/Reset                   323 ns/call (         647 ns,       2 calls, max       428, min     219)
02:48:27.097896 /Devices/ichac97/Stream1/WriteBdBar                2 times
02:48:27.097908 /Devices/ichac97/Stream1/WriteCr                   4 times
02:48:27.097920 /Devices/ichac97/Stream1/reg-CR                    0 
02:48:27.097932 /Devices/ichac97/Stream1/reg-SR                    1 
02:48:27.097945 /Devices/ichac97/Stream2/ReSetUp-Change         1778 ns/call (       32018 ns,      18 calls, max      3263, min     498)
02:48:27.097959 /Devices/ichac97/Stream2/Reset                   227 ns/call (         455 ns,       2 calls, max       234, min     221)
02:48:27.097973 /Devices/ichac97/Stream2/WriteBdBar                2 times
02:48:27.098001 /Devices/ichac97/Stream2/WriteCr                   4 times
02:48:27.098014 /Devices/ichac97/Stream2/reg-CR                    0 
02:48:27.098026 /Devices/ichac97/Stream2/reg-SR                    1 
02:48:27.098038 /Devices/ichac97/UnimplementedNabmReads            0 times
02:48:27.098049 /Devices/ichac97/UnimplementedNabmWrites           0 times
02:48:27.098061 /Devices/ichac97/UnimplementedNamReads             0 times
02:48:27.098072 /Devices/ichac97/UnimplementedNamWrites          114 times
02:48:27.098097 /Devices/mc146818/Irq                              0 times
02:48:27.098110 /Devices/mc146818/IrqClear                         0 times
02:48:27.098122 /Devices/mc146818/PiActive                         0 ticks/call (           0 ticks,       0 calls, max         0, min      -1)
02:48:27.098135 /Devices/mc146818/PieFlip                          0 times
02:48:27.098147 /Devices/mc146818/TimerCB                          0 times
02:48:27.098159 /Devices/vga/HgmsiMdaCgaAccesses                   0 times
02:48:27.098171 /Devices/vga/VMSVGA/Cmd/3dActivateSurface          0 times
02:48:27.098183 /Devices/vga/VMSVGA/Cmd/3dBeginQuery               0 times
02:48:27.098196 /Devices/vga/VMSVGA/Cmd/3dBlitSurfaceToScreenProf         0 ticks/call (           0 ticks,       0 calls, max         0, min      -1)
02:48:27.098209 /Devices/vga/VMSVGA/Cmd/3dClear                    0 times
02:48:27.098220 /Devices/vga/VMSVGA/Cmd/3dContextDefine            0 times
02:48:27.098232 /Devices/vga/VMSVGA/Cmd/3dContextDestroy           0 times
02:48:27.098246 /Devices/vga/VMSVGA/Cmd/3dDeactivateSurface         0 times
02:48:27.098259 /Devices/vga/VMSVGA/Cmd/3dDrawPrimitives           0 times
02:48:27.098271 /Devices/vga/VMSVGA/Cmd/3dEndQuery                 0 times
02:48:27.098283 /Devices/vga/VMSVGA/Cmd/3dGenerateMipmaps          0 times
02:48:27.098295 /Devices/vga/VMSVGA/Cmd/3dPresent                  0 times
02:48:27.098308 /Devices/vga/VMSVGA/Cmd/3dPresentReadBack          0 times
02:48:27.098320 /Devices/vga/VMSVGA/Cmd/3dSetClipPlane             0 times
02:48:27.098332 /Devices/vga/VMSVGA/Cmd/3dSetLightData             0 times
02:48:27.098344 /Devices/vga/VMSVGA/Cmd/3dSetLightEnable           0 times
02:48:27.098355 /Devices/vga/VMSVGA/Cmd/3dSetMaterial              0 times
02:48:27.098367 /Devices/vga/VMSVGA/Cmd/3dSetRenderState           0 times
02:48:27.098379 /Devices/vga/VMSVGA/Cmd/3dSetRenderTarget          0 times
02:48:27.098391 /Devices/vga/VMSVGA/Cmd/3dSetScissorRect           0 times
02:48:27.098403 /Devices/vga/VMSVGA/Cmd/3dSetShader                0 times
02:48:27.098415 /Devices/vga/VMSVGA/Cmd/3dSetShaderConst           0 times
02:48:27.098427 /Devices/vga/VMSVGA/Cmd/3dSetTextureState          0 times
02:48:27.098439 /Devices/vga/VMSVGA/Cmd/3dSetTransform             0 times
02:48:27.098451 /Devices/vga/VMSVGA/Cmd/3dSetViewPort              0 times
02:48:27.098464 /Devices/vga/VMSVGA/Cmd/3dSetZRange                0 times
02:48:27.098476 /Devices/vga/VMSVGA/Cmd/3dShaderDefine             0 times
02:48:27.098488 /Devices/vga/VMSVGA/Cmd/3dShaderDestroy            0 times
02:48:27.098500 /Devices/vga/VMSVGA/Cmd/3dSurfaceCopy              0 times
02:48:27.098512 /Devices/vga/VMSVGA/Cmd/3dSurfaceDefine            0 times
02:48:27.098524 /Devices/vga/VMSVGA/Cmd/3dSurfaceDefineV2          0 times
02:48:27.098535 /Devices/vga/VMSVGA/Cmd/3dSurfaceDestroy           0 times
02:48:27.098547 /Devices/vga/VMSVGA/Cmd/3dSurfaceDma               0 times
02:48:27.098559 /Devices/vga/VMSVGA/Cmd/3dSurfaceScreen            0 times
02:48:27.098571 /Devices/vga/VMSVGA/Cmd/3dSurfaceStretchBlt         0 times
02:48:27.098583 /Devices/vga/VMSVGA/Cmd/3dWaitForQuery             0 times
02:48:27.098595 /Devices/vga/VMSVGA/Cmd/AnnotationCopy             0 times
02:48:27.098608 /Devices/vga/VMSVGA/Cmd/AnnotationFill             0 times
02:48:27.098620 /Devices/vga/VMSVGA/Cmd/BlitGmrFbToScreen          0 times
02:48:27.098632 /Devices/vga/VMSVGA/Cmd/BlitScreentoGmrFb          0 times
02:48:27.098644 /Devices/vga/VMSVGA/Cmd/DefineAlphaCursor          0 times
02:48:27.098656 /Devices/vga/VMSVGA/Cmd/DefineCursor               0 times
02:48:27.098668 /Devices/vga/VMSVGA/Cmd/DefineGmr2                 0 times
02:48:27.098680 /Devices/vga/VMSVGA/Cmd/DefineGmr2/Free            0 times
02:48:27.098692 /Devices/vga/VMSVGA/Cmd/DefineGmr2/Modify          0 times
02:48:27.098704 /Devices/vga/VMSVGA/Cmd/DefineGmrFb                0 times
02:48:27.098716 /Devices/vga/VMSVGA/Cmd/DefineScreen               0 times
02:48:27.098729 /Devices/vga/VMSVGA/Cmd/DestroyScreen              0 times
02:48:27.098741 /Devices/vga/VMSVGA/Cmd/DisplayCursor              0 times
02:48:27.098753 /Devices/vga/VMSVGA/Cmd/Escape                     0 times
02:48:27.098765 /Devices/vga/VMSVGA/Cmd/Fence                  63433 times
02:48:27.098777 /Devices/vga/VMSVGA/Cmd/InvalidCmd                 0 times
02:48:27.098789 /Devices/vga/VMSVGA/Cmd/MoveCursor                 0 times
02:48:27.098802 /Devices/vga/VMSVGA/Cmd/RectCopy                   0 times
02:48:27.098813 /Devices/vga/VMSVGA/Cmd/RectFill                   0 times
02:48:27.098825 /Devices/vga/VMSVGA/Cmd/RectRopCopy                0 times
02:48:27.098837 /Devices/vga/VMSVGA/Cmd/RemapGmr2                  0 times
02:48:27.098849 /Devices/vga/VMSVGA/Cmd/RemapGmr2/Modify           0 times
02:48:27.098861 /Devices/vga/VMSVGA/Cmd/Update                     0 times
02:48:27.098873 /Devices/vga/VMSVGA/Cmd/UpdateVerbose              0 times
02:48:27.098885 /Devices/vga/VMSVGA/EmtDelayOnBusyFifo             0 ticks/call (           0 ticks,       0 calls, max         0, min      -1)
02:48:27.098899 /Devices/vga/VMSVGA/FifoCommands                   0 times
02:48:27.098912 /Devices/vga/VMSVGA/FifoCursorFetchAgain           0 times
02:48:27.098923 /Devices/vga/VMSVGA/FifoCursorNoChange             0 times
02:48:27.098935 /Devices/vga/VMSVGA/FifoCursorPosition             0 times
02:48:27.098947 /Devices/vga/VMSVGA/FifoCursorVisiblity            0 times
02:48:27.098958 /Devices/vga/VMSVGA/FifoErrors                     1 times
02:48:27.098970 /Devices/vga/VMSVGA/FifoExtendedSleep      5337067796 ticks/call (549717983072 ticks,     103 calls, max 42122610039, min   39524)
02:48:27.098984 /Devices/vga/VMSVGA/FifoStalls                     0 ticks/call (           0 ticks,       0 calls, max         0, min      -1)
02:48:27.098998 /Devices/vga/VMSVGA/FifoTodoTimeout              137 times
02:48:27.099010 /Devices/vga/VMSVGA/FifoTodoWoken              63145 times
02:48:27.099023 /Devices/vga/VMSVGA/FifoUnknownCommands            0 times
02:48:27.099034 /Devices/vga/VMSVGA/FifoWatchdogWakeUps       480522 times
02:48:27.099047 /Devices/vga/VMSVGA/Reg/BitsPerPixelRead           0 times
02:48:27.099059 /Devices/vga/VMSVGA/Reg/BitsPerPixelWrite          0 times
02:48:27.099071 /Devices/vga/VMSVGA/Reg/BlueMaskRead               0 times
02:48:27.099084 /Devices/vga/VMSVGA/Reg/BusyRead                   0 times
02:48:27.099096 /Devices/vga/VMSVGA/Reg/BusyWrite                  0 times
02:48:27.099108 /Devices/vga/VMSVGA/Reg/BytesPerLineRead           0 times
02:48:27.099120 /Devices/vga/VMSVGA/Reg/CapabilitesRead            2 times
02:48:27.099132 /Devices/vga/VMSVGA/Reg/CmdPrependHighRead         0 times
02:48:27.099144 /Devices/vga/VMSVGA/Reg/CmdPrependHighWrite         0 times
02:48:27.099157 /Devices/vga/VMSVGA/Reg/CmdPrependLowRead          0 times
02:48:27.099169 /Devices/vga/VMSVGA/Reg/CmdPrependLowWrite         0 times
02:48:27.099180 /Devices/vga/VMSVGA/Reg/CommandHighRead            0 times
02:48:27.099192 /Devices/vga/VMSVGA/Reg/CommandHighWrite       63435 times
02:48:27.099204 /Devices/vga/VMSVGA/Reg/CommandLowRead             0 times
02:48:27.099215 /Devices/vga/VMSVGA/Reg/CommandLowWrite        63435 times
02:48:27.099228 /Devices/vga/VMSVGA/Reg/ConfigDoneRead             2 times
02:48:27.099240 /Devices/vga/VMSVGA/Reg/ConfigDoneWrite            2 times
02:48:27.099251 /Devices/vga/VMSVGA/Reg/CursorIdRead               0 times
02:48:27.099263 /Devices/vga/VMSVGA/Reg/CursorIdWrite              0 times
02:48:27.099275 /Devices/vga/VMSVGA/Reg/CursorOnRead               0 times
02:48:27.099287 /Devices/vga/VMSVGA/Reg/CursorOnWrite              0 times
02:48:27.099299 /Devices/vga/VMSVGA/Reg/CursorXRead                0 times
02:48:27.099311 /Devices/vga/VMSVGA/Reg/CursorXWrite               0 times
02:48:27.099324 /Devices/vga/VMSVGA/Reg/CursorYRead                0 times
02:48:27.099336 /Devices/vga/VMSVGA/Reg/CursorYWrite               0 times
02:48:27.099348 /Devices/vga/VMSVGA/Reg/DepthRead                  0 times
02:48:27.099360 /Devices/vga/VMSVGA/Reg/DepthWrite                 0 times
02:48:27.099373 /Devices/vga/VMSVGA/Reg/DevCapRead               528 times
02:48:27.099385 /Devices/vga/VMSVGA/Reg/DevCapWrite              528 times
02:48:27.099397 /Devices/vga/VMSVGA/Reg/DisplayHeightRead          0 times
02:48:27.099409 /Devices/vga/VMSVGA/Reg/DisplayHeightWrite         0 times
02:48:27.099421 /Devices/vga/VMSVGA/Reg/DisplayIdRead              0 times
02:48:27.099433 /Devices/vga/VMSVGA/Reg/DisplayIdWrite             0 times
02:48:27.099446 /Devices/vga/VMSVGA/Reg/DisplayIsPrimaryRead         0 times
02:48:27.099458 /Devices/vga/VMSVGA/Reg/DisplayIsPrimaryWrite         0 times
02:48:27.099470 /Devices/vga/VMSVGA/Reg/DisplayPositionXRead         0 times
02:48:27.099502 /Devices/vga/VMSVGA/Reg/DisplayPositionXWrite         0 times
02:48:27.099516 /Devices/vga/VMSVGA/Reg/DisplayPositionYRead         0 times
02:48:27.099528 /Devices/vga/VMSVGA/Reg/DisplayPositionYWrite         0 times
02:48:27.099541 /Devices/vga/VMSVGA/Reg/DisplayWidthRead           0 times
02:48:27.099555 /Devices/vga/VMSVGA/Reg/DisplayWidthWrite          0 times
02:48:27.099567 /Devices/vga/VMSVGA/Reg/EnableRead                 2 times
02:48:27.099580 /Devices/vga/VMSVGA/Reg/EnableWrite                4 times
02:48:27.099592 /Devices/vga/VMSVGA/Reg/FbOffsetRead               0 times
02:48:27.099604 /Devices/vga/VMSVGA/Reg/FbSizeRead                 0 times
02:48:27.099616 /Devices/vga/VMSVGA/Reg/FbStartRead                0 times
02:48:27.099629 /Devices/vga/VMSVGA/Reg/GBMemSizeRead              2 times
02:48:27.099642 /Devices/vga/VMSVGA/Reg/GmrDescriptorWrite         0 times
02:48:27.099654 /Devices/vga/VMSVGA/Reg/GmrDescriptorWrite/Errors         0 times
02:48:27.099666 /Devices/vga/VMSVGA/Reg/GmrDescriptorWrite/Free         0 times
02:48:27.099679 /Devices/vga/VMSVGA/Reg/GmrIdRead                  0 times
02:48:27.099691 /Devices/vga/VMSVGA/Reg/GmrIdWrite                 0 times
02:48:27.099704 /Devices/vga/VMSVGA/Reg/GmrMaxDescriptorLengthRead         0 times
02:48:27.099716 /Devices/vga/VMSVGA/Reg/GmrMaxIdsRead              2 times
02:48:27.099728 /Devices/vga/VMSVGA/Reg/GmrsMaxPagesRead           2 times
02:48:27.099741 /Devices/vga/VMSVGA/Reg/GreenMaskRead              0 times
02:48:27.099753 /Devices/vga/VMSVGA/Reg/GuestIdRead                0 times
02:48:27.099766 /Devices/vga/VMSVGA/Reg/GuestIdWrite               0 times
02:48:27.099778 /Devices/vga/VMSVGA/Reg/HeightRead                 2 times
02:48:27.099791 /Devices/vga/VMSVGA/Reg/HeightWrite                0 times
02:48:27.099803 /Devices/vga/VMSVGA/Reg/HostBitsPerPixelRead         0 times
02:48:27.099815 /Devices/vga/VMSVGA/Reg/IdRead                     2 times
02:48:27.099828 /Devices/vga/VMSVGA/Reg/IdWrite                    2 times
02:48:27.099840 /Devices/vga/VMSVGA/Reg/IrqMaskRead                0 times
02:48:27.099853 /Devices/vga/VMSVGA/Reg/IrqMaskWrite               2 times
02:48:27.099865 /Devices/vga/VMSVGA/Reg/MaxHeightRead              2 times
02:48:27.099877 /Devices/vga/VMSVGA/Reg/MaxPrimBBMemRead           2 times
02:48:27.099889 /Devices/vga/VMSVGA/Reg/MaxWidthRead               2 times
02:48:27.099901 /Devices/vga/VMSVGA/Reg/MemRegsRead                2 times
02:48:27.099913 /Devices/vga/VMSVGA/Reg/MemSizeRead                2 times
02:48:27.099926 /Devices/vga/VMSVGA/Reg/MemStartRead               0 times
02:48:27.099938 /Devices/vga/VMSVGA/Reg/MemorySizeRead             2 times
02:48:27.099950 /Devices/vga/VMSVGA/Reg/MobMaxSizeRead             2 times
02:48:27.099962 /Devices/vga/VMSVGA/Reg/NumDisplaysRead           32 times
02:48:27.099975 /Devices/vga/VMSVGA/Reg/NumDisplaysWrite           0 times
02:48:27.099987 /Devices/vga/VMSVGA/Reg/NumGuestDisplaysRead         0 times
02:48:27.099999 /Devices/vga/VMSVGA/Reg/NumGuestDisplaysWrite         0 times
02:48:27.100011 /Devices/vga/VMSVGA/Reg/PaletteRead                0 times
02:48:27.100023 /Devices/vga/VMSVGA/Reg/PaletteWrite               0 times
02:48:27.100035 /Devices/vga/VMSVGA/Reg/PitchLockRead              0 times
02:48:27.100048 /Devices/vga/VMSVGA/Reg/PitchLockWrite             0 times
02:48:27.100060 /Devices/vga/VMSVGA/Reg/PseudoColorWrite           0 times
02:48:27.100072 /Devices/vga/VMSVGA/Reg/PsuedoColorRead            0 times
02:48:27.100084 /Devices/vga/VMSVGA/Reg/ReadOnlyWrite              0 times
02:48:27.100097 /Devices/vga/VMSVGA/Reg/RedMaskRead                0 times
02:48:27.100109 /Devices/vga/VMSVGA/Reg/ScratchRead                0 times
02:48:27.100121 /Devices/vga/VMSVGA/Reg/ScratchSizeRead            0 times
02:48:27.100134 /Devices/vga/VMSVGA/Reg/ScratchWrite               0 times
02:48:27.100146 /Devices/vga/VMSVGA/Reg/ScrnTgtMaxHeightRead         2 times
02:48:27.100158 /Devices/vga/VMSVGA/Reg/ScrnTgtMaxWidthRead         2 times
02:48:27.100170 /Devices/vga/VMSVGA/Reg/SyncRead                   0 times
02:48:27.100182 /Devices/vga/VMSVGA/Reg/SyncWrite                  0 times
02:48:27.100194 /Devices/vga/VMSVGA/Reg/TopRead                    0 times
02:48:27.100208 /Devices/vga/VMSVGA/Reg/TopWrite                   0 times
02:48:27.100222 /Devices/vga/VMSVGA/Reg/TracesRead                 2 times
02:48:27.100235 /Devices/vga/VMSVGA/Reg/TracesWrite                2 times
02:48:27.100247 /Devices/vga/VMSVGA/Reg/UnknownRead                0 times
02:48:27.100259 /Devices/vga/VMSVGA/Reg/UnknownWrite               0 times
02:48:27.100271 /Devices/vga/VMSVGA/Reg/VramSizeRead               2 times
02:48:27.100283 /Devices/vga/VMSVGA/Reg/WidthRead                  2 times
02:48:27.100295 /Devices/vga/VMSVGA/Reg/WidthWrite                 0 times
02:48:27.100307 /Devices/vga/VMSVGA/Reg/WriteOnlyRead              0 times
02:48:27.100400 /Drivers/AUDIO-0/TotalStreamsCreated               0 count
02:48:27.100829 /Drivers/AUDIO-1/TotalStreamsCreated               0 count
02:48:27.100882 /Drivers/AUDIO-2/TotalStreamsCreated               0 count
02:48:27.100895 /EM/CPU0/ExitHashing/Step00-Hits            14587349 times
02:48:27.100906 /EM/CPU0/ExitHashing/Step00-NewInserts           386 times
02:48:27.100916 /EM/CPU0/ExitHashing/Step01-Hits             8128143 times
02:48:27.100926 /EM/CPU0/ExitHashing/Step01-NewInserts           209 times
02:48:27.100936 /EM/CPU0/ExitHashing/Step02-Hits             8430048 times
02:48:27.100946 /EM/CPU0/ExitHashing/Step02-NewInserts           123 times
02:48:27.100956 /EM/CPU0/ExitHashing/Step03-Hits              661341 times
02:48:27.100966 /EM/CPU0/ExitHashing/Step03-NewInserts           111 times
02:48:27.100976 /EM/CPU0/ExitHashing/Step04-Hits              710155 times
02:48:27.100985 /EM/CPU0/ExitHashing/Step04-NewInserts            56 times
02:48:27.100995 /EM/CPU0/ExitHashing/Step05-Hits             2814128 times
02:48:27.101005 /EM/CPU0/ExitHashing/Step05-NewInserts            52 times
02:48:27.101015 /EM/CPU0/ExitHashing/Step06-Hits              814004 times
02:48:27.101025 /EM/CPU0/ExitHashing/Step06-NewInserts            28 times
02:48:27.101035 /EM/CPU0/ExitHashing/Step07-Hits             1262126 times
02:48:27.101045 /EM/CPU0/ExitHashing/Step07-NewInserts            34 times
02:48:27.101055 /EM/CPU0/ExitHashing/Step08-Hits              477842 times
02:48:27.101064 /EM/CPU0/ExitHashing/Step08-NewInserts            25 times
02:48:27.101076 /EM/CPU0/ExitHashing/Used                       1024 times
02:48:27.101086 /EM/CPU0/ExitOpt/Exec                         102901 ticks/call ( 62348428343 ticks,  605903 calls, max  98285939, min    6980)
02:48:27.101098 /EM/CPU0/ExitOpt/ExecInstructions           44615143 times
02:48:27.101108 /EM/CPU0/ExitOpt/ExecSavedExit               3007087 times
02:48:27.101118 /EM/CPU0/ExitOpt/Probe                        350084 ticks/call (   185194860 ticks,     529 calls, max  24150029, min   31261)
02:48:27.101130 /EM/CPU0/ExitOpt/ProbeInstructions            126809 times
02:48:27.101140 /EM/CPU0/ExitOpt/ProbedExecWithMax                99 times
02:48:27.101150 /EM/CPU0/ExitOpt/ProbedNormal                    430 times
02:48:27.101160 /EM/CPU0/ExitOpt/ProbedToRing3                     0 times
02:48:27.101170 /GMM/ChunkTlbHits                                  0 times
02:48:27.101180 /GMM/ChunkTlbMisses                                0 times
02:48:27.101202 /GMM/VM/Allocated/cBasePages                       0 pages
02:48:27.101212 /GMM/VM/Allocated/cFixedPages                      0 pages
02:48:27.101222 /GMM/VM/Allocated/cShadowPages                     0 pages
02:48:27.101232 /GMM/VM/Reserved/cBasePages                   524391 pages
02:48:27.101242 /GMM/VM/Reserved/cFixedPages                    5636 pages
02:48:27.101252 /GMM/VM/Reserved/cShadowPages                      1 pages
02:48:27.101262 /GMM/VM/cBalloonedPages                            0 pages
02:48:27.101272 /GMM/VM/cMaxBalloonedPages                         0 pages
02:48:27.101281 /GMM/VM/cPrivatePages                              0 pages
02:48:27.101291 /GMM/VM/cReqActuallyBalloonedPages                 0 pages
02:48:27.101301 /GMM/VM/cReqBalloonedPages                         0 pages
02:48:27.101352 /GMM/VM/cReqDeflatePages                           0 pages
02:48:27.101365 /GMM/VM/cShareableModules                          0 count
02:48:27.101376 /GMM/VM/cSharedPages                               0 pages
02:48:27.101385 /GMM/VM/enmPolicy                                  1 
02:48:27.101395 /GMM/VM/enmPriority                                2 
02:48:27.101405 /GMM/VM/fBallooningEnabled                 false    
02:48:27.101415 /GMM/VM/fMayAllocate                       true     
02:48:27.101424 /GMM/VM/fSharedPagingEnabled               false    
02:48:27.101434 /GMM/cAllocatedPages                               0 pages
02:48:27.101443 /GMM/cBalloonedPages                               0 pages
02:48:27.101453 /GMM/cChunks                                       0 count
02:48:27.101466 /GMM/cDuplicatePages                               0 pages
02:48:27.101481 /GMM/cFreedChunks                                  0 count
02:48:27.101494 /GMM/cLeftBehindSharedPages                        0 pages
02:48:27.101507 /GMM/cMaxPages                             4294967295 pages
02:48:27.101522 /GMM/cOverCommittedPages                           0 pages
02:48:27.101536 /GMM/cReservedPages                           530028 pages
02:48:27.101550 /GMM/cShareableModules                             0 count
02:48:27.101564 /GMM/cSharedPages                                  0 pages
02:48:27.101579 /GMM/idFreeGeneration                      4611686018427387775 
02:48:27.101998 /GVMM/EMTs                                         1 count
02:48:27.102011 /GVMM/HostCPUs                                     4 count
02:48:27.102022 /GVMM/HostCpus/0                                   0 
02:48:27.102031 /GVMM/HostCpus/0/CurTimerHz                        0 Hz
02:48:27.102041 /GVMM/HostCpus/0/DesiredHz                         0 Hz
02:48:27.102051 /GVMM/HostCpus/0/PPTChanges                        0 times
02:48:27.102061 /GVMM/HostCpus/0/PPTStarts                         0 times
02:48:27.102070 /GVMM/HostCpus/0/idxCpuSet                         0 
02:48:27.102080 /GVMM/HostCpus/1                                   1 
02:48:27.102089 /GVMM/HostCpus/1/CurTimerHz                        0 Hz
02:48:27.102099 /GVMM/HostCpus/1/DesiredHz                         0 Hz
02:48:27.102109 /GVMM/HostCpus/1/PPTChanges                        0 times
02:48:27.102118 /GVMM/HostCpus/1/PPTStarts                         0 times
02:48:27.102128 /GVMM/HostCpus/1/idxCpuSet                         1 
02:48:27.102137 /GVMM/HostCpus/2                                   2 
02:48:27.102147 /GVMM/HostCpus/2/CurTimerHz                        0 Hz
02:48:27.102157 /GVMM/HostCpus/2/DesiredHz                         0 Hz
02:48:27.102166 /GVMM/HostCpus/2/PPTChanges                        0 times
02:48:27.102176 /GVMM/HostCpus/2/PPTStarts                         0 times
02:48:27.102185 /GVMM/HostCpus/2/idxCpuSet                         2 
02:48:27.102195 /GVMM/HostCpus/3                                   3 
02:48:27.102205 /GVMM/HostCpus/3/CurTimerHz                        0 Hz
02:48:27.102214 /GVMM/HostCpus/3/DesiredHz                         0 Hz
02:48:27.102224 /GVMM/HostCpus/3/PPTChanges                        0 times
02:48:27.102233 /GVMM/HostCpus/3/PPTStarts                         0 times
02:48:27.102243 /GVMM/HostCpus/3/idxCpuSet                         3 
02:48:27.102253 /GVMM/Sum/HaltBlocking                       1914704 calls
02:48:27.102263 /GVMM/Sum/HaltCalls                        480895495 calls
02:48:27.102273 /GVMM/Sum/HaltNotBlocking                  478980791 calls
02:48:27.102282 /GVMM/Sum/HaltTimeouts                       1887949 calls
02:48:27.102292 /GVMM/Sum/HaltWakeUps                              0 calls
02:48:27.102303 /GVMM/Sum/PokeCalls                                0 calls
02:48:27.102313 /GVMM/Sum/PokeNotBusy                              0 calls
02:48:27.102323 /GVMM/Sum/PollCalls                            16424 calls
02:48:27.102333 /GVMM/Sum/PollHalts                                0 calls
02:48:27.102372 /GVMM/Sum/PollWakeUps                              0 calls
02:48:27.102385 /GVMM/Sum/WakeUpCalls                         153925 calls
02:48:27.102395 /GVMM/Sum/WakeUpNotHalted                     126515 calls
02:48:27.102405 /GVMM/Sum/WakeUpWakeUps                            0 calls
02:48:27.102415 /GVMM/VCpus/0/Start                                0 ticks/call (           0 ticks,       0 calls, max         0, min       0)
02:48:27.102426 /GVMM/VCpus/0/Stop                                 0 ticks/call (           0 ticks,       0 calls, max         0, min       0)
02:48:27.102437 /GVMM/VCpus/0/cWakeUpTimerCanceled                 0 times
02:48:27.102447 /GVMM/VCpus/0/cWakeUpTimerHits                     0 times
02:48:27.102456 /GVMM/VCpus/0/cWakeUpTimerMisses                   0 times
02:48:27.102466 /GVMM/VCpus/0/cWakeUpTimerSameCpu                  0 times
02:48:27.102475 /GVMM/VM/HaltBlocking                        1914704 calls
02:48:27.102485 /GVMM/VM/HaltCalls                         480895495 calls
02:48:27.102495 /GVMM/VM/HaltNotBlocking                   478980791 calls
02:48:27.102505 /GVMM/VM/HaltTimeouts                        1887949 calls
02:48:27.102515 /GVMM/VM/HaltWakeUps                               0 calls
02:48:27.102525 /GVMM/VM/PokeCalls                                 0 calls
02:48:27.102535 /GVMM/VM/PokeNotBusy                               0 calls
02:48:27.102545 /GVMM/VM/PollCalls                             16424 calls
02:48:27.102555 /GVMM/VM/PollHalts                                 0 calls
02:48:27.102564 /GVMM/VM/PollWakeUps                               0 calls
02:48:27.102574 /GVMM/VM/WakeUpCalls                          153925 calls
02:48:27.102587 /GVMM/VM/WakeUpNotHalted                      126515 calls
02:48:27.102602 /GVMM/VM/WakeUpWakeUps                             0 calls
02:48:27.102612 /GVMM/VMs                                          1 count
02:48:27.102622 /HGCM/FailedPageListLocking                        0 count
02:48:27.102632 /HGCM/LargeCmdAllocs                               0 count
02:48:27.102642 /HGCM/MsgArrival                                   0 ticks/call (           0 ticks,       0 calls, max         0, min      -1)
02:48:27.102652 /HGCM/MsgCompletion                                0 ticks/call (           0 ticks,       0 calls, max         0, min      -1)
02:48:27.102663 /HGCM/MsgTotal                                     0 ticks/call (           0 ticks,       0 calls, max         0, min      -1)
02:48:27.102675 /IEM/CPU0/Exceptions/0d                            2 times
02:48:27.102686 /IEM/CPU0/Interrupts/03                            2 times
02:48:27.102696 /IEM/CPU0/Interrupts/08                         2801 times
02:48:27.102706 /IEM/CPU0/Interrupts/09                           18 times
02:48:27.102716 /IEM/CPU0/Interrupts/10                          480 times
02:48:27.102725 /IEM/CPU0/Interrupts/13                            9 times
02:48:27.102735 /IEM/CPU0/Interrupts/15                            2 times
02:48:27.102745 /IEM/CPU0/Interrupts/16                          319 times
02:48:27.102755 /IEM/CPU0/Interrupts/19                            2 times
02:48:27.102764 /IEM/CPU0/Interrupts/1a                           28 times
02:48:27.102774 /IEM/CPU0/Interrupts/1c                          320 times
02:48:27.102784 /IEM/CPU0/Interrupts/21                        46844 times
02:48:27.102794 /IEM/CPU0/Interrupts/23                          519 times
02:48:27.102803 /IEM/CPU0/Interrupts/24                          319 times
02:48:27.102813 /IEM/CPU0/Interrupts/25                       313410 times
02:48:27.102822 /IEM/CPU0/Interrupts/26                        11176 times
02:48:27.102844 /IEM/CPU0/Interrupts/28                       137552 times
02:48:27.102853 /IEM/CPU0/Interrupts/30                          301 times
02:48:27.102864 /IEM/CPU0/Interrupts/6d                            2 times
02:48:27.102877 /IEM/CPU0/Interrupts/ec                     10064336 times
02:48:27.102906 /IEM/CPU0/Tlb/Code/InvlPg                          0 
02:48:27.102918 /IEM/CPU0/Tlb/Code/InvlPg/LargeGlobal              0 
02:48:27.102927 /IEM/CPU0/Tlb/Code/InvlPg/LargeNonGlobal           0 
02:48:27.102936 /IEM/CPU0/Tlb/Code/LargePageGlobalCurLoads         0 count
02:48:27.102945 /IEM/CPU0/Tlb/Code/LargePageGlobalFirstTag ffffffffffffffff count
02:48:27.102972 /IEM/CPU0/Tlb/Code/LargePageGlobalLastTag          0 count
02:48:27.102982 /IEM/CPU0/Tlb/Code/LargePageNonGlobalCurLoads         0 count
02:48:27.103005 /IEM/CPU0/Tlb/Code/LargePageNonGlobalFirstTag ffffffffffffffff count
02:48:27.103021 /IEM/CPU0/Tlb/Code/LargePageNonGlobalLastTag         0 count
02:48:27.103041 /IEM/CPU0/Tlb/Code/Misses                          0 count
02:48:27.103058 /IEM/CPU0/Tlb/Code/Misses/GlobalLoads              0 count
02:48:27.103068 /IEM/CPU0/Tlb/Code/PhysicalRevision        fffffffffffce000 
02:48:27.103078 /IEM/CPU0/Tlb/Code/PhysicalRevisionFlushes         0 
02:48:27.103088 /IEM/CPU0/Tlb/Code/PhysicalRevisionRollovers         0 
02:48:27.103097 /IEM/CPU0/Tlb/Code/RevisionGlobal          fffff38000000000 
02:48:27.103107 /IEM/CPU0/Tlb/Code/RevisionGlobalFlushes           0 
02:48:27.103129 /IEM/CPU0/Tlb/Code/RevisionNonGlobal       fffff38000000000 
02:48:27.103138 /IEM/CPU0/Tlb/Code/RevisionNonGlobalFlushes         0 
02:48:27.103147 /IEM/CPU0/Tlb/Code/RevisionRollovers               0 
02:48:27.103156 /IEM/CPU0/Tlb/Code/SlowReads                       0 count
02:48:27.103165 /IEM/CPU0/Tlb/Data/InvlPg                          0 
02:48:27.103174 /IEM/CPU0/Tlb/Data/InvlPg/LargeGlobal              0 
02:48:27.103183 /IEM/CPU0/Tlb/Data/InvlPg/LargeNonGlobal           0 
02:48:27.103192 /IEM/CPU0/Tlb/Data/LargePageGlobalCurLoads         0 count
02:48:27.103201 /IEM/CPU0/Tlb/Data/LargePageGlobalFirstTag ffffffffffffffff count
02:48:27.103210 /IEM/CPU0/Tlb/Data/LargePageGlobalLastTag          0 count
02:48:27.103219 /IEM/CPU0/Tlb/Data/LargePageNonGlobalCurLoads         0 count
02:48:27.103228 /IEM/CPU0/Tlb/Data/LargePageNonGlobalFirstTag ffffffffffffffff count
02:48:27.103237 /IEM/CPU0/Tlb/Data/LargePageNonGlobalLastTag         0 count
02:48:27.103246 /IEM/CPU0/Tlb/Data/Misses                          0 count
02:48:27.103255 /IEM/CPU0/Tlb/Data/Misses/Core                     0 count
02:48:27.103264 /IEM/CPU0/Tlb/Data/Misses/Core/GlobalLoads         0 count
02:48:27.103273 /IEM/CPU0/Tlb/Data/Misses/Safe                     0 count
02:48:27.103282 /IEM/CPU0/Tlb/Data/Misses/Safe/Reads               0 count
02:48:27.103291 /IEM/CPU0/Tlb/Data/Misses/Safe/SubPartHits         0 count
02:48:27.103300 /IEM/CPU0/Tlb/Data/Misses/Safe/SubPartMisses         0 count
02:48:27.103309 /IEM/CPU0/Tlb/Data/Misses/Safe/SubPartMisses/GlobalLoads         0 count
02:48:27.103318 /IEM/CPU0/Tlb/Data/Misses/Safe/Writes              0 count
02:48:27.103326 /IEM/CPU0/Tlb/Data/PhysicalRevision        fffffffffffce000 
02:48:27.103336 /IEM/CPU0/Tlb/Data/PhysicalRevisionFlushes         0 
02:48:27.103344 /IEM/CPU0/Tlb/Data/PhysicalRevisionRollovers         0 
02:48:27.103353 /IEM/CPU0/Tlb/Data/RevisionGlobal          fffff38000000000 
02:48:27.103362 /IEM/CPU0/Tlb/Data/RevisionGlobalFlushes           0 
02:48:27.103371 /IEM/CPU0/Tlb/Data/RevisionNonGlobal       fffff38000000000 
02:48:27.103380 /IEM/CPU0/Tlb/Data/RevisionNonGlobalFlushes         0 
02:48:27.103389 /IEM/CPU0/Tlb/Data/RevisionRollovers               0 
02:48:27.103398 /IEM/CPU0/cInstructions                     69171273 count
02:48:27.103407 /IEM/CPU0/cLongJumps                               0 bytes
02:48:27.103416 /IEM/CPU0/cMisalignedAtomics                       0 bytes
02:48:27.103425 /IEM/CPU0/cPendingCommit                           0 bytes
02:48:27.103434 /IEM/CPU0/cPotentialExits                   32014573 count
02:48:27.103443 /IEM/CPU0/cRetAspectNotImplemented                 0 count
02:48:27.103452 /IEM/CPU0/cRetErrStatuses                          0 count
02:48:27.103462 /IEM/CPU0/cRetInfStatuses                        316 count
02:48:27.103491 /IEM/CPU0/cRetInstrNotImplemented                  0 count
02:48:27.103503 /IOM/MmioMappingsStale                             0 ticks/call
02:48:27.103512 /IOM/MmioTooDeepRecursion                          0 times
02:48:27.103522 /NEM/CPU0/BreakOnCancel                            0 times
02:48:27.103531 /NEM/CPU0/BreakOnFFPost                       150405 times
02:48:27.103540 /NEM/CPU0/BreakOnFFPre                       1828943 times
02:48:27.103549 /NEM/CPU0/BreakOnStatus                      8268391 times
02:48:27.103558 /NEM/CPU0/CancelAlertedEMT                         0 times
02:48:27.103568 /NEM/CPU0/CancelChangedState                       0 times
02:48:27.103577 /NEM/CPU0/ExitCpuId                          4037099 times
02:48:27.103586 /NEM/CPU0/ExitException                            2 times
02:48:27.103595 /NEM/CPU0/ExitExceptionBp                          2 times
02:48:27.103604 /NEM/CPU0/ExitExceptionDb                          0 times
02:48:27.103613 /NEM/CPU0/ExitExceptionGp                          0 times
02:48:27.103622 /NEM/CPU0/ExitExceptionGpMesa                      0 times
02:48:27.103631 /NEM/CPU0/ExitExceptionUd                          0 times
02:48:27.103640 /NEM/CPU0/ExitExceptionUdHandled                   0 times
02:48:27.103673 /NEM/CPU0/ExitHalt                           8268390 times
02:48:27.103700 /NEM/CPU0/ExitInterruptWindow                1477060 times
02:48:27.103710 /NEM/CPU0/ExitMemIntercept                         0 times
02:48:27.103720 /NEM/CPU0/ExitMemUnmapped                   23956812 times
02:48:27.103743 /NEM/CPU0/ExitMsr                                 37 times
02:48:27.103753 /NEM/CPU0/ExitPortIo                        10883645 times
02:48:27.103763 /NEM/CPU0/ExitUnrecoverable                        0 times
02:48:27.103772 /NEM/CPU0/GetMsgTimeout                            0 times
02:48:27.103782 /NEM/CPU0/ImportOnDemand                     1629077 times
02:48:27.103792 /NEM/CPU0/ImportOnReturn                    10195334 times
02:48:27.103802 /NEM/CPU0/ImportOnReturnSkipped                52405 times
02:48:27.103812 /NEM/CPU0/QueryCpuTick                            63 times
02:48:27.103822 /NEM/CPU0/StopCpuPending                           0 times
02:48:27.103831 /NEM/CPU0/StopCpuPendingAlerts                     0 times
02:48:27.103841 /NEM/CPU0/StopCpuPendingOdd                        0 times
02:48:27.103851 /NEM/CPU0/StopCpuSuccess                           0 times
02:48:27.103861 /NEM/PagesCurrentlyMapped                  4294967283 pages
02:48:27.103870 /NEM/PagesMapCalls                                15 pages
02:48:27.103880 /NEM/PagesMapFails                                 0 pages
02:48:27.103890 /NEM/PagesMapGpaRange                        4626123 ticks/call (   115653080 ticks,      25 calls, max 103213394, min   94492)
02:48:27.103901 /NEM/PagesMapGpaRangePage                          0 ticks/call (           0 ticks,       0 calls, max         0, min      -1)
02:48:27.103912 /NEM/PagesUnmapCalls                              28 pages
02:48:27.103922 /NEM/PagesUnmapFails                               0 pages
02:48:27.103932 /NEM/PagesUnmapGpaRange                      1649002 ticks/call (    19788035 ticks,      12 calls, max   9052964, min  116366)
02:48:27.103943 /NEM/PagesUnmapGpaRangePage                    92755 ticks/call (     2597157 ticks,      28 calls, max    284056, min   52866)
02:48:27.103961 /NEM/R0Stats/cPagesAvailable                       0 pages
02:48:27.103972 /NEM/R0Stats/cPagesInUse                           0 pages
02:48:27.103982 /PDM/BlkCache/cbCached                             0 bytes
02:48:27.103992 /PDM/BlkCache/cbCachedFru                          0 bytes
02:48:27.104001 /PDM/BlkCache/cbCachedMruIn                        0 bytes
02:48:27.104011 /PDM/BlkCache/cbCachedMruOut                       0 bytes
02:48:27.104020 /PDM/BlkCache/cbMax                          5242880 bytes
02:48:27.104030 /PDM/CritSects/00-AbortedEnters                    0 times
02:48:27.104060 /PDM/CritSects/00-EntersWhileAborting              0 times
02:48:27.104160 /PDM/CritSects/00-Non-interruptible-Waits-VINF_SUCCESS         0 times
02:48:27.104178 /PDM/CritSects/00-QueuedLeaves                     0 times
02:48:27.104192 /PDM/CritSects/00-VERR_INTERRUPTED                 0 times
02:48:27.104207 /PDM/CritSects/00-VERR_TIMEOUT                     0 times
02:48:27.104220 /PDM/CritSects/8237A#0Auto/ContentionR3            0 times
02:48:27.104234 /PDM/CritSects/8237A#0Auto/ContentionR3Wait         0 ticks/time (           0 ticks,       0 times, max         0, min      -1)
02:48:27.104249 /PDM/CritSects/8237A#0Auto/ContentionRZLock         0 times
02:48:27.104263 /PDM/CritSects/8237A#0Auto/ContentionRZLockBusy         0 times
02:48:27.104276 /PDM/CritSects/8237A#0Auto/ContentionRZUnlock         0 times
02:48:27.104288 /PDM/CritSects/8237A#0Auto/ContentionRZWait         0 ticks/time (           0 ticks,       0 times, max         0, min      -1)
02:48:27.104301 /PDM/CritSects/AC'97/ContentionR3                  0 times
02:48:27.104316 /PDM/CritSects/AC'97/ContentionR3Wait              0 ticks/time (           0 ticks,       0 times, max         0, min      -1)
02:48:27.104330 /PDM/CritSects/AC'97/ContentionRZLock              0 times
02:48:27.104343 /PDM/CritSects/AC'97/ContentionRZLockBusy          0 times
02:48:27.104355 /PDM/CritSects/AC'97/ContentionRZUnlock            0 times
02:48:27.104368 /PDM/CritSects/AC'97/ContentionRZWait              0 ticks/time (           0 ticks,       0 times, max         0, min      -1)
02:48:27.104382 /PDM/CritSects/AHCI#0/ContentionR3                26 times
02:48:27.104394 /PDM/CritSects/AHCI#0/ContentionR3Wait        163234 ticks/time (     4244109 ticks,      26 times, max   2112923, min   31545)
02:48:27.104408 /PDM/CritSects/AHCI#0/ContentionRZLock             0 times
02:48:27.104421 /PDM/CritSects/AHCI#0/ContentionRZLockBusy         0 times
02:48:27.104433 /PDM/CritSects/AHCI#0/ContentionRZUnlock           0 times
02:48:27.104445 /PDM/CritSects/AHCI#0/ContentionRZWait             0 ticks/time (           0 ticks,       0 times, max         0, min      -1)
02:48:27.104459 /PDM/CritSects/ATA#0-Ctl/ContentionR3           2545 times
02:48:27.104472 /PDM/CritSects/ATA#0-Ctl/ContentionR3Wait      82943 ticks/time (   211090941 ticks,    2545 times, max   2617066, min   25204)
02:48:27.104486 /PDM/CritSects/ATA#0-Ctl/ContentionRZLock          0 times
02:48:27.104498 /PDM/CritSects/ATA#0-Ctl/ContentionRZLockBusy         0 times
02:48:27.104511 /PDM/CritSects/ATA#0-Ctl/ContentionRZUnlock         0 times
02:48:27.104523 /PDM/CritSects/ATA#0-Ctl/ContentionRZWait          0 ticks/time (           0 ticks,       0 times, max         0, min      -1)
02:48:27.104537 /PDM/CritSects/ATA#0-Req/ContentionR3              0 times
02:48:27.104549 /PDM/CritSects/ATA#0-Req/ContentionR3Wait          0 ticks/time (           0 ticks,       0 times, max         0, min      -1)
02:48:27.104562 /PDM/CritSects/ATA#0-Req/ContentionRZLock          0 times
02:48:27.104574 /PDM/CritSects/ATA#0-Req/ContentionRZLockBusy         0 times
02:48:27.104587 /PDM/CritSects/ATA#0-Req/ContentionRZUnlock         0 times
02:48:27.104599 /PDM/CritSects/ATA#0-Req/ContentionRZWait          0 ticks/time (           0 ticks,       0 times, max         0, min      -1)
02:48:27.104613 /PDM/CritSects/ATA#1-Ctl/ContentionR3              0 times
02:48:27.104625 /PDM/CritSects/ATA#1-Ctl/ContentionR3Wait          0 ticks/time (           0 ticks,       0 times, max         0, min      -1)
02:48:27.104639 /PDM/CritSects/ATA#1-Ctl/ContentionRZLock          0 times
02:48:27.104651 /PDM/CritSects/ATA#1-Ctl/ContentionRZLockBusy         0 times
02:48:27.104664 /PDM/CritSects/ATA#1-Ctl/ContentionRZUnlock         0 times
02:48:27.104676 /PDM/CritSects/ATA#1-Ctl/ContentionRZWait          0 ticks/time (           0 ticks,       0 times, max         0, min      -1)
02:48:27.104690 /PDM/CritSects/ATA#1-Req/ContentionR3              0 times
02:48:27.104702 /PDM/CritSects/ATA#1-Req/ContentionR3Wait          0 ticks/time (           0 ticks,       0 times, max         0, min      -1)
02:48:27.104743 /PDM/CritSects/ATA#1-Req/ContentionRZLock          0 times
02:48:27.104759 /PDM/CritSects/ATA#1-Req/ContentionRZLockBusy         0 times
02:48:27.104771 /PDM/CritSects/ATA#1-Req/ContentionRZUnlock         0 times
02:48:27.104783 /PDM/CritSects/ATA#1-Req/ContentionRZWait          0 ticks/time (           0 ticks,       0 times, max         0, min      -1)
02:48:27.104797 /PDM/CritSects/E1000#0/ContentionR3             1138 times
02:48:27.104810 /PDM/CritSects/E1000#0/ContentionR3Wait        78330 ticks/time (    89139617 ticks,    1138 times, max    769598, min   23753)
02:48:27.104825 /PDM/CritSects/E1000#0/ContentionRZLock            0 times
02:48:27.104838 /PDM/CritSects/E1000#0/ContentionRZLockBusy         0 times
02:48:27.104851 /PDM/CritSects/E1000#0/ContentionRZUnlock          0 times
02:48:27.104866 /PDM/CritSects/E1000#0/ContentionRZWait            0 ticks/time (           0 ticks,       0 times, max         0, min      -1)
02:48:27.104881 /PDM/CritSects/E1000#0RX/ContentionR3            411 times
02:48:27.104895 /PDM/CritSects/E1000#0RX/ContentionR3Wait      75256 ticks/time (    30930538 ticks,     411 times, max    631682, min   25417)
02:48:27.104911 /PDM/CritSects/E1000#0RX/ContentionRZLock          0 times
02:48:27.104926 /PDM/CritSects/E1000#0RX/ContentionRZLockBusy         0 times
02:48:27.104939 /PDM/CritSects/E1000#0RX/ContentionRZUnlock         0 times
02:48:27.104953 /PDM/CritSects/E1000#0RX/ContentionRZWait          0 ticks/time (           0 ticks,       0 times, max         0, min      -1)
02:48:27.104968 /PDM/CritSects/E1000#0TX/ContentionR3              0 times
02:48:27.104983 /PDM/CritSects/E1000#0TX/ContentionR3Wait          0 ticks/time (           0 ticks,       0 times, max         0, min      -1)
02:48:27.104997 /PDM/CritSects/E1000#0TX/ContentionRZLock          0 times
02:48:27.105011 /PDM/CritSects/E1000#0TX/ContentionRZLockBusy         0 times
02:48:27.105024 /PDM/CritSects/E1000#0TX/ContentionRZUnlock         0 times
02:48:27.105037 /PDM/CritSects/E1000#0TX/ContentionRZWait          0 ticks/time (           0 ticks,       0 times, max         0, min      -1)
02:48:27.105053 /PDM/CritSects/EHCI#0Irq/ContentionR3              0 times
02:48:27.105066 /PDM/CritSects/EHCI#0Irq/ContentionR3Wait          0 ticks/time (           0 ticks,       0 times, max         0, min      -1)
02:48:27.105082 /PDM/CritSects/EHCI#0Irq/ContentionRZLock          0 times
02:48:27.105096 /PDM/CritSects/EHCI#0Irq/ContentionRZLockBusy         0 times
02:48:27.105109 /PDM/CritSects/EHCI#0Irq/ContentionRZUnlock         0 times
02:48:27.105124 /PDM/CritSects/EHCI#0Irq/ContentionRZWait          0 ticks/time (           0 ticks,       0 times, max         0, min      -1)
02:48:27.105143 /PDM/CritSects/GIMDev#0Auto/ContentionR3           0 times
02:48:27.105156 /PDM/CritSects/GIMDev#0Auto/ContentionR3Wait         0 ticks/time (           0 ticks,       0 times, max         0, min      -1)
02:48:27.105166 /PDM/CritSects/GIMDev#0Auto/ContentionRZLock         0 times
02:48:27.105176 /PDM/CritSects/GIMDev#0Auto/ContentionRZLockBusy         0 times
02:48:27.105186 /PDM/CritSects/GIMDev#0Auto/ContentionRZUnlock         0 times
02:48:27.105195 /PDM/CritSects/GIMDev#0Auto/ContentionRZWait         0 ticks/time (           0 ticks,       0 times, max         0, min      -1)
02:48:27.105206 /PDM/CritSects/NOP/ContentionR3                    0 times
02:48:27.105216 /PDM/CritSects/NOP/ContentionR3Wait                0 ticks/time (           0 ticks,       0 times, max         0, min      -1)
02:48:27.105226 /PDM/CritSects/NOP/ContentionRZLock                0 times
02:48:27.105236 /PDM/CritSects/NOP/ContentionRZLockBusy            0 times
02:48:27.105245 /PDM/CritSects/NOP/ContentionRZUnlock              0 times
02:48:27.105255 /PDM/CritSects/NOP/ContentionRZWait                0 ticks/time (           0 ticks,       0 times, max         0, min      -1)
02:48:27.105294 /PDM/CritSects/OHCI#0Irq/ContentionR3              0 times
02:48:27.105306 /PDM/CritSects/OHCI#0Irq/ContentionR3Wait          0 ticks/time (           0 ticks,       0 times, max         0, min      -1)
02:48:27.105317 /PDM/CritSects/OHCI#0Irq/ContentionRZLock          0 times
02:48:27.105327 /PDM/CritSects/OHCI#0Irq/ContentionRZLockBusy         0 times
02:48:27.105336 /PDM/CritSects/OHCI#0Irq/ContentionRZUnlock         0 times
02:48:27.105345 /PDM/CritSects/OHCI#0Irq/ContentionRZWait          0 ticks/time (           0 ticks,       0 times, max         0, min      -1)
02:48:27.105356 /PDM/CritSects/PDM/ContentionR3                   31 times
02:48:27.105366 /PDM/CritSects/PDM/ContentionR3Wait            84770 ticks/time (     2627888 ticks,      31 times, max    176695, min   31535)
02:48:27.105376 /PDM/CritSects/PDM/ContentionRZLock                0 times
02:48:27.105386 /PDM/CritSects/PDM/ContentionRZLockBusy            0 times
02:48:27.105396 /PDM/CritSects/PDM/ContentionRZUnlock              0 times
02:48:27.105405 /PDM/CritSects/PDM/ContentionRZWait                0 ticks/time (           0 ticks,       0 times, max         0, min      -1)
02:48:27.105416 /PDM/CritSects/PGM/ContentionR3               195448 times
02:48:27.105426 /PDM/CritSects/PGM/ContentionR3Wait           134439 ticks/time ( 26276508548 ticks,  195452 times, max  91379158, min   15038)
02:48:27.105437 /PDM/CritSects/PGM/ContentionRZLock                0 times
02:48:27.105447 /PDM/CritSects/PGM/ContentionRZLockBusy            0 times
02:48:27.105456 /PDM/CritSects/PGM/ContentionRZUnlock              0 times
02:48:27.105466 /PDM/CritSects/PGM/ContentionRZWait                0 ticks/time (           0 ticks,       0 times, max         0, min      -1)
02:48:27.105476 /PDM/CritSects/TM VirtualSync Lock/ContentionR3         0 times
02:48:27.105486 /PDM/CritSects/TM VirtualSync Lock/ContentionR3Wait         0 ticks/time (           0 ticks,       0 times, max         0, min      -1)
02:48:27.105497 /PDM/CritSects/TM VirtualSync Lock/ContentionRZLock         0 times
02:48:27.105506 /PDM/CritSects/TM VirtualSync Lock/ContentionRZLockBusy         0 times
02:48:27.105516 /PDM/CritSects/TM VirtualSync Lock/ContentionRZUnlock         0 times
02:48:27.105525 /PDM/CritSects/TM VirtualSync Lock/ContentionRZWait         0 ticks/time (           0 ticks,       0 times, max         0, min      -1)
02:48:27.105536 /PDM/CritSects/TM real queue timer lock/ContentionR3         0 times
02:48:27.105545 /PDM/CritSects/TM real queue timer lock/ContentionR3Wait         0 ticks/time (           0 ticks,       0 times, max         0, min      -1)
02:48:27.105556 /PDM/CritSects/TM real queue timer lock/ContentionRZLock         0 times
02:48:27.105565 /PDM/CritSects/TM real queue timer lock/ContentionRZLockBusy         0 times
02:48:27.105575 /PDM/CritSects/TM real queue timer lock/ContentionRZUnlock         0 times
02:48:27.105584 /PDM/CritSects/TM real queue timer lock/ContentionRZWait         0 ticks/time (           0 ticks,       0 times, max         0, min      -1)
02:48:27.105595 /PDM/CritSects/TM tsc queue timer lock/ContentionR3         0 times
02:48:27.105604 /PDM/CritSects/TM tsc queue timer lock/ContentionR3Wait         0 ticks/time (           0 ticks,       0 times, max         0, min      -1)
02:48:27.105614 /PDM/CritSects/TM tsc queue timer lock/ContentionRZLock         0 times
02:48:27.105624 /PDM/CritSects/TM tsc queue timer lock/ContentionRZLockBusy         0 times
02:48:27.105634 /PDM/CritSects/TM tsc queue timer lock/ContentionRZUnlock         0 times
02:48:27.105643 /PDM/CritSects/TM tsc queue timer lock/ContentionRZWait         0 ticks/time (           0 ticks,       0 times, max         0, min      -1)
02:48:27.105653 /PDM/CritSects/TM virtual queue timer lock/ContentionR3        34 times
02:48:27.105663 /PDM/CritSects/TM virtual queue timer lock/ContentionR3Wait         0 ticks/time (           0 ticks,       0 times, max         0, min      -1)
02:48:27.105673 /PDM/CritSects/TM virtual queue timer lock/ContentionRZLock         0 times
02:48:27.105684 /PDM/CritSects/TM virtual queue timer lock/ContentionRZLockBusy         0 times
02:48:27.105695 /PDM/CritSects/TM virtual queue timer lock/ContentionRZUnlock         0 times
02:48:27.105704 /PDM/CritSects/TM virtual queue timer lock/ContentionRZWait         0 ticks/time (           0 ticks,       0 times, max         0, min      -1)
02:48:27.105715 /PDM/CritSects/TM virtual_sync queue timer lock/ContentionR3         0 times
02:48:27.105725 /PDM/CritSects/TM virtual_sync queue timer lock/ContentionR3Wait         0 ticks/time (           0 ticks,       0 times, max         0, min      -1)
02:48:27.105735 /PDM/CritSects/TM virtual_sync queue timer lock/ContentionRZLock         0 times
02:48:27.105745 /PDM/CritSects/TM virtual_sync queue timer lock/ContentionRZLockBusy         0 times
02:48:27.105754 /PDM/CritSects/TM virtual_sync queue timer lock/ContentionRZUnlock         0 times
02:48:27.105764 /PDM/CritSects/TM virtual_sync queue timer lock/ContentionRZWait         0 ticks/time (           0 ticks,       0 times, max         0, min      -1)
02:48:27.105774 /PDM/CritSects/VGA#0/ContentionR3                119 times
02:48:27.105784 /PDM/CritSects/VGA#0/ContentionR3Wait        9409053 ticks/time (  1119677388 ticks,     119 times, max  25205932, min   68027)
02:48:27.105795 /PDM/CritSects/VGA#0/ContentionRZLock              0 times
02:48:27.105796 /PDM/CritSects/VGA#0/ContentionRZLockBusy          0 times
02:48:27.105796 /PDM/CritSects/VGA#0/ContentionRZUnlock            0 times
02:48:27.105796 /PDM/CritSects/VGA#0/ContentionRZWait              0 ticks/time (           0 ticks,       0 times, max         0, min      -1)
02:48:27.105796 /PDM/CritSects/VGA#0_IRQ/ContentionR3              0 times
02:48:27.105796 /PDM/CritSects/VGA#0_IRQ/ContentionR3Wait          0 ticks/time (           0 ticks,       0 times, max         0, min      -1)
02:48:27.105796 /PDM/CritSects/VGA#0_IRQ/ContentionRZLock          0 times
02:48:27.105796 /PDM/CritSects/VGA#0_IRQ/ContentionRZLockBusy         0 times
02:48:27.105796 /PDM/CritSects/VGA#0_IRQ/ContentionRZUnlock         0 times
02:48:27.105796 /PDM/CritSects/VGA#0_IRQ/ContentionRZWait          0 ticks/time (           0 ticks,       0 times, max         0, min      -1)
02:48:27.105796 /PDM/CritSects/VMMDev#0/ContentionR3               2 times
02:48:27.105796 /PDM/CritSects/VMMDev#0/ContentionR3Wait      116680 ticks/time (      233361 ticks,       2 times, max    181873, min   51488)
02:48:27.105796 /PDM/CritSects/VMMDev#0/ContentionRZLock           0 times
02:48:27.105934 /PDM/CritSects/VMMDev#0/ContentionRZLockBusy         0 times
02:48:27.105943 /PDM/CritSects/VMMDev#0/ContentionRZUnlock         0 times
02:48:27.105953 /PDM/CritSects/VMMDev#0/ContentionRZWait           0 ticks/time (           0 ticks,       0 times, max         0, min      -1)
02:48:27.105963 /PDM/CritSects/acpi#0/ContentionR3                 0 times
02:48:27.105972 /PDM/CritSects/acpi#0/ContentionR3Wait             0 ticks/time (           0 ticks,       0 times, max         0, min      -1)
02:48:27.105983 /PDM/CritSects/acpi#0/ContentionRZLock             0 times
02:48:27.105992 /PDM/CritSects/acpi#0/ContentionRZLockBusy         0 times
02:48:27.106002 /PDM/CritSects/acpi#0/ContentionRZUnlock           0 times
02:48:27.106011 /PDM/CritSects/acpi#0/ContentionRZWait             0 ticks/time (           0 ticks,       0 times, max         0, min      -1)
02:48:27.106021 /PDM/CritSects/mc146818#0Auto/ContentionR3         0 times
02:48:27.106031 /PDM/CritSects/mc146818#0Auto/ContentionR3Wait         0 ticks/time (           0 ticks,       0 times, max         0, min      -1)
02:48:27.106041 /PDM/CritSects/mc146818#0Auto/ContentionRZLock         0 times
02:48:27.106050 /PDM/CritSects/mc146818#0Auto/ContentionRZLockBusy         0 times
02:48:27.106060 /PDM/CritSects/mc146818#0Auto/ContentionRZUnlock         0 times
02:48:27.106069 /PDM/CritSects/mc146818#0Auto/ContentionRZWait         0 ticks/time (           0 ticks,       0 times, max         0, min      -1)
02:48:27.106081 /PDM/CritSects/pcarch#0Auto/ContentionR3           0 times
02:48:27.106092 /PDM/CritSects/pcarch#0Auto/ContentionR3Wait         0 ticks/time (           0 ticks,       0 times, max         0, min      -1)
02:48:27.106102 /PDM/CritSects/pcarch#0Auto/ContentionRZLock         0 times
02:48:27.106112 /PDM/CritSects/pcarch#0Auto/ContentionRZLockBusy         0 times
02:48:27.106122 /PDM/CritSects/pcarch#0Auto/ContentionRZUnlock         0 times
02:48:27.106131 /PDM/CritSects/pcarch#0Auto/ContentionRZWait         0 ticks/time (           0 ticks,       0 times, max         0, min      -1)
02:48:27.106142 /PDM/CritSects/pcbios#0Auto/ContentionR3           0 times
02:48:27.106151 /PDM/CritSects/pcbios#0Auto/ContentionR3Wait         0 ticks/time (           0 ticks,       0 times, max         0, min      -1)
02:48:27.106162 /PDM/CritSects/pcbios#0Auto/ContentionRZLock         0 times
02:48:27.106171 /PDM/CritSects/pcbios#0Auto/ContentionRZLockBusy         0 times
02:48:27.106181 /PDM/CritSects/pcbios#0Auto/ContentionRZUnlock         0 times
02:48:27.106190 /PDM/CritSects/pcbios#0Auto/ContentionRZWait         0 ticks/time (           0 ticks,       0 times, max         0, min      -1)
02:48:27.106200 /PDM/CritSects/pckbd#0Auto/ContentionR3            0 times
02:48:27.106210 /PDM/CritSects/pckbd#0Auto/ContentionR3Wait         0 ticks/time (           0 ticks,       0 times, max         0, min      -1)
02:48:27.106220 /PDM/CritSects/pckbd#0Auto/ContentionRZLock         0 times
02:48:27.106230 /PDM/CritSects/pckbd#0Auto/ContentionRZLockBusy         0 times
02:48:27.106240 /PDM/CritSects/pckbd#0Auto/ContentionRZUnlock         0 times
02:48:27.106249 /PDM/CritSects/pckbd#0Auto/ContentionRZWait         0 ticks/time (           0 ticks,       0 times, max         0, min      -1)
02:48:27.106260 /PDM/CritSects/pit#0/ContentionR3                  0 times
02:48:27.106269 /PDM/CritSects/pit#0/ContentionR3Wait              0 ticks/time (           0 ticks,       0 times, max         0, min      -1)
02:48:27.106280 /PDM/CritSects/pit#0/ContentionRZLock              0 times
02:48:27.106291 /PDM/CritSects/pit#0/ContentionRZLockBusy          0 times
02:48:27.106309 /PDM/CritSects/pit#0/ContentionRZUnlock            0 times
02:48:27.106326 /PDM/CritSects/pit#0/ContentionRZWait              0 ticks/time (           0 ticks,       0 times, max         0, min      -1)
02:48:27.106341 /PDM/CritSects/usb-ehci#0Auto/ContentionR3         0 times
02:48:27.106367 /PDM/CritSects/usb-ehci#0Auto/ContentionR3Wait         0 ticks/time (           0 ticks,       0 times, max         0, min      -1)
02:48:27.106399 /PDM/CritSects/usb-ehci#0Auto/ContentionRZLock         0 times
02:48:27.106429 /PDM/CritSects/usb-ehci#0Auto/ContentionRZLockBusy         0 times
02:48:27.106447 /PDM/CritSects/usb-ehci#0Auto/ContentionRZUnlock         0 times
02:48:27.106459 /PDM/CritSects/usb-ehci#0Auto/ContentionRZWait         0 ticks/time (           0 ticks,       0 times, max         0, min      -1)
02:48:27.106470 /PDM/CritSects/usb-ohci#0Auto/ContentionR3         0 times
02:48:27.106480 /PDM/CritSects/usb-ohci#0Auto/ContentionR3Wait         0 ticks/time (           0 ticks,       0 times, max         0, min      -1)
02:48:27.106490 /PDM/CritSects/usb-ohci#0Auto/ContentionRZLock         0 times
02:48:27.106499 /PDM/CritSects/usb-ohci#0Auto/ContentionRZLockBusy         0 times
02:48:27.106509 /PDM/CritSects/usb-ohci#0Auto/ContentionRZUnlock         0 times
02:48:27.106518 /PDM/CritSects/usb-ohci#0Auto/ContentionRZWait         0 ticks/time (           0 ticks,       0 times, max         0, min      -1)
02:48:27.106529 /PDM/CritSectsRw/00-EnterSharedWhileAborting         0 times
02:48:27.106538 /PDM/CritSectsRw/00-Excl-Non-interruptible-Waits-VINF_SUCCESS         0 times
02:48:27.106548 /PDM/CritSectsRw/00-Excl-VERR_INTERRUPTED          0 times
02:48:27.106557 /PDM/CritSectsRw/00-Excl-VERR_TIMEOUT              0 times
02:48:27.106567 /PDM/CritSectsRw/00-Shared-Non-interruptible-Waits-VINF_SUCCESS         0 times
02:48:27.106577 /PDM/CritSectsRw/00-Shared-VERR_INTERRUPTED         0 times
02:48:27.106588 /PDM/CritSectsRw/00-Shared-VERR_TIMEOUT            0 times
02:48:27.106598 /PDM/CritSectsRw/IOM Lock/ContentionR3EnterExcl         0 times
02:48:27.106607 /PDM/CritSectsRw/IOM Lock/ContentionR3EnterShared         0 times
02:48:27.106617 /PDM/CritSectsRw/IOM Lock/ContentionR3LeaveExcl         0 times
02:48:27.106626 /PDM/CritSectsRw/IOM Lock/ContentionRZEnterExcl         0 times
02:48:27.106636 /PDM/CritSectsRw/IOM Lock/ContentionRZEnterShared         0 times
02:48:27.106645 /PDM/CritSectsRw/IOM Lock/ContentionRZLeaveExcl         0 times
02:48:27.106655 /PDM/CritSectsRw/IOM Lock/ContentionRZLeaveShared         0 times
02:48:27.106664 /PDM/CritSectsRw/IOM Lock/R3EnterExcl            163 times
02:48:27.106674 /PDM/CritSectsRw/IOM Lock/R3EnterShared     13520977 times
02:48:27.106683 /PDM/CritSectsRw/IOM Lock/RZEnterExcl              0 times
02:48:27.106693 /PDM/CritSectsRw/IOM Lock/RZEnterShared            0 times
02:48:27.106702 /PDM/CritSectsRw/TM real queue alloc lock/ContentionR3EnterExcl         0 times
02:48:27.106712 /PDM/CritSectsRw/TM real queue alloc lock/ContentionR3EnterShared         0 times
02:48:27.106721 /PDM/CritSectsRw/TM real queue alloc lock/ContentionR3LeaveExcl         0 times
02:48:27.106731 /PDM/CritSectsRw/TM real queue alloc lock/ContentionRZEnterExcl         0 times
02:48:27.106740 /PDM/CritSectsRw/TM real queue alloc lock/ContentionRZEnterShared         0 times
02:48:27.106750 /PDM/CritSectsRw/TM real queue alloc lock/ContentionRZLeaveExcl         0 times
02:48:27.106759 /PDM/CritSectsRw/TM real queue alloc lock/ContentionRZLeaveShared         0 times
02:48:27.106769 /PDM/CritSectsRw/TM real queue alloc lock/R3EnterExcl         8 times
02:48:27.106778 /PDM/CritSectsRw/TM real queue alloc lock/R3EnterShared        20 times
02:48:27.106787 /PDM/CritSectsRw/TM real queue alloc lock/RZEnterExcl         0 times
02:48:27.106797 /PDM/CritSectsRw/TM real queue alloc lock/RZEnterShared         0 times
02:48:27.106806 /PDM/CritSectsRw/TM tsc queue alloc lock/ContentionR3EnterExcl         0 times
02:48:27.106816 /PDM/CritSectsRw/TM tsc queue alloc lock/ContentionR3EnterShared         0 times
02:48:27.106825 /PDM/CritSectsRw/TM tsc queue alloc lock/ContentionR3LeaveExcl         0 times
02:48:27.106835 /PDM/CritSectsRw/TM tsc queue alloc lock/ContentionRZEnterExcl         0 times
02:48:27.106850 /PDM/CritSectsRw/TM tsc queue alloc lock/ContentionRZEnterShared         0 times
02:48:27.106869 /PDM/CritSectsRw/TM tsc queue alloc lock/ContentionRZLeaveExcl         0 times
02:48:27.106884 /PDM/CritSectsRw/TM tsc queue alloc lock/ContentionRZLeaveShared         0 times
02:48:27.106899 /PDM/CritSectsRw/TM tsc queue alloc lock/R3EnterExcl         0 times
02:48:27.106915 /PDM/CritSectsRw/TM tsc queue alloc lock/R3EnterShared        20 times
02:48:27.106931 /PDM/CritSectsRw/TM tsc queue alloc lock/RZEnterExcl         0 times
02:48:27.106949 /PDM/CritSectsRw/TM tsc queue alloc lock/RZEnterShared         0 times
02:48:27.106970 /PDM/CritSectsRw/TM virtual queue alloc lock/ContentionR3EnterExcl         0 times
02:48:27.106991 /PDM/CritSectsRw/TM virtual queue alloc lock/ContentionR3EnterShared         0 times
02:48:27.107006 /PDM/CritSectsRw/TM virtual queue alloc lock/ContentionR3LeaveExcl         0 times
02:48:27.107025 /PDM/CritSectsRw/TM virtual queue alloc lock/ContentionRZEnterExcl         0 times
02:48:27.107035 /PDM/CritSectsRw/TM virtual queue alloc lock/ContentionRZEnterShared         0 times
02:48:27.107045 /PDM/CritSectsRw/TM virtual queue alloc lock/ContentionRZLeaveExcl         0 times
02:48:27.107055 /PDM/CritSectsRw/TM virtual queue alloc lock/ContentionRZLeaveShared         0 times
02:48:27.107064 /PDM/CritSectsRw/TM virtual queue alloc lock/R3EnterExcl        11 times
02:48:27.107074 /PDM/CritSectsRw/TM virtual queue alloc lock/R3EnterShared        20 times
02:48:27.107084 /PDM/CritSectsRw/TM virtual queue alloc lock/RZEnterExcl         0 times
02:48:27.107093 /PDM/CritSectsRw/TM virtual queue alloc lock/RZEnterShared         0 times
02:48:27.107106 /PDM/CritSectsRw/TM virtual_sync queue alloc lock/ContentionR3EnterExcl         0 times
02:48:27.107126 /PDM/CritSectsRw/TM virtual_sync queue alloc lock/ContentionR3EnterShared         0 times
02:48:27.107142 /PDM/CritSectsRw/TM virtual_sync queue alloc lock/ContentionR3LeaveExcl         0 times
02:48:27.107157 /PDM/CritSectsRw/TM virtual_sync queue alloc lock/ContentionRZEnterExcl         0 times
02:48:27.107172 /PDM/CritSectsRw/TM virtual_sync queue alloc lock/ContentionRZEnterShared         0 times
02:48:27.107191 /PDM/CritSectsRw/TM virtual_sync queue alloc lock/ContentionRZLeaveExcl         0 times
02:48:27.107211 /PDM/CritSectsRw/TM virtual_sync queue alloc lock/ContentionRZLeaveShared         0 times
02:48:27.107229 /PDM/CritSectsRw/TM virtual_sync queue alloc lock/R3EnterExcl         9 times
02:48:27.107246 /PDM/CritSectsRw/TM virtual_sync queue alloc lock/R3EnterShared        20 times
02:48:27.107256 /PDM/CritSectsRw/TM virtual_sync queue alloc lock/RZEnterExcl         0 times
02:48:27.107266 /PDM/CritSectsRw/TM virtual_sync queue alloc lock/RZEnterShared         0 times
02:48:27.107275 /PDM/Queue/DevHlp/AllocFailures                    0 times
02:48:27.107285 /PDM/Queue/DevHlp/Flush                            0 calls
02:48:27.107295 /PDM/Queue/DevHlp/FlushLeftovers                   0 times
02:48:27.107304 /PDM/Queue/DevHlp/Insert                           0 calls
02:48:27.107314 /PDM/Queue/DevHlp/cItems                           8 count
02:48:27.107336 /PDM/Queue/DevHlp/cbItem                          56 bytes
02:48:27.107345 /PDM/Queue/DevHlp/rcOkay                           0 
02:48:27.107354 /PDM/Queue/Keyboard/AllocFailures                  0 times
02:48:27.107363 /PDM/Queue/Keyboard/Flush                          0 calls
02:48:27.107372 /PDM/Queue/Keyboard/FlushLeftovers                 0 times
02:48:27.107381 /PDM/Queue/Keyboard/Insert                      6535 calls
02:48:27.107391 /PDM/Queue/Keyboard/cItems                        64 count
02:48:27.107400 /PDM/Queue/Keyboard/cbItem                        16 bytes
02:48:27.107409 /PDM/Queue/Keyboard/rcOkay                         0 
02:48:27.107418 /PDM/Queue/Mouse/AllocFailures                     0 times
02:48:27.107427 /PDM/Queue/Mouse/Flush                             0 calls
02:48:27.107436 /PDM/Queue/Mouse/FlushLeftovers                    0 times
02:48:27.107445 /PDM/Queue/Mouse/Insert                            1 calls
02:48:27.107454 /PDM/Queue/Mouse/cItems                          128 count
02:48:27.107463 /PDM/Queue/Mouse/cbItem                           32 bytes
02:48:27.107472 /PDM/Queue/Mouse/rcOkay                            0 
02:48:27.107481 /PDM/Queue/Mouse_1/AllocFailures                   0 times
02:48:27.107490 /PDM/Queue/Mouse_1/Flush                           0 calls
02:48:27.107499 /PDM/Queue/Mouse_1/FlushLeftovers                  0 times
02:48:27.107508 /PDM/Queue/Mouse_1/Insert                       9042 calls
02:48:27.107518 /PDM/Queue/Mouse_1/cItems                        128 count
02:48:27.107527 /PDM/Queue/Mouse_1/cbItem                         32 bytes
02:48:27.107536 /PDM/Queue/Mouse_1/rcOkay                          0 
02:48:27.107545 /PDM/Tasks/000-E1000-Xmit-retriggered              0 times
02:48:27.107554 /PDM/Tasks/000-E1000-Xmit-runs                     2 times
02:48:27.107563 /PGM/CPU0/R3/Page/MapTlbMisses                     0 times
02:48:27.107572 /PGM/CPU0/R3/RamRange/TlbLocking                   0 times
02:48:27.107581 /PGM/CPU0/R3/RamRange/TlbMisses                   58 times
02:48:27.107590 /PGM/CPU0/RZ/Page/MapTlbMisses                     0 times
02:48:27.107599 /PGM/CPU0/RZ/RamRange/TlbLocking                   0 times
02:48:27.107608 /PGM/CPU0/RZ/RamRange/TlbMisses                    0 times
02:48:27.107617 /PGM/CPU0/cA20Changes                              2 times
02:48:27.107626 /PGM/CPU0/cGuestModeChanges                      157 times
02:48:27.107636 /PGM/ChunkR3Map/Mapped                             0 count
02:48:27.107646 /PGM/ChunkR3Map/Unmapped                           0 count
02:48:27.107656 /PGM/ChunkR3Map/c                                  0 count
02:48:27.107666 /PGM/ChunkR3Map/cMax                       4294967295 count
02:48:27.107675 /PGM/LargePage/Alloc                               0 ns/call (           0 ns,       0 calls, max         0, min      -1)
02:48:27.107685 /PGM/LargePage/AllocFailed                         0 times
02:48:27.107695 /PGM/LargePage/Overflow                            0 times
02:48:27.107704 /PGM/LargePage/Recheck                             0 times
02:48:27.107713 /PGM/LargePage/Refused                             0 times
02:48:27.107723 /PGM/LargePage/Reused                              0 times
02:48:27.107732 /PGM/LargePage/TlbFlush                            0 times
02:48:27.107741 /PGM/LargePage/ZeroEvict                           0 times
02:48:27.107751 /PGM/Mmio2QueryAndResetDirtyBitmap                 0 ticks/call (           0 ticks,       0 calls, max         0, min      -1)
02:48:27.107761 /PGM/Page/cAllPages                           529969 count
02:48:27.107770 /PGM/Page/cBalloonedPages                          0 count
02:48:27.107779 /PGM/Page/cHandyPages                              0 count
02:48:27.107788 /PGM/Page/cLargePages                              0 count
02:48:27.107797 /PGM/Page/cLargePagesDisabled                      0 count
02:48:27.107806 /PGM/Page/cMonitoredPages                          0 count
02:48:27.107815 /PGM/Page/cPrivatePages                       529899 count
02:48:27.107824 /PGM/Page/cPureMmioPages                          70 count
02:48:27.107833 /PGM/Page/cReadLockedPages                         0 count
02:48:27.107842 /PGM/Page/cReusedSharedPages                       0 count
02:48:27.107851 /PGM/Page/cSharedPages                             0 count
02:48:27.107860 /PGM/Page/cWriteLockedPages                     1801 count
02:48:27.107869 /PGM/Page/cWrittenToPages                          0 count
02:48:27.107878 /PGM/Page/cZeroPages                               0 count
02:48:27.107905 /PGM/PhysHandlerTree/ErrorsAllocatorR3             0 times
02:48:27.107928 /PGM/PhysHandlerTree/ErrorsTree                    0 times
02:48:27.107938 /PGM/PhysHandlerTree/Inserts                      25 times
02:48:27.107947 /PGM/PhysHandlerTree/MaxHandlers                6144 times
02:48:27.107957 /PGM/PhysHandlerTree/RebalancingOperations        11 times
02:48:27.107967 /PGM/PhysHandlerTree/Removals                     12 times
02:48:27.107976 /PGM/Pool/Grow                                     0 ticks/call (           0 ticks,       0 calls, max         0, min      -1)
02:48:27.107987 /PGM/ShMod/Check                                   0 ticks/call (           0 ticks,       0 calls, max         0, min      -1)
02:48:27.107998 /PROF/CPU0/EM/Capped                               0 ticks/call (           0 ticks,       0 calls, max         0, min      -1)
02:48:27.108008 /PROF/CPU0/EM/ForcedActions                 10290912 times
02:48:27.108018 /PROF/CPU0/EM/HMExec                               0 ticks/call (           0 ticks,       0 calls, max         0, min      -1)
02:48:27.108029 /PROF/CPU0/EM/HMExecuteCalled                      0 times
02:48:27.108038 /PROF/CPU0/EM/Halted                         8277751 times
02:48:27.108048 /PROF/CPU0/EM/NEMExec                        1226222 ticks/call (12566010739267 ticks, 10247739 calls, max 401943188, min   62248)
02:48:27.108060 /PROF/CPU0/EM/NEMExecuteCalled               8939414 times
02:48:27.108070 /PROF/CPU0/EM/REMTotal                             2 times
02:48:27.108079 /PROF/CPU0/EM/RecordedExits                 59201489 times
02:48:27.108089 /PROF/CPU0/EM/Total                        1398094110195 ticks/call (27961882203915 ticks,      20 calls, max 16457963000284, min 59792309745)
02:48:27.108101 /PROF/CPU0/VM/Halt/Block                        9284 ns/call (4464872037057 ns, 480895397 calls, max  46047714, min       1)
02:48:27.108126 /PROF/CPU0/VM/Halt/BlockInsomnia                7757 ns/call (3687292804770 ns, 475339852 calls, max  21040980, min       1)
02:48:27.108137 /PROF/CPU0/VM/Halt/BlockOnTime                 36319 ns/call (180075377328 ns, 4958089 calls, max  14718955, min       1)
02:48:27.108147 /PROF/CPU0/VM/Halt/BlockOverslept             296055 ns/call (176880427892 ns,  597456 calls, max  45289678, min   50001)
02:48:27.108158 /PROF/CPU0/VM/Halt/R0HaltBlock                     0 ns/call (           0 ns,       0 calls, max         0, min      -1)
02:48:27.108168 /PROF/CPU0/VM/Halt/R0HaltBlockInsomnia             0 ns/call (           0 ns,       0 calls, max         0, min      -1)
02:48:27.108178 /PROF/CPU0/VM/Halt/R0HaltBlockOnTime               0 ns/call (           0 ns,       0 calls, max         0, min      -1)
02:48:27.108188 /PROF/CPU0/VM/Halt/R0HaltBlockOverslept            0 ns/call (           0 ns,       0 calls, max         0, min      -1)
02:48:27.108197 /PROF/CPU0/VM/Halt/R0HaltExec                      0 times
02:48:27.108207 /PROF/CPU0/VM/Halt/R0HaltExec/FromBlock            0 times
02:48:27.108216 /PROF/CPU0/VM/Halt/R0HaltExec/FromSpin             0 times
02:48:27.108225 /PROF/CPU0/VM/Halt/R0HaltHistoryCounter            0 times
02:48:27.108234 /PROF/CPU0/VM/Halt/R0HaltHistorySucceeded          0 times
02:48:27.108243 /PROF/CPU0/VM/Halt/R0HaltHistoryToRing3            0 times
02:48:27.108252 /PROF/CPU0/VM/Halt/R0HaltToR3                      0 times
02:48:27.108261 /PROF/CPU0/VM/Halt/R0HaltToR3/FromSpin             0 times
02:48:27.108269 /PROF/CPU0/VM/Halt/R0HaltToR3/Other                0 times
02:48:27.108279 /PROF/CPU0/VM/Halt/R0HaltToR3/PendingFF            0 times
02:48:27.108287 /PROF/CPU0/VM/Halt/R0HaltToR3/PostWaitNoInt         0 times
02:48:27.108296 /PROF/CPU0/VM/Halt/R0HaltToR3/PostWaitPendingFF         0 times
02:48:27.108305 /PROF/CPU0/VM/Halt/R0HaltToR3/SmallDelta           0 times
02:48:27.108314 /PROF/CPU0/VM/Halt/Timers                        709 ns/call (621503533178 ns, 875756671 calls, max  22156709, min       2)
02:48:27.108325 /PROF/CPU0/VM/Halt/Yield                       14079 ns/call (   231235595 ns,   16424 calls, max   1095456, min       1)
02:48:27.108335 /Public/NetAdapter/0/BytesReceived         856676651 bytes
02:48:27.108345 /Public/NetAdapter/0/BytesTransmitted        8789926 bytes
02:48:27.108354 /Public/NetAdapter/0/e1000                         0 
02:48:27.108363 /Public/Storage/AHCI0/Port0/BytesWritten     3883008 bytes
02:48:27.108372 /Public/Storage/AHCI0/Port0/QueryBufAttempts         0 count
02:48:27.108381 /Public/Storage/AHCI0/Port0/QueryBufSuccess         0 count
02:48:27.108390 /Public/Storage/AHCI0/Port0/ReqsFlush            187 count
02:48:27.108399 /Public/Storage/AHCI0/Port0/ReqsSubmitted        786 count
02:48:27.108408 /Public/Storage/AHCI0/Port0/ReqsSucceeded        786 count
02:48:27.108417 /Public/Storage/AHCI0/Port0/ReqsWrite            599 count
02:48:27.108426 /Public/Storage/PIIX3IDE0/Port0/BytesRead  3935281152 bytes
02:48:27.108436 /Public/Storage/PIIX3IDE0/Port0/QueryBufAttempts         0 count
02:48:27.108445 /Public/Storage/PIIX3IDE0/Port0/QueryBufSuccess         0 count
02:48:27.108454 /Public/Storage/PIIX3IDE0/Port0/ReqsRead       39963 count
02:48:27.108463 /Public/Storage/PIIX3IDE0/Port0/ReqsSubmitted     39963 count
02:48:27.108472 /Public/Storage/PIIX3IDE0/Port0/ReqsSucceeded     39963 count
02:48:27.108481 /SELM/LoadHidSel/GstReadErrors                     0 times
02:48:27.108490 /SELM/LoadHidSel/NoGoodGuest                       0 times
02:48:27.108500 /TM/CPU/00/cNsExecuting                    1715166611514 ns
02:48:27.108509 /TM/CPU/00/cNsHalted                       5296067000004 ns
02:48:27.108518 /TM/CPU/00/cNsOther                        2946707859366 ns
02:48:27.108528 /TM/CPU/00/cNsTotal                        9957941470884 ns
02:48:27.108537 /TM/CPU/00/cPeriodsExecuting                48909079 count
02:48:27.108546 /TM/CPU/00/cPeriodsHalted                    8246287 count
02:48:27.108556 /TM/CPU/00/pctExecuting                            7 %
02:48:27.108566 /TM/CPU/00/pctHalted                              67 %
02:48:27.108576 /TM/CPU/00/pctOther                               25 %
02:48:27.108585 /TM/CPU/pctExecuting                               7 %
02:48:27.108594 /TM/CPU/pctHalted                                 67 %
02:48:27.108603 /TM/CPU/pctOther                                  25 %
02:48:27.108612 /TM/MaxHzHint                                      0 Hz
02:48:27.108622 /TM/MaxHzHint/real                                 0 Hz
02:48:27.108631 /TM/MaxHzHint/tsc                                  0 Hz
02:48:27.108640 /TM/MaxHzHint/virtual                              0 Hz
02:48:27.108649 /TM/MaxHzHint/virtual_sync                         0 Hz
02:48:27.108658 /TM/PIT/Handler                                    0 ticks/call (           0 ticks,       0 calls, max         0, min      -1)
02:48:27.108668 /TM/PIT/Irq                                        0 times
02:48:27.108677 /TM/R3/1nsSteps                             58949878 times
02:48:27.108687 /TM/TSC/offCPU0                                    0 ticks
02:48:27.108696 /TM/VirtualSync/CurrentOffset                  11285 ns
02:48:27.108706 /TRPM/ForwardRaw/IRQ/21                         2803 times
02:48:27.108715 /TRPM/ForwardRaw/IRQ/23                          223 times
02:48:27.108725 /TRPM/ForwardRaw/IRQ/25                       110271 times
02:48:27.108734 /TRPM/ForwardRaw/IRQ/26                         8506 times
02:48:27.108743 /TRPM/ForwardRaw/IRQ/28                        29699 times
02:48:27.108753 /TRPM/ForwardRaw/IRQ/30                           26 times
02:48:27.108769 /TRPM/ForwardRaw/IRQ/EC                      8787613 times
02:48:27.108780 /TRPM/ForwardRaw/TRAP/08                         582 times
02:48:27.108789 /TRPM/ForwardRaw/TRAP/09                           1 times
02:48:27.108800 /VMM/EmtHashCollisions/Emt00                       0 times
02:48:27.108809 /VMM/LogFlush/00-Flushes                           0 times
02:48:27.108818 /VMM/LogFlush/00-NoWakups                          0 times
02:48:27.108828 /VMM/LogFlush/CPU0/Rel/cbBuf                    4096 bytes
02:48:27.108837 /VUSB/0/cUrbsInPool                                0 count
02:48:27.108846 /VUSB/1/cUrbsInPool                                0 count
02:48:27.108856 ********************* End of statistics **********************
02:48:27.110751 VUSB: Detached 'HidMouse' from port 4294967295 on RootHub#1
02:48:27.120394 E1000#0: Interrupt attempts: 934804
02:48:27.120426 E1000#0: Interrupts raised : 320496
02:48:27.120439 E1000#0: Interrupts lowered: 7086
02:48:27.120449 E1000#0: ICR outside ISR   : 0
02:48:27.120459 E1000#0: IMS raised ints   : 70042
02:48:27.120468 E1000#0: Interrupts skipped: 422696
02:48:27.120478 E1000#0: Masked interrupts : 191612
02:48:27.120488 E1000#0: Early interrupts  : 0
02:48:27.120498 E1000#0: Late interrupts   : 64190
02:48:27.120507 E1000#0: Lost interrupts   : 0
02:48:27.120517 E1000#0: Interrupts by RX  : 576572
02:48:27.120526 E1000#0: Interrupts by TX  : 144639
02:48:27.120536 E1000#0: Interrupts by ICS : 4762
02:48:27.120545 E1000#0: Interrupts by RDTR: 0
02:48:27.120555 E1000#0: Interrupts by RDMT: 0
02:48:27.120564 E1000#0: Interrupts by TXQE: 0
02:48:27.120574 E1000#0: TX int delay asked: 0
02:48:27.120583 E1000#0: TX delayed:         0
02:48:27.120593 E1000#0: TX delay expired:   0
02:48:27.120602 E1000#0: TX no report asked: 144644
02:48:27.120612 E1000#0: TX abs timer expd : 0
02:48:27.120622 E1000#0: TX int timer expd : 0
02:48:27.120631 E1000#0: RX abs timer expd : 0
02:48:27.120641 E1000#0: RX int timer expd : 0
02:48:27.120650 E1000#0: TX CTX descriptors: 144359
02:48:27.120661 E1000#0: TX DAT descriptors: 144644
02:48:27.120670 E1000#0: TX LEG descriptors: 280
02:48:27.120680 E1000#0: Received frames   : 576572
02:48:27.120690 E1000#0: Transmitted frames: 144639
02:48:27.120700 E1000#0: TX frames up to 1514: 144630
02:48:27.120710 E1000#0: TX frames up to 2962: 9
02:48:27.120723 E1000#0: TX frames up to 4410: 0
02:48:27.120736 E1000#0: TX frames up to 5858: 0
02:48:27.120747 E1000#0: TX frames up to 7306: 0
02:48:27.120756 E1000#0: TX frames up to 8754: 0
02:48:27.120766 E1000#0: TX frames up to 16384: 0
02:48:27.120775 E1000#0: TX frames up to 32768: 0
02:48:27.120784 E1000#0: Larger TX frames    : 0
02:48:27.120793 E1000#0: Max TX Delay        : 0
02:48:27.126025 GIM: KVM: Resetting MSRs
02:48:27.127117 NEM: Destroying partition 000001e5345fb240 with its 1 VCpus...
02:48:27.209243 vmmR3LogFlusher: Terminating (VERR_OBJECT_DESTROYED)
02:48:27.210420 Changing the VM state from 'DESTROYING' to 'TERMINATED'
02:48:27.210461 Console: Machine state changed to 'Saved'
02:48:27.308724 GUI: Request for async QApp quit.
02:48:27.349657 GUI: Cannot notify guest about VM window out-of-focus event
02:48:27.375648 GUI: UICommon: Handling aboutToQuit request..
02:48:28.283513 GUI: UICommon: aboutToQuit request handled!
